000306815300040 58,663
000303149900025 44,131
000306815300041 64,119
000303149900026 50,080
000306815300042 82,129
000306815300043 66,174
000303149900024 45,057
000303149900029 71,991
000303149900027 77,398
000303149900028 86,294
000306815300044 64,786
000306815300045 64,543
000303149900036 97,657
000303149900037 60,703
000303149900034 81,277
000303149900035 49,398
000303149900038 83,169
000303149900039 79,810
000303149900032 73,266
000303149900033 58,873
000303149900030 62,418
000303149900031 74,102
000311666200037 48,067
000311666200038 57,555
000311666200039 47,914
000259501300042 70,645
000259501300041 72,645
000259501300040 56,925
000311666200043 45,440
000311666200044 39,378
000311666200045 65,505
000311666200046 75,357
000311666200047 51,808
000311666200048 55,684
000311666200049 52,521
000259501300035 47,947
000259501300034 48,430
000259501300033 49,646
000259501300032 56,799
000259501300031 37,213
000259501300030 54,087
000259501300039 60,673
000259501300038 63,283
000259501300037 59,039
000259501300036 43,986
000311666200040 51,210
000311666200041 51,151
000311666200042 53,553
000303149900040 65,409
000259501300029 47,304
000259501300028 8,656
000259501300027 38,387
000311666200050 58,967
000311666200051 58,967
000306815300030 64,969
000306815300031 66,721
000306815300032 68,997
000189207500041 79,030
000189207500040 46,549
000189207500043 71,566
000189207500042 67,141
000189207500045 68,787
000189207500044 70,566
000306815300037 74,201
000306815300038 70,529
000306815300039 69,538
000306815300033 67,369
000306815300034 67,848
000306815300035 87,653
000306815300036 64,514
000237248600035 87,109
000237248600036 59,421
000250045000049 67,273
000237248600037 66,134
000222089500041 47,942
000250045000048 82,230
000237248600038 73,855
000222089500040 46,354
000237248600031 51,574
000237248600032 63,535
000237248600033 65,317
000237248600034 59,192
000222089500047 43,838
000250045000043 87,321
000364026100039 63,243
000250045000042 79,930
000222089500046 54,013
000250045000041 59,481
000222089500049 49,598
000250045000040 74,454
000222089500048 37,402
000237248600030 76,611
000222089500043 69,130
000250045000047 76,482
000246181400040 39,299
000250045000046 79,531
000222089500042 48,618
000246181400041 51,124
000250045000045 79,669
000222089500045 50,864
000250045000044 65,675
000222089500044 49,931
000246181400034 38,606
000231263900034 37,516
000246181400037 54,340
000246181400038 51,480
000246181400035 8,254
000246181400036 43,700
000231263900039 46,377
000246181400039 37,516
000237248600039 77,258
000231263900036 37,107
000231263900035 43,123
000231263900038 37,794
000231263900037 35,467
000222089500050 40,176
000364026100042 62,345
000250045000039 63,121
000364026100043 58,571
000237248600025 13,130
000250045000038 55,946
000364026100044 78,237
000364026100045 52,906
000250045000037 68,994
000222089500051 53,590
000364026100046 84,240
000364026100047 70,191
000364026100048 77,550
000364026100049 78,405
000250045000036 71,696
000250045000035 69,040
000250045000034 51,171
000246181400050 40,739
000231263900043 69,221
000246181400044 51,667
000231263900042 52,352
000246181400045 46,629
000231263900045 62,584
000246181400042 61,647
000231263900044 70,092
000246181400043 53,786
000246181400048 52,068
000246181400049 63,985
000246181400046 59,887
000231263900041 71,652
000231263900040 46,691
000246181400047 41,299
000237248600028 62,913
000231263900047 64,402
000237248600029 67,561
000231263900046 57,165
000364026100040 56,581
000231263900049 82,331
000231263900048 62,551
000364026100041 64,387
000364026100053 96,216
000364026100054 71,208
000364026100050 67,425
000364026100051 72,064
000364026100052 77,390
000237248600042 78,620
000237248600043 73,341
000237248600044 65,903
000237248600040 62,922
000237248600041 76,248
000349773700001 54,616
000349773700003 57,594
000349773700002 44,479
000186800800043 65,124
000186800800044 59,773
000354040900039 79,853
000354040900038 84,054
000354040900037 53,039
000354040900036 84,070
000354040900035 90,840
000354040900034 73,940
000354040900033 75,056
000354040900032 93,843
000354040900042 95,072
000354040900041 81,946
000354040900040 82,968
000186800800041 63,266
000186800800042 58,245
000186800800040 70,585
000186800800038 56,995
000186800800039 63,096
000186800800036 71,277
000186800800037 62,950
000186800800034 61,118
000186800800035 68,345
000186800800032 57,619
000186800800033 80,904
000231263900054 81,678
000231263900053 60,416
000231263900056 60,288
000231263900055 64,156
000231263900050 58,284
000231263900052 81,522
000231263900051 64,238
000186800800030 55,611
000186800800031 57,446
000231263900058 65,173
000231263900057 60,139
000222089500036 50,628
000222089500035 45,598
000222089500038 48,626
000222089500037 58,020
000222089500031 35,052
000186800800029 65,813
000222089500039 12,792
000167320500040 56,279
000167320500041 71,739
000165870600050 51,755
000165870600051 53,299
000165870600054 52,593
000167320500046 72,470
000167320500047 65,548
000165870600055 55,181
000167320500048 80,087
000165870600052 50,628
000167320500049 67,305
000165870600053 39,560
000167320500042 78,873
000165870600058 48,188
000167320500043 73,295
000165870600059 47,132
000167320500044 79,517
000165870600056 37,330
000167320500045 73,683
000165870600057 49,369
000186683500039 44,174
000186683500042 14,120
000167320500050 72,458
000186683500041 42,432
000167320500051 62,598
000186683500040 50,477
000167320500052 51,804
000186683500046 54,824
000327223500034 55,396
000186683500045 46,665
000327223500033 41,872
000165870600040 7,686
000186683500044 59,484
000186683500043 44,580
000327223500038 51,327
000327223500037 65,043
000167320500058 49,374
000167320500059 34,582
000327223500036 41,524
000327223500035 48,450
000165870600047 31,503
000167320500053 58,422
000165870600048 52,801
000165870600045 36,736
000327223500039 57,202
000165870600046 38,520
000165870600049 60,535
000186683500049 50,347
000186683500048 42,564
000186683500047 41,115
000327223500041 54,670
000186683500053 52,062
000327223500040 58,271
000186683500052 55,174
000186683500051 60,833
000186683500050 50,157
000327223500045 65,572
000186683500057 62,500
000364396700042 67,923
000327223500044 56,494
000364396700043 87,354
000186683500056 48,148
000186683500055 50,578
000364396700040 74,604
000327223500043 68,147
000186683500054 41,888
000364396700041 70,409
000354040900029 66,401
000327223500042 45,288
000354040900028 60,617
000364396700046 75,608
000364396700047 91,573
000364396700044 85,677
000327223500047 44,929
000327223500046 72,072
000364396700045 73,142
000364396700048 63,728
000364396700049 81,103
000354040900031 69,794
000354040900030 66,539
000186683500058 65,037
000364396700050 84,559
000167320500030 21,425
000167320500035 58,023
000167320500036 48,739
000167320500037 61,251
000167320500038 59,927
000167320500031 11,405
000167320500032 15,882
000167320500034 13,144
000167320500039 66,390
000228693300048 62,115
000228693300047 81,630
000221356300041 56,924
000244892900048 81,545
000244892900049 72,248
000221356300040 66,182
000244892900046 69,251
000221356300043 70,836
000221356300042 54,141
000244892900047 76,682
000244892900044 72,934
000298836900037 78,792
000228693300042 61,473
000244892900045 72,854
000298836900036 57,297
000228693300041 79,857
000228693300040 57,731
000244892900042 52,134
000244892900043 75,818
000298836900033 67,426
000228693300046 76,589
000244892900040 66,880
000298836900032 77,373
000228693300045 62,987
000244892900041 69,686
000228693300044 52,615
000298836900035 92,306
000228693300043 61,162
000298836900034 70,692
000298836900031 79,162
000298836900030 74,911
000221356300045 76,172
000221356300044 64,728
000221356300046 62,060
000221356300049 17,418
000228693300039 61,079
000228693300038 61,018
000244892900039 56,733
000228693300037 53,863
000221356300050 13,446
000228693300036 61,085
000244892900038 68,131
000221356300051 15,383
000244892900035 31,249
000244892900036 44,922
000364396700035 72,299
000364396700036 64,574
000364396700034 71,866
000364396700039 66,355
000228693300035 57,996
000228693300034 61,713
000364396700037 53,775
000228693300033 58,269
000228693300032 67,843
000364396700038 65,517
000167320500060 51,460
000167320500061 35,892
000167320500062 43,386
000245950400042 35,378
000245950400041 34,695
000245950400040 44,773
000245950400046 69,948
000245950400045 58,599
000245950400044 71,750
000245950400043 65,384
000245950400049 73,140
000245950400048 84,409
000245950400047 65,397
000221356300027 12,388
000298836900029 66,020
000298836900026 62,436
000298836900025 62,545
000298836900028 75,139
000298836900027 53,158
000298836900024 54,211
000245950400039 32,748
000245950400038 49,855
000245950400037 45,743
000245950400036 44,966
000221356300034 60,101
000221356300033 55,430
000221356300036 58,332
000221356300035 56,324
000221356300038 66,160
000221356300037 63,901
000221356300039 56,806
000244892900050 93,283
000231543300029 10,239
000231543300042 44,736
000231543300041 42,481
000231543300040 49,499
000231543300046 50,018
000231543300045 55,828
000231543300044 40,595
000231543300043 39,632
000231543300049 55,849
000231543300048 41,714
000231543300047 57,249
000231543300035 49,982
000231543300034 65,451
000231543300039 51,237
000231543300038 47,019
000231543300037 43,264
000231543300036 45,023
000224585600050 68,054
000176154700050 60,255
000176154700051 68,049
000176154700047 76,476
000176154700048 68,741
000176154700049 75,081
000176154700043 58,075
000358378900042 68,236
000176154700044 54,360
000358378900041 84,129
000176154700045 49,915
000358378900040 73,034
000176154700046 61,799
000176154700040 54,468
000176154700041 74,590
000176154700042 60,498
000358378900035 103,355
000176154700036 47,729
000358378900034 75,481
000176154700037 53,984
000358378900033 86,210
000176154700038 51,369
000358378900032 58,366
000176154700039 54,430
000358378900031 76,769
000358378900030 86,459
000176154700034 16,360
000176154700035 14,268
000358378900039 62,432
000358378900038 77,174
000358378900037 65,438
000358378900036 74,103
000235333600055 58,867
000235333600054 57,989
000235333600057 80,721
000235333600056 67,797
000235333600051 69,891
000235333600050 73,614
000235333600053 46,920
000235333600052 48,233
000358378900029 61,582
000358378900028 56,642
000238422300039 70,195
000235333600048 78,513
000235333600047 54,105
000238422300034 33,508
000235333600049 68,239
000238422300035 57,171
000235333600044 61,717
000235333600043 60,675
000238422300036 66,576
000238422300037 74,153
000235333600046 61,333
000238422300038 69,100
000235333600045 55,100
000235333600040 76,992
000235333600042 54,197
000235333600041 69,445
000238422300030 35,679
000238422300029 53,950
000224585600035 59,552
000224585600036 59,776
000224585600033 55,781
000224585600034 52,313
000224585600039 62,755
000224585600037 48,668
000224585600038 66,620
000238422300050 74,701
000088942400029 42,403
000224585600046 56,844
000224585600047 67,251
000224585600044 52,987
000088942400028 45,040
000224585600045 51,360
000258754400047 47,897
000258754400048 54,864
000224585600048 67,958
000224585600049 59,870
000088942400022 11,949
000224585600042 68,469
000224585600043 79,716
000224585600040 55,041
000224585600041 68,859
000238422300042 77,975
000238422300043 55,248
000238422300044 56,291
000238422300045 72,596
000238422300046 58,167
000238422300047 70,468
000238422300048 67,870
000238422300049 57,035
000258754400043 59,027
000258754400044 67,557
000258754400045 56,243
000258754400046 59,545
000258754400040 54,461
000238422300040 72,643
000258754400041 45,935
000238422300041 90,420
000258754400042 64,901
000269887900031 46,618
000088942400038 52,202
000088942400039 48,725
000269887900030 49,164
000085136400036 48,645
000258754400036 42,171
000258754400037 77,209
000085136400037 41,456
000172029100041 52,354
000258754400038 58,699
000258754400039 48,455
000172029100040 56,340
000172029100043 72,404
000269887900037 65,774
000088942400032 48,409
000172029100042 60,541
000269887900036 62,619
000088942400033 52,951
000085136400038 51,768
000172029100045 68,819
000269887900039 39,188
000088942400030 43,250
000088942400031 57,329
000172029100044 57,609
000085136400039 51,415
000269887900038 51,791
000172029100047 67,686
000269887900033 45,630
000088942400036 49,307
000172029100046 49,605
000269887900032 42,197
000088942400037 63,370
000088942400034 48,005
000172029100049 71,954
000269887900035 47,599
000269887900034 56,663
000088942400035 52,460
000172029100048 67,098
000185825900032 44,147
000172029100039 57,075
000185825900031 9,660
000185825900030 46,498
000185825900036 70,110
000185825900035 44,968
000185825900034 74,656
000185825900033 46,006
000258754400032 34,511
000169918200035 10,967
000169918200036 56,930
000185825900039 55,504
000258754400033 16,739
000185825900038 36,381
000169918200037 59,747
000258754400034 17,325
000258754400035 44,826
000185825900037 41,224
000169918200038 48,294
000169918200034 22,483
000269887900040 53,277
000085136400043 30,546
000085136400044 62,449
000269887900042 60,899
000085136400041 55,212
000085136400042 47,581
000269887900041 41,263
000349190300038 61,970
000085136400047 40,308
000085136400048 53,297
000349190300039 84,401
000349190300036 84,111
000085136400045 50,494
000349190300037 82,116
000085136400046 41,283
000088942400043 54,239
000245950400053 93,303
000172029100032 15,312
000245950400052 78,795
000172029100034 12,621
000245950400051 77,753
000085136400049 45,432
000088942400041 67,113
000245950400050 80,218
000172029100033 13,927
000088942400042 55,257
000269887900044 61,006
000269887900043 57,521
000172029100035 17,188
000172029100038 54,233
000245950400055 71,780
000172029100037 58,129
000245950400054 92,998
000313871400042 89,588
000313871400041 75,167
000313871400040 64,992
000088942400040 56,582
000349190300043 71,450
000349190300044 79,723
000349190300041 65,206
000349190300042 84,966
000085136400040 59,132
000313871400044 74,113
000349190300040 82,549
000313871400043 63,200
000319947800034 60,873
000319947800035 57,927
000319947800032 60,974
000319947800033 64,582
000319947800038 58,031
000319947800039 72,763
000319947800036 63,947
000319947800037 65,283
000319947800031 42,873
000313871400031 65,024
000313871400030 67,482
000169918200050 80,020
000169918200051 53,674
000169918200052 74,435
000313871400039 63,426
000313871400038 93,105
000313871400037 65,203
000313871400036 94,921
000313871400035 78,209
000313871400034 100,286
000313871400033 69,668
000313871400032 89,423
000319947800045 85,541
000319947800046 79,928
000319947800043 97,122
000319947800044 82,175
000169918200039 55,762
000172029100050 75,434
000172029100052 51,539
000172029100051 53,861
000313871400029 72,301
000172029100053 55,313
000319947800041 73,992
000319947800042 90,118
000319947800040 58,459
000185825900043 58,090
000185825900042 63,642
000169918200040 53,125
000185825900041 54,445
000185825900040 57,920
000169918200041 39,317
000269887900029 10,386
000185825900045 43,815
000185825900044 44,481
000169918200046 56,959
000169918200047 68,253
000169918200048 68,475
000169918200049 73,596
000169918200042 61,627
000169918200043 90,014
000169918200044 57,798
000169918200045 48,622
000309457400070 63,203
000309457400069 58,634
000309457400068 60,769
000309457400065 52,913
000309457400064 57,334
000309457400067 68,071
000309457400066 58,225
000309457400061 65,343
000309457400060 52,891
000309457400063 63,767
000309457400062 54,362
000231116500034 55,463
000231116500035 56,383
000231116500038 57,417
000309457400071 47,117
000231116500039 53,482
000266370500029 58,263
000231116500036 64,206
000231116500037 52,288
000349190300029 37,924
000231116500041 60,056
000231116500042 66,908
000231116500040 63,540
000266370500030 59,847
000266370500031 57,722
000266370500034 55,288
000266370500035 63,164
000266370500032 67,191
000266370500033 63,375
000231116500045 66,254
000349190300034 85,685
000266370500038 84,101
000231116500046 61,983
000349190300035 73,934
000266370500039 71,940
000231116500043 71,781
000349190300032 59,475
000266370500036 78,541
000266370500037 69,432
000231116500044 59,429
000349190300033 64,728
000231116500049 55,324
000349190300030 63,107
000349190300031 52,308
000231116500047 61,170
000231116500048 71,913
000231116500052 48,371
000231116500050 61,695
000231116500051 64,912
000266370500041 84,684
000266370500042 58,464
000266370500040 71,137
000266370500045 96,483
000309457400058 50,234
000309457400057 45,760
000266370500043 44,793
000309457400059 49,254
000266370500044 68,850
000309457400053 51,691
000309457400051 37,990
000187863900035 66,882
000187863900036 55,547
000187863900033 56,958
000187863900034 65,842
000187863900031 55,497
000187863900032 70,579
000187863900030 56,863
000249915400052 60,714
000249915400051 66,971
000249915400050 54,553
000249915400055 48,001
000249915400054 80,005
000249915400053 61,829
000085531600039 36,563
000085531600037 38,490
000085531600038 26,770
000085531600035 32,043
000187863900039 68,509
000085531600036 21,364
000187863900037 71,369
000187863900038 76,761
000085531600042 58,825
000085531600043 47,638
000085531600040 48,899
000085531600041 54,907
000085531600048 51,507
000085531600049 43,343
000187863900028 66,063
000085531600046 43,052
000085531600047 57,906
000187863900029 58,039
000085531600044 43,070
000187863900026 68,869
000085531600045 47,571
000187863900027 49,705
000085531600021 16,950
000249915400041 62,831
000249915400040 17,789
000249915400045 46,838
000249915400044 54,698
000249915400043 51,225
000249915400042 56,028
000249915400049 48,339
000249915400048 51,011
000249915400047 53,555
000249915400046 44,944
000239671300049 13,349
000239671300048 41,683
000239671300044 8,558
000361599900041 39,440
000239671300058 64,581
000239671300059 52,851
000361599900045 75,054
000361599900044 74,967
000361599900043 66,998
000361599900042 66,493
000239671300052 38,871
000239671300053 48,408
000239671300050 50,313
000239671300051 47,008
000239671300056 40,094
000239671300057 46,080
000239671300054 45,942
000239671300055 54,095
000239671300060 53,375
000361599900049 79,700
000361599900048 67,982
000361599900047 72,184
000361599900046 59,031
000361599900052 69,161
000361599900051 64,445
000361599900050 66,740
000361599900056 62,775
000361599900055 84,615
000361599900054 74,485
000361599900053 92,260
000239671300063 55,909
000239671300064 42,169
000239671300061 48,822
000239671300062 48,440
000239671300065 63,716
000185963200048 57,240
000185963200046 59,131
000185963200047 45,826
000185963200044 44,940
000185963200045 60,067
000185963200042 48,225
000185963200043 56,219
000085136400050 50,151
000185963200040 42,302
000185963200041 64,181
000085136400051 44,849
000185963200039 51,385
000185963200037 59,980
000185963200038 40,957
000185963200035 55,559
000185963200036 58,698
000185963200033 60,070
000185963200034 44,833
000185963200031 61,002
000185963200032 10,596
000231395400051 50,134
000231395400050 48,417
000189207500030 58,306
000230449800050 50,538
000189207500036 61,849
000189207500035 43,146
000189207500038 62,255
000189207500037 72,230
000189207500032 56,881
000189207500031 53,681
000189207500034 61,861
000189207500033 64,069
000189207500039 50,000
000271190800053 69,974
000271190800052 79,778
000271190800051 80,719
000236941800050 48,093
000236941800051 41,617
000236941800052 41,558
000236941800053 57,341
000236941800054 39,420
000342721500053 67,575
000342721500052 62,357
000344659900039 53,639
000342721500051 58,758
000342721500050 59,052
000344659900038 55,716
000236941800040 53,736
000236941800041 51,525
000236941800042 48,895
000342721500043 48,547
000236941800043 58,637
000342721500042 65,211
000236941800044 53,104
000342721500041 46,056
000236941800045 44,741
000236941800046 52,201
000342721500040 54,390
000236941800047 48,481
000236941800048 44,181
000236941800049 47,934
000342721500049 52,005
000342721500048 58,691
000342721500047 55,555
000271190800039 33,148
000342721500046 60,229
000271190800038 43,381
000342721500045 73,919
000342721500044 74,044
000271190800050 77,799
000236941800035 42,400
000236941800039 12,161
000271190800049 82,023
000271190800048 89,071
000271190800047 81,665
000271190800046 88,269
000308414000027 34,441
000271190800045 69,324
000308414000028 58,200
000271190800044 60,585
000308414000029 48,606
000271190800043 45,553
000271190800042 42,179
000271190800041 53,994
000271190800040 47,406
000313615900052 75,163
000313615900051 71,453
000308414000030 55,541
000313615900054 89,446
000308414000031 60,785
000308414000032 40,622
000313615900053 69,689
000313615900056 71,695
000308414000033 58,695
000313615900055 86,598
000308414000034 52,786
000313615900058 57,169
000308414000035 61,086
000308414000036 62,885
000313615900057 67,735
000313615900050 60,267
000308414000037 60,060
000308414000038 53,144
000313615900059 85,084
000308414000039 49,610
000308414000040 71,051
000230449800027 10,848
000085531600053 63,513
000085531600054 56,697
000085531600051 56,080
000085531600052 57,481
000085531600050 56,871
000344659900048 59,024
000231395400035 13,412
000231395400034 45,831
000231395400037 55,525
000344659900046 61,148
000344659900047 58,860
000231395400036 51,638
000231395400039 63,534
000230449800034 39,729
000344659900044 53,910
000231395400038 57,791
000344659900045 56,339
000230449800033 19,501
000230449800032 46,797
000344659900042 49,405
000344659900043 53,828
000230449800038 54,587
000344659900040 64,933
000230449800037 58,085
000344659900041 48,862
000230449800036 51,879
000230449800035 51,971
000313615900038 42,073
000230449800039 55,591
000313615900039 37,672
000085531600057 50,621
000085531600055 53,285
000085531600056 57,943
000313615900041 47,233
000313615900040 43,482
000313615900043 68,515
000313615900042 56,841
000313615900045 60,063
000313615900044 69,088
000313615900047 87,048
000231395400040 62,765
000313615900046 68,957
000231395400042 53,181
000231395400041 50,635
000231395400044 40,832
000231395400043 52,248
000230449800041 47,027
000231395400046 49,238
000231395400045 42,145
000230449800040 37,234
000231395400048 40,543
000231395400047 41,905
000230449800045 45,205
000231395400049 58,240
000230449800044 53,157
000230449800043 61,398
000230449800042 55,084
000230449800049 60,904
000230449800048 39,182
000230449800047 48,424
000230449800046 39,316
000313615900049 62,230
000313615900048 70,859
000279056900055 60,943
000279056900056 83,364
000279056900057 77,218
000279056900051 67,765
000279056900052 60,580
000279056900053 96,170
000279056900054 92,254
000279056900050 77,663
000279056900048 56,797
000279056900049 76,005
000279056900044 66,846
000279056900045 66,316
000279056900046 62,787
000279056900047 58,918
000279056900042 62,889
000279056900043 58,486
000242805400034 16,268
000242805400033 14,427
000242805400046 49,676
000242805400045 38,416
000242805400044 49,239
000242805400043 33,429
000242805400049 64,060
000242805400048 61,469
000242805400047 56,661
000242805400042 45,660
000242805400041 44,869
000242805400040 43,424
000242805400057 70,881
000292959600036 14,399
000242805400056 68,260
000242215800039 53,818
000292959600035 51,292
000242805400055 57,363
000242805400054 58,788
000242215800036 53,123
000242215800035 61,541
000242805400059 73,489
000242215800038 47,717
000242805400058 69,852
000242215800037 44,057
000242805400053 69,793
000242805400052 71,990
000242805400051 74,062
000242805400050 81,548
000087620600063 37,495
000087620600064 55,493
000087620600061 39,019
000087620600062 42,444
000087620600060 34,620
000242215800032 44,895
000242215800034 50,191
000242215800033 10,067
000310434500042 69,311
000310434500043 64,073
000310434500044 75,473
000310434500045 86,760
000310434500040 67,516
000310434500041 70,446
000242805400060 63,478
000291647100051 82,185
000291647100050 92,621
000242805400063 8,035
000242805400062 75,552
000242805400061 87,142
000291647100049 63,820
000291647100048 63,163
000291647100047 77,783
000291647100046 70,989
000310434500046 60,251
000310434500031 64,104
000310434500032 53,898
000310434500033 73,416
000310434500034 67,059
000292959600052 36,265
000310434500030 53,557
000292959600051 42,872
000291647100041 58,058
000292959600050 66,614
000291647100040 59,359
000087620600049 68,617
000291647100045 81,439
000087620600047 87,017
000291647100044 59,432
000087620600048 66,403
000291647100043 70,160
000087620600045 56,937
000291647100042 69,603
000087620600046 60,775
000291647100038 64,878
000087620600043 63,307
000087620600044 62,901
000291647100037 53,489
000087620600041 55,621
000291647100036 34,894
000087620600042 56,475
000291647100035 43,114
000087620600040 75,851
000291647100039 60,528
000310434500039 78,013
000310434500035 63,923
000310434500036 76,696
000310434500037 76,476
000292959600049 59,549
000292959600048 56,523
000310434500038 60,611
000292959600047 57,903
000292959600046 77,678
000292959600045 51,147
000292959600044 51,841
000242215800047 49,179
000292959600043 51,805
000242215800046 53,196
000292959600042 43,890
000292959600041 54,298
000292959600040 61,744
000291647100034 39,467
000291647100033 42,934
000087620600059 28,364
000087620600056 56,148
000087620600057 59,843
000087620600054 60,705
000223369800063 11,747
000087620600055 84,868
000223369800064 14,251
000087620600052 77,118
000087620600053 61,700
000087620600050 59,435
000087620600051 59,272
000242215800043 55,743
000310434500029 48,252
000242215800042 54,694
000242215800045 57,233
000242215800044 51,240
000292959600039 51,500
000223369800060 9,283
000242215800041 51,751
000292959600038 53,582
000223369800061 8,046
000292959600037 59,724
000242215800040 54,899
000223369800062 9,807
000223369800053 9,579
000223369800054 6,037
000223369800055 7,898
000223369800056 9,103
000223369800057 10,165
000223369800059 9,895
000222213000042 72,535
000222213000043 67,606
000222213000044 45,536
000222213000045 67,730
000222213000046 65,167
000222213000047 73,354
000223369800041 78,005
000223369800042 73,232
000223369800043 56,085
000223369800044 73,140
000223369800045 61,275
000223369800046 71,715
000222213000040 60,021
000223369800047 84,485
000222213000041 60,192
000223369800048 63,409
000223369800040 80,835
000222213000039 56,241
000222213000031 57,303
000223369800038 62,085
000223369800039 55,234
000222213000032 60,958
000222213000033 58,566
000222213000034 55,056
000222213000035 62,565
000222213000036 71,271
000222213000037 68,016
000176273300060 45,229
000222213000038 52,428
000223369800032 53,258
000223369800033 53,743
000223369800034 70,254
000223369800035 62,734
000223369800036 45,651
000223369800037 60,905
000261039600038 54,685
000261039600039 79,104
000261039600036 73,644
000261039600037 54,608
000261039600034 48,944
000261039600035 62,915
000261039600033 76,118
000261039600049 71,380
000261039600047 66,985
000261039600048 82,165
000261039600045 79,445
000261039600046 73,248
000261039600043 68,153
000261039600044 71,149
000261039600041 70,642
000261039600042 79,123
000261039600040 74,649
000308125800037 37,419
000308125800039 47,982
000308125800038 56,046
000308125800040 42,693
000308125800042 51,944
000308125800041 51,676
000363832100051 87,118
000363832100052 96,284
000363832100050 91,809
000363832100053 78,076
000308125800044 52,385
000308125800043 43,524
000308125800046 52,376
000308125800045 69,765
000308125800048 51,331
000308125800047 58,795
000308125800049 44,795
000308125800051 51,431
000308125800050 58,057
000308125800053 49,351
000308125800052 67,514
000176273300043 12,384
000176273300044 46,718
000176273300041 37,457
000176273300042 35,633
000176273300047 38,600
000176273300048 55,199
000176273300045 37,183
000176273300046 67,154
000176273300049 60,813
000176273300054 47,774
000332309600033 46,913
000176273300055 52,898
000332309600034 53,637
000332309600035 49,117
000176273300052 52,323
000332309600036 67,019
000176273300053 75,133
000176273300058 53,606
000176273300059 44,380
000176273300056 45,914
000176273300057 46,486
000177428000028 13,039
000176273300050 46,636
000332309600037 77,773
000332309600038 54,451
000176273300051 43,384
000332309600039 56,532
000332309600044 53,059
000363832100040 82,032
000177428000031 54,961
000332309600045 57,288
000177428000030 46,603
000363832100041 71,850
000332309600046 65,634
000363832100044 83,411
000332309600040 68,221
000332309600041 64,638
000363832100045 66,145
000363832100042 50,783
000332309600042 63,528
000332309600043 74,121
000363832100043 57,513
000363832100048 85,497
000177428000039 55,506
000363832100049 74,788
000177428000038 73,613
000363832100046 71,910
000177428000037 61,653
000177428000036 76,485
000363832100047 76,859
000177428000035 76,759
000177428000034 57,080
000177428000033 53,742
000177428000032 58,567
000177428000029 11,544
000177428000042 67,729
000177428000041 82,832
000363832100030 19,918
000177428000040 59,268
000176273300030 13,969
000177428000044 74,900
000363832100039 66,384
000177428000043 68,792
000284374700033 48,844
000284374700032 17,178
000284374700031 37,149
000087112600026 13,845
000284374700037 51,722
000284374700036 57,819
000284374700035 49,972
000284374700034 49,532
000284374700039 50,334
000284374700038 49,867
000284374700044 64,736
000284374700043 53,597
000284374700042 42,234
000284374700041 55,283
000284374700046 50,022
000284374700045 53,651
000284374700040 59,840
000251616800036 68,715
000251616800037 60,701
000251616800038 51,358
000251616800039 14,816
000251616800030 12,810
000251616800031 60,719
000251616800032 48,837
000251616800033 51,125
000251616800034 45,848
000251616800035 52,992
000251616800040 71,468
000251616800041 53,323
000251616800042 55,645
000251616800043 55,515
000251616800044 74,865
000251616800045 56,756
000251616800046 52,570
000350770500036 70,597
000350770500037 53,140
000350770500038 67,218
000350770500039 63,194
000350770500030 61,757
000350770500031 72,138
000350770500032 59,779
000350770500033 66,452
000350770500034 79,804
000350770500035 71,855
000295833600051 54,381
000295833600052 51,970
000295833600053 61,239
000295833600054 56,446
000295833600055 60,465
000350770500027 44,975
000350770500028 49,172
000350770500029 66,472
000251616800029 55,385
000087112600053 57,626
000087112600052 57,500
000087112600051 74,033
000087112600050 43,680
000087112600056 55,763
000087112600055 31,766
000295833600050 41,397
000087112600054 54,976
000087112600049 58,997
000087112600048 64,487
000087112600047 44,704
000087112600042 52,402
000087112600041 47,344
000087112600040 46,602
000087112600046 43,793
000087112600045 46,533
000087112600044 59,798
000087112600043 56,371
000087112600039 54,628
000087112600038 60,396
000350770500040 89,328
000350770500041 89,611
000350770500042 79,598
000087112600033 16,703
000289251100040 42,603
000289251100041 15,208
000289251100046 58,091
000169966700043 39,726
000169966700042 44,307
000289251100047 47,078
000289251100048 52,966
000169966700045 45,411
000289251100049 63,143
000169966700044 42,717
000289251100042 52,719
000289251100043 44,329
000289251100044 43,002
000169966700041 39,729
000289251100045 48,216
000169966700040 42,182
000169966700047 43,105
000169966700046 44,435
000169966700049 52,260
000169966700048 57,985
000181065500029 13,062
000289251100050 59,186
000289251100051 41,592
000289251100052 73,110
000181065500032 54,016
000181065500031 44,387
000181065500030 50,777
000289251100057 63,912
000169966700050 76,331
000289251100053 62,470
000289251100054 66,187
000289251100055 46,938
000169966700052 44,951
000169966700051 59,219
000289251100056 51,726
000181065500036 60,977
000181065500035 47,220
000258261000050 48,401
000181065500034 50,587
000181065500033 39,402
000181065500039 67,307
000181065500038 46,345
000181065500037 59,946
000295833600040 46,532
000295833600041 49,604
000295833600042 46,255
000295833600043 55,504
000230120000044 59,471
000295833600044 53,090
000181065500043 61,799
000181065500042 51,839
000230120000045 54,491
000295833600045 48,655
000295833600046 59,084
000181065500041 52,216
000230120000046 48,338
000295833600047 56,966
000230120000047 58,168
000181065500040 49,286
000295833600048 47,781
000295833600049 56,578
000258261000045 49,131
000258261000044 69,989
000258261000047 76,580
000258261000046 51,011
000258261000049 50,544
000258261000048 61,059
000230120000040 49,794
000230120000041 40,885
000230120000042 44,777
000230120000043 53,843
000258261000041 58,362
000258261000040 44,457
000258261000043 61,283
000258261000042 41,350
000230120000037 36,955
000230120000038 66,130
000230120000039 60,863
000230120000033 56,233
000230120000034 71,123
000186802200029 60,081
000230120000035 59,156
000295833600036 51,456
000230120000036 46,910
000295833600037 14,469
000295833600038 56,473
000295833600039 46,428
000186802200030 50,870
000169966700039 39,955
000186802200031 38,429
000258261000036 11,351
000289251100039 30,456
000258261000038 55,256
000169966700036 50,676
000258261000037 84,644
000169966700038 52,384
000169966700037 48,597
000258261000039 37,423
000186802200038 56,049
000186802200039 58,843
000186802200036 37,869
000230120000031 10,760
000230120000032 50,308
000186802200037 46,192
000186802200034 38,351
000186802200035 44,770
000186802200032 12,993
000186802200033 64,746
000222059900029 70,890
000184755900033 43,841
000184755900032 44,484
000184755900035 55,746
000184755900034 51,662
000184755900037 50,884
000184755900036 48,756
000184755900039 42,336
000184755900038 50,353
000186802200041 40,103
000186802200042 50,821
000186802200040 54,150
000184755900031 44,080
000184755900030 61,122
000186802200049 53,492
000176868000013 12,873
000186802200047 47,669
000222059900028 54,722
000186802200048 59,208
000186802200045 64,306
000186802200046 52,349
000186802200043 70,483
000186802200044 47,639
000176868000012 15,245
000184755900029 40,043
000184755900028 7,253
000184755900027 44,915
000222059900040 74,914
000222059900042 72,997
000222059900041 75,004
000222059900043 70,286
000184755900043 38,979
000222059900031 59,212
000222059900030 64,608
000184755900040 62,768
000184755900042 51,935
000184755900041 59,921
000222059900037 76,332
000222059900036 67,241
000222059900039 63,597
000222059900038 65,829
000222059900033 60,803
000222059900032 49,765
000222059900035 79,621
000222059900034 60,610
000178615200047 9,923
000178615200046 52,592
000178615200045 73,335
000178615200044 66,943
000178615200043 73,703
000178615200042 72,118
000275715200051 71,945
000178615200041 71,471
000178615200040 66,915
000275715200050 61,999
000275715200052 38,705
000178615200039 51,814
000176868000039 66,713
000178615200038 80,274
000178615200037 65,256
000178615200036 69,975
000178615200035 70,284
000178615200034 65,649
000178615200033 54,256
000178615200032 57,660
000178615200031 51,388
000176868000040 71,970
000176868000041 69,518
000176868000046 63,349
000176868000047 50,049
000176868000048 62,219
000176868000042 57,821
000176868000043 65,032
000176868000044 55,466
000176868000045 55,918
000275715200037 44,087
000176868000029 17,959
000275715200039 69,244
000275715200038 44,269
000176868000030 10,407
000176868000035 52,660
000176868000036 61,128
000176868000037 59,578
000176868000038 71,836
000176868000031 10,700
000176868000032 8,363
000176868000033 8,363
000176868000034 53,890
000275715200044 61,828
000275715200043 41,324
000275715200046 47,015
000275715200045 40,659
000275715200048 43,869
000275715200047 66,682
000275715200049 57,891
000275715200040 59,602
000275715200042 48,333
000275715200041 68,074
000282986700030 11,684
000324826300048 59,056
000282986700031 17,416
000282986700032 71,928
000324826300049 45,028
000282986700033 44,516
000282986700034 52,265
000282986700035 59,594
000282986700036 51,825
000282986700037 52,492
000282986700038 42,790
000282986700039 60,247
000176868000022 10,411
000282986700040 84,320
000282986700041 70,906
000282986700042 47,892
000282986700043 48,009
000282986700044 55,667
000282986700045 58,052
000282986700046 55,257
000178615200029 12,264
000178615200028 23,562
000165870600039 41,356
000257466900037 62,562
000257466900036 67,379
000257466900035 75,442
000257466900039 78,844
000257466900038 53,550
000257466900040 56,773
000257466900044 66,549
000257466900043 63,711
000257466900042 87,278
000257466900041 56,147
000257466900048 56,121
000257466900047 76,317
000257466900046 68,372
000257466900045 84,920
000257466900049 92,424
000229482300046 59,497
000229482300047 40,275
000229482300048 48,977
000229482300049 49,625
000229482300042 53,166
000229482300043 42,273
000229482300044 55,806
000229482300045 48,095
000314270000062 41,981
000314270000061 58,311
000086049100046 49,528
000086049100047 39,961
000086049100048 56,026
000086049100049 54,102
000086049100042 43,346
000086049100043 49,104
000229482300050 50,030
000086049100044 43,186
000229482300051 47,100
000086049100045 33,705
000229482300052 53,090
000086049100040 56,977
000086049100041 53,888
000229482300036 52,189
000229482300037 14,850
000229482300038 54,088
000314270000059 62,189
000314270000058 49,757
000314270000055 51,984
000314270000054 44,575
000314270000057 46,412
000314270000056 64,676
000314270000051 83,107
000229482300039 60,989
000314270000050 56,694
000314270000053 42,914
000314270000052 49,096
000314270000060 46,507
000086049100053 50,519
000086049100054 62,478
000229482300040 42,501
000229482300041 48,564
000086049100050 53,006
000086049100051 60,442
000086049100052 53,525
000314270000048 52,713
000314270000049 46,070
000280483500036 58,193
000280483500035 56,362
000280483500034 47,120
000280483500033 57,448
000280483500039 54,427
000280483500038 49,166
000280483500037 58,446
000280483500032 50,365
000280483500031 49,146
000280483500030 61,262
000086049100022 12,184
000280483500025 47,280
000280483500029 44,817
000280483500028 57,080
000280483500027 42,204
000280483500026 11,383
000086049100035 37,272
000086049100033 41,051
000086049100034 42,117
000284613700040 49,970
000284613700044 42,585
000284613700043 55,117
000284613700042 66,786
000284613700041 43,250
000087620600038 13,536
000087620600036 9,284
000087620600037 13,781
000087620600035 13,004
000284613700039 68,734
000284613700038 69,077
000284613700033 44,705
000284613700032 47,453
000284613700031 47,195
000284613700030 49,977
000284613700037 52,693
000284613700036 73,165
000284613700035 45,787
000284613700034 47,467
000324597200039 52,105
000324597200037 65,262
000324597200038 52,100
000304406800050 40,974
000324597200035 49,396
000324597200036 43,323
000304406800049 59,823
000324597200048 64,915
000324597200049 58,469
000304406800040 48,306
000324597200046 52,336
000304406800046 47,850
000324597200047 68,167
000304406800045 59,901
000304406800048 58,351
000324597200044 56,566
000304406800047 47,367
000324597200045 56,107
000304406800042 59,342
000324597200042 56,065
000304406800041 60,082
000324597200043 53,895
000324597200040 38,793
000304406800044 45,949
000324597200041 67,096
000304406800043 52,143
000304406800039 55,218
000304406800038 57,614
000304406800035 13,620
000304406800037 53,493
000304406800036 56,824
000252246400032 43,413
000220567900044 62,091
000252246400033 59,740
000220567900043 44,533
000220567900046 63,670
000252246400034 52,770
000220567900045 51,441
000252246400035 42,216
000220567900040 41,070
000252246400036 60,043
000252246400037 48,104
000252246400038 58,431
000220567900042 49,806
000220567900041 42,375
000252246400039 59,803
000235033900049 63,295
000235033900048 78,907
000235033900047 53,172
000235033900046 68,411
000235033900045 53,073
000250585800047 72,727
000235033900044 47,792
000250585800048 84,830
000235033900043 70,758
000250585800049 77,019
000250086100027 42,867
000235033900042 76,489
000235033900041 61,409
000250585800043 82,135
000250585800044 81,602
000250585800045 63,476
000250585800046 84,867
000250585800040 68,677
000250585800041 63,921
000250585800042 73,529
000181834200045 46,001
000181834200046 43,338
000181834200044 9,511
000220567900048 61,874
000220567900047 41,851
000252246400030 40,217
000220567900049 52,951
000252246400031 13,187
000252246400043 49,454
000252246400044 53,022
000252246400045 48,494
000262440900040 77,978
000181834200049 56,494
000220567900050 52,407
000262440900042 84,456
000181834200047 46,386
000262440900041 98,579
000181834200048 40,234
000344631400051 61,128
000262440900044 67,495
000250086100036 51,381
000250086100035 51,597
000344631400050 73,087
000262440900043 74,779
000344631400053 66,547
000250086100034 54,280
000250086100033 50,815
000344631400052 86,508
000344631400055 77,613
000250585800036 71,294
000250585800037 59,340
000250086100039 11,203
000344631400054 73,787
000250585800038 60,551
000250086100038 55,727
000250585800039 62,560
000250086100037 55,248
000250585800033 53,393
000250585800034 57,077
000250585800035 58,470
000250086100032 44,474
000250086100031 60,951
000250086100030 59,397
000181834200056 48,703
000181834200057 45,322
000165050400034 17,190
000181834200054 45,728
000181834200055 52,126
000181834200052 48,326
000252246400040 44,594
000181834200053 58,020
000181834200050 46,728
000252246400041 49,625
000181834200051 58,022
000252246400042 39,285
000262440900031 56,372
000181834200058 54,237
000262440900033 61,818
000250086100047 70,083
000344631400040 61,371
000262440900032 57,443
000175592100050 47,077
000250086100046 49,251
000262440900035 65,484
000344631400042 60,598
000175592100051 75,852
000250086100045 62,812
000262440900034 68,757
000175592100052 53,172
000250086100044 61,064
000344631400041 57,715
000262440900037 85,669
000175592100053 72,836
000344631400044 69,371
000262440900036 49,210
000344631400043 77,393
000344631400046 80,508
000262440900039 74,620
000250086100049 47,866
000175592100055 9,946
000344631400045 68,776
000262440900038 53,057
000175592100056 15,370
000250086100048 61,480
000175592100057 9,113
000344631400048 101,129
000344631400047 84,754
000175592100058 13,256
000175592100059 12,200
000344631400049 49,261
000250086100043 52,830
000250086100042 58,058
000250086100041 50,862
000250086100040 48,365
000179200900036 57,601
000179200900037 51,646
000179200900038 62,333
000179200900039 66,758
000235033900039 72,667
000235033900038 63,683
000235033900037 68,611
000175592100060 11,642
000235033900036 68,543
000175592100061 10,410
000235033900035 51,792
000235033900034 70,344
000235033900033 65,579
000179200900031 16,915
000235033900032 52,984
000179200900032 11,981
000179200900034 13,120
000235033900040 95,710
000250086100050 61,625
000344631400039 69,755
000344631400038 52,322
000250086100051 58,434
000165050400012 18,444
000239667500042 46,289
000239667500043 45,403
000239667500044 55,324
000239667500045 50,037
000239667500046 60,347
000239667500047 59,254
000239667500048 46,267
000221669600045 51,349
000221669600044 11,035
000221669600047 44,390
000221669600046 43,583
000221669600049 42,349
000239667500040 54,355
000221669600048 47,435
000239667500041 46,081
000221669600050 54,433
000221669600052 46,018
000221669600051 64,720
000239667500039 44,502
000239667500032 43,565
000239667500033 15,603
000239667500034 53,676
000239667500035 48,990
000239667500036 57,484
000239667500037 38,922
000239667500038 46,335
000221669600054 43,023
000221669600053 42,454
000221669600056 49,225
000221669600055 43,412
000221669600058 59,502
000221669600057 52,566
000221669600059 43,912
000221669600030 49,008
000250585800050 61,180
000220567900037 45,899
000220567900039 42,972
000220567900038 44,380
000183162900032 16,776
000183162900036 64,305
000183162900035 57,153
000183162900034 58,706
000183162900033 14,666
000183162900039 52,471
000183162900038 73,379
000183162900037 57,008
000183162900043 77,349
000183162900042 57,621
000183162900041 69,923
000183162900040 56,959
000183162900047 73,931
000183162900046 75,096
000183162900045 84,482
000183162900044 57,747
000353338000034 68,673
000353338000035 72,294
000353338000036 49,271
000353338000037 56,394
000353338000038 57,133
000353338000039 72,688
000353338000030 68,199
000353338000031 54,183
000353338000032 55,079
000353338000033 46,502
000353338000026 55,360
000353338000027 44,120
000353338000028 50,808
000353338000029 55,708
000251246100050 66,394
000251246100051 59,926
000251246100052 64,646
000179200900046 63,471
000179200900047 82,750
000179200900048 57,958
000179200900049 48,528
000179200900040 69,396
000179200900041 62,308
000179200900042 69,868
000179200900043 62,646
000179200900044 67,307
000175592100033 20,572
000179200900045 57,913
000175592100034 13,437
000165050400061 78,571
000175592100035 14,433
000165050400062 65,100
000175592100036 13,099
000175592100037 59,999
000165050400060 57,694
000175592100038 58,225
000175592100039 48,808
000165050400063 75,559
000179200900057 44,914
000179200900058 39,497
000179200900059 43,285
000179200900050 73,531
000179200900051 48,096
000175592100040 69,086
000175592100041 64,379
000175592100042 66,486
000175592100043 64,492
000175592100044 67,346
000175592100045 71,988
000175592100046 73,228
000175592100047 72,673
000175592100048 75,397
000175592100049 74,153
000353338000040 50,827
000179200900060 36,070
000179200900061 38,334
000179200900062 36,939
000175592100012 8,213
000175592100013 11,652
000165050400043 35,626
000165050400044 9,485
000165050400047 27,814
000165050400048 58,157
000165050400045 10,971
000165050400046 12,326
000165050400049 69,923
000165050400050 63,060
000175592100024 8,643
000165050400051 74,450
000165050400054 57,751
000165050400055 62,472
000165050400052 63,934
000165050400053 57,191
000165050400058 70,620
000165050400059 76,674
000165050400056 60,558
000165050400057 59,368
000264342300039 53,295
000264342300037 44,168
000264342300038 62,711
000264342300035 47,131
000264342300036 60,310
000264342300033 55,825
000264342300034 53,278
000264342300031 53,803
000264342300032 59,230
000264342300030 57,627
000264342300029 10,143
000168710000047 66,431
000168710000048 51,357
000168710000045 63,344
000168710000046 63,362
000168710000043 83,557
000168710000044 65,026
000168710000041 60,454
000168710000042 62,541
000168710000049 66,194
000221222100052 8,280
000221222100051 54,562
000221222100050 69,074
000254341300032 90,376
000168710000040 66,208
000254341300031 58,671
000254341300030 76,870
000254341300036 75,573
000254341300035 83,494
000254341300034 73,721
000254341300033 62,339
000254341300029 67,990
000168710000036 59,677
000168710000037 63,828
000254341300028 75,394
000254341300027 68,652
000168710000034 8,232
000254341300026 59,795
000168710000032 16,984
000168710000033 11,573
000168710000031 10,739
000168710000038 59,346
000168710000039 59,320
000350304000039 87,343
000350304000038 78,075
000264342300042 51,641
000350304000037 76,560
000350304000036 69,035
000350304000035 68,369
000264342300040 62,152
000350304000034 55,165
000264342300041 69,229
000350304000033 60,052
000350304000032 83,627
000254341300025 60,873
000254341300024 57,887
000254341300023 54,749
000254341300022 51,379
000324826300050 62,646
000168710000063 39,882
000251246100047 49,759
000251246100048 61,355
000324826300059 101,748
000251246100049 46,875
000350304000047 84,475
000350304000046 66,004
000350304000045 82,341
000350304000044 93,672
000350304000043 93,865
000350304000042 83,187
000168710000061 45,366
000324826300053 66,222
000350304000041 85,800
000168710000062 33,946
000251246100040 55,472
000324826300054 74,202
000324826300051 69,701
000350304000040 83,624
000251246100041 48,049
000251246100042 40,127
000168710000060 38,363
000324826300052 74,490
000324826300057 81,174
000251246100043 44,500
000324826300058 64,006
000251246100044 67,654
000324826300055 57,415
000251246100045 42,561
000324826300056 76,908
000251246100046 55,352
000168710000058 58,283
000168710000059 34,871
000168710000056 34,531
000168710000057 39,297
000324826300060 78,539
000168710000055 30,228
000324826300061 75,246
000168710000052 55,579
000168710000053 68,119
000246520300036 41,162
000246520300039 66,828
000251246100036 10,159
000251246100037 58,181
000246520300037 77,132
000251246100038 50,413
000251246100039 44,607
000246520300038 62,256
000168710000050 61,353
000324826300064 78,591
000168710000051 72,754
000324826300062 61,665
000324826300063 95,521
000251246100033 34,556
000251246100034 32,159
000251246100035 30,709
000360628900046 63,349
000167583800043 80,525
000167583800042 79,755
000167583800045 74,392
000167583800044 75,815
000167583800041 51,346
000167583800040 55,315
000246520300042 78,187
000246520300043 74,388
000360628900040 68,415
000246520300040 67,527
000360628900041 64,049
000246520300041 87,000
000246520300046 76,364
000167583800047 66,693
000360628900042 45,544
000167583800046 69,386
000246520300047 68,433
000360628900043 70,091
000246520300044 68,919
000360628900044 65,021
000167583800048 63,029
000246520300045 71,339
000360628900045 81,512
000246520300048 85,716
000246520300049 73,009
000167583800032 54,685
000360628900035 64,955
000360628900036 43,757
000167583800031 14,772
000167583800034 66,845
000360628900037 56,412
000167583800033 61,158
000360628900038 53,391
000360628900039 52,677
000246520300050 60,061
000167583800030 10,313
000167583800039 60,442
000246520300051 60,902
000167583800036 62,064
000167583800035 73,674
000360628900032 42,610
000167583800038 70,599
000360628900033 52,503
000167583800037 69,384
000360628900034 62,175
000167583800021 8,923
000167583800020 3,947
000167583800029 17,110
000167583800028 7,349
000342420800041 70,694
000342420800042 73,573
000342420800040 79,246
000342420800045 76,238
000342420800046 79,548
000342420800043 74,225
000342420800044 98,363
000342420800047 64,073
000342420800048 80,851
000170801200027 13,304
000170801200028 18,052
000167583800012 14,075
000167583800011 9,689
000170801200029 10,640
000170801200030 11,268
000170801200031 59,080
000170801200034 58,427
000170801200035 53,654
000170801200032 56,932
000170801200033 59,594
000170801200038 56,760
000170801200039 69,139
000170801200036 57,463
000170801200037 63,048
000170801200041 76,482
000170801200042 79,981
000170801200040 65,632
000170801200043 77,225
000170801200044 80,297
000342420800034 57,979
000342420800035 57,305
000342420800032 66,025
000342420800033 57,388
000342420800038 91,257
000342420800039 84,630
000342420800036 73,538
000342420800037 70,457
000221222100039 57,870
000221222100038 59,722
000221222100037 52,389
000323652300035 61,177
000221222100036 11,670
000323652300036 49,751
000323652300033 46,059
000323652300034 62,791
000323652300039 54,853
000323652300037 58,465
000323652300038 52,010
000323652300042 51,948
000323652300043 53,626
000323652300040 70,271
000221222100049 55,763
000323652300041 55,680
000221222100048 69,852
000221222100047 66,484
000323652300046 58,272
000221222100046 68,478
000323652300047 64,013
000323652300044 53,931
000221222100045 62,124
000323652300045 63,545
000221222100044 69,297
000221222100043 70,229
000221222100042 64,017
000221222100041 62,473
000221222100040 71,044
000371581400002 67,693
000225887000031 41,264
000225887000032 48,516
000225887000033 68,722
000225887000034 60,532
000257888900049 55,096
000225887000035 58,409
000225887000036 55,925
000225887000037 75,688
000225887000038 72,333
000225887000039 60,200
000257888900040 55,791
000257888900044 54,740
000257888900043 52,581
000257888900042 45,811
000257888900041 47,792
000257888900048 68,449
000257888900047 57,684
000257888900046 57,175
000225887000030 62,316
000257888900045 50,926
000257888900039 10,877
000257888900031 47,405
000231715000040 26,924
000231715000047 40,835
000231715000048 49,136
000231715000045 52,496
000231715000046 46,995
000231715000043 48,505
000231715000044 45,219
000231715000042 58,412
000231715000038 42,402
000231715000039 30,635
000225887000042 71,964
000225887000043 65,349
000225887000044 63,304
000225887000045 77,937
000225887000046 69,434
000225887000047 47,866
000225887000048 67,739
000225887000049 64,363
000231715000036 32,887
000231715000037 43,036
000231715000034 35,020
000231715000035 31,008
000257888900051 59,350
000257888900050 64,615
000231715000028 14,089
000257888900052 58,413
000225887000040 64,603
000225887000041 71,539
000088221100012 8,569
000286385600050 70,674
000286385600052 58,195
000286385600051 77,425
000286385600054 61,306
000286385600053 78,721
000088251900054 65,702
000286385600056 72,382
000286385600055 61,686
000088251900055 74,185
000286385600058 73,727
000088251900052 50,942
000286385600057 85,929
000088251900053 62,522
000088251900050 63,418
000088251900051 78,302
000286385600059 79,562
000183443400040 61,493
000286385600041 48,219
000286385600040 34,795
000286385600043 67,093
000183443400045 59,808
000183443400046 76,492
000286385600042 43,745
000183443400047 64,261
000286385600045 55,093
000286385600044 66,645
000183443400048 70,044
000286385600047 67,675
000183443400041 64,670
000286385600046 78,955
000183443400042 69,745
000286385600049 63,755
000183443400043 75,871
000183443400044 76,276
000286385600048 70,544
000286385600039 38,060
000183443400038 54,488
000183443400039 63,351
000183443400034 53,742
000183443400035 47,872
000183443400036 56,351
000183443400037 55,445
000183443400031 22,980
000286385600038 35,239
000183443400032 12,686
000183443400033 39,935
000088221100055 68,937
000088251900026 5,265
000088221100051 56,998
000088221100052 81,010
000088221100053 84,064
000088221100054 67,232
000088221100050 57,822
000088221100048 65,026
000258591000044 68,489
000088221100049 64,405
000088221100044 58,649
000088221100045 55,762
000088221100046 55,998
000088221100047 75,850
000237957400047 45,505
000237957400048 38,730
000237957400049 48,677
000258591000041 77,833
000237957400043 11,183
000258591000040 90,673
000237957400044 9,666
000258591000043 66,069
000237957400045 41,707
000237957400046 52,247
000258591000042 87,493
000088251900016 5,391
000088221100040 46,353
000088221100041 63,461
000088221100042 70,627
000088221100043 62,511
000088221100037 64,391
000258591000034 60,827
000088221100038 59,203
000258591000033 62,767
000088221100039 69,638
000258591000036 54,737
000258591000035 62,384
000258591000038 60,564
000088221100033 11,778
000258591000037 68,239
000088221100034 13,833
000088221100035 11,630
000258591000039 60,812
000088221100036 44,858
000237957400058 66,877
000237957400059 58,927
000258591000030 60,855
000237957400054 55,583
000237957400055 66,821
000258591000032 54,795
000237957400056 63,269
000258591000031 72,142
000237957400057 63,978
000237957400050 46,241
000237957400051 50,709
000237957400052 49,798
000237957400053 51,646
000088251900049 77,272
000088251900047 67,295
000088251900048 59,664
000088251900045 71,652
000088251900046 59,809
000088251900043 55,589
000088251900044 52,105
000088221100032 22,102
000088251900041 65,156
000088251900042 59,684
000088251900040 53,758
000088221100022 10,401
000088251900038 62,795
000088251900039 62,974
000088251900036 18,232
000088251900037 13,631
000088251900035 12,464
000088221100021 4,161
000302946500038 76,978
000302946500036 69,489
000302946500037 99,314
000302946500034 76,199
000302946500035 78,071
000188753800059 37,099
000302946500032 64,596
000302946500033 59,890
000188753800056 40,040
000302946500030 77,704
000302946500031 84,956
000188753800055 45,661
000188753800058 50,080
000188753800057 52,529
000188753800052 50,250
000188753800051 56,780
000188753800054 45,917
000188753800053 48,717
000188753800050 44,353
000231715000050 43,191
000231715000051 38,494
000231715000056 55,177
000231715000057 50,239
000231715000054 45,788
000231715000055 54,219
000231715000052 48,869
000231715000053 50,328
000188753800063 41,824
000188753800062 54,529
000231715000049 38,219
000188753800061 51,710
000188753800060 47,183
000188753800049 40,692
000188753800048 42,895
000188753800045 39,077
000188753800047 11,721
000188753800046 40,860
000341179800039 50,968
000341179800038 54,905
000341179800037 69,088
000341179800036 51,301
000227622400034 55,413
000227622400035 58,481
000227622400036 50,391
000227622400037 46,283
000227622400038 62,324
000227622400039 54,567
000341179800050 63,434
000302946500029 79,863
000302946500027 56,815
000302946500028 58,280
000341179800049 54,352
000302946500025 65,560
000302946500026 52,748
000302946500023 45,554
000302946500024 73,228
000341179800042 50,767
000341179800041 55,763
000341179800044 55,768
000341179800043 63,783
000341179800046 50,106
000341179800045 54,980
000341179800048 66,542
000341179800047 60,579
000341179800040 57,469
000321291700055 65,749
000321291700054 48,119
000287409100036 82,244
000287409100037 57,018
000287409100034 72,815
000287409100035 77,088
000287409100032 34,306
000287409100033 59,142
000287409100038 60,583
000287409100039 84,535
000287409100040 78,209
000287409100047 72,894
000287409100045 97,985
000287409100046 78,193
000287409100043 61,097
000287409100044 78,085
000287409100041 63,192
000287409100042 98,734
000227622400041 57,820
000227622400042 64,431
000227622400043 47,896
000227622400044 49,344
000227622400045 48,063
000227622400046 54,756
000227622400047 52,232
000227622400048 53,293
000227622400040 13,014
000227622400049 55,857
000227622400052 41,737
000227622400050 49,507
000227622400051 52,319
000173709100041 70,624
000184578800029 24,527
000173709100040 59,388
000238254100041 59,647
000173709100038 66,213
000173709100037 63,908
000238254100042 63,749
000173709100036 50,204
000238254100040 81,873
000298031900048 76,045
000173709100033 14,740
000173709100032 13,047
000173709100031 13,383
000298031900043 75,424
000298031900042 83,394
000298031900041 92,447
000238254100047 73,119
000298031900040 61,444
000238254100048 84,224
000238254100045 52,977
000298031900047 91,062
000238254100046 55,124
000298031900046 75,581
000238254100043 77,371
000298031900045 76,323
000173709100039 73,688
000238254100044 60,671
000298031900044 81,716
000225597200053 70,352
000225597200054 56,752
000225597200051 69,979
000225597200052 70,375
000173709100052 62,925
000225597200050 64,137
000173709100051 58,850
000173709100050 72,821
000173709100049 68,243
000298031900039 89,025
000173709100048 68,171
000173709100047 55,802
000298031900038 85,070
000173709100046 56,929
000298031900037 82,231
000173709100045 59,707
000173709100044 65,617
000173709100043 70,110
000173709100042 55,110
000298031900032 72,491
000238254100038 82,404
000298031900031 60,287
000238254100039 74,417
000238254100036 61,628
000238254100037 54,872
000298031900036 56,412
000238254100034 49,746
000238254100035 47,482
000298031900035 67,236
000298031900034 68,363
000238254100033 46,482
000298031900033 54,129
000229926800048 52,858
000229926800049 49,347
000342164500035 48,459
000342164500034 66,312
000173709100062 10,833
000173709100061 35,487
000342164500033 52,526
000342164500032 43,476
000173709100060 42,377
000342164500039 43,967
000342164500038 44,492
000342164500037 64,360
000342164500036 55,871
000321291700042 54,670
000321291700041 46,762
000173709100059 41,467
000173709100058 42,424
000321291700040 43,863
000173709100057 41,673
000173709100056 43,347
000229926800044 15,120
000229926800045 51,041
000229926800046 56,717
000229926800047 43,998
000342164500042 54,814
000229926800059 59,520
000342164500041 64,167
000342164500040 52,225
000342164500046 58,008
000321291700049 48,128
000342164500045 62,581
000321291700048 72,405
000342164500044 54,750
000342164500043 46,806
000321291700047 66,761
000321291700046 45,258
000342164500049 56,631
000321291700045 42,105
000321291700044 43,465
000342164500048 56,874
000321291700043 42,268
000342164500047 50,096
000321291700053 66,988
000321291700052 65,556
000321291700051 59,574
000321291700050 62,146
000229926800050 48,246
000229926800055 51,974
000229926800056 49,113
000229926800057 48,666
000229926800058 52,153
000229926800051 60,570
000229926800052 67,945
000229926800053 58,444
000229926800054 57,677
000172013800053 53,252
000172013800054 49,668
000357950900032 64,609
000172013800055 57,760
000357950900033 71,999
000357950900034 52,485
000172013800050 45,182
000172013800051 54,683
000172013800052 44,436
000357950900039 78,050
000357950900035 70,781
000232157900038 7,554
000357950900036 65,085
000232157900039 35,363
000357950900037 72,332
000357950900038 63,258
000232157900037 35,869
000357950900042 97,829
000357950900043 85,420
000357950900044 65,678
000357950900045 48,991
000232157900041 37,855
000232157900042 60,779
000357950900040 58,044
000357950900041 86,702
000232157900040 43,342
000232157900045 53,051
000232157900046 59,321
000232157900043 57,633
000232157900044 68,818
000232157900049 66,728
000184578800050 68,180
000357950900046 63,629
000184578800051 67,909
000232157900047 57,330
000232157900048 67,796
000184578800043 63,837
000225597200046 51,368
000225597200047 44,515
000184578800044 65,462
000184578800045 51,869
000225597200044 63,473
000225597200045 62,338
000184578800046 65,134
000225597200042 63,004
000184578800047 70,149
000225597200043 68,154
000184578800048 77,540
000184578800049 70,419
000225597200040 61,986
000225597200041 64,206
000172013800039 52,649
000172013800035 52,683
000172013800036 50,133
000172013800038 44,420
000172013800034 40,852
000173709100013 4,429
000232157900052 72,028
000173709100012 9,186
000232157900053 61,785
000232157900050 61,693
000232157900051 61,621
000232157900056 48,963
000232157900057 73,622
000232157900054 74,243
000232157900055 72,338
000184578800040 65,195
000225597200048 71,452
000184578800041 75,224
000232157900058 65,750
000232157900059 75,838
000225597200049 60,657
000184578800042 66,156
000184578800036 43,303
000184578800037 56,719
000184578800038 53,769
000184578800039 66,340
000173709100030 16,196
000172013800046 68,627
000172013800047 45,399
000172013800048 42,556
000172013800049 63,073
000172013800042 41,124
000232157900060 68,745
000172013800043 33,699
000172013800044 48,246
000172013800045 58,689
000173709100022 6,452
000172013800040 57,299
000173709100021 22,256
000232157900061 8,262
000172013800041 47,389
000225597200039 61,750
000225597200037 45,248
000173709100029 21,112
000225597200038 52,035
000235456900041 35,810
000235456900040 53,526
000235456900043 62,854
000235456900042 53,791
000235456900049 55,344
000235456900048 50,632
000235456900045 38,366
000235456900044 55,348
000235456900047 57,655
000235456900046 54,138
000235456900051 45,652
000235456900050 68,396
000235456900038 51,075
000235456900037 52,387
000235456900039 61,630
000235456900036 8,915
000235456900035 46,289
000234859200038 63,667
000234859200039 71,599
000234859200036 65,325
000234859200037 58,475
000234859200034 56,075
000234859200035 50,398
000337806300038 68,141
000337806300037 47,158
000337806300039 87,499
000298344000070 64,945
000298344000071 48,571
000298344000072 65,918
000298344000073 53,432
000298344000074 58,673
000298344000075 60,166
000337806300049 84,147
000337806300048 78,453
000337806300041 61,070
000337806300040 77,523
000337806300043 75,479
000337806300042 62,296
000337806300045 75,563
000337806300044 83,174
000337806300047 73,142
000337806300046 69,494
000337806300050 79,948
000337806300052 81,313
000337806300051 93,876
000298344000056 13,846
000298344000057 52,399
000336233800039 49,479
000298344000058 63,908
000336233800037 55,754
000298344000059 60,139
000336233800038 52,423
000336233800035 45,698
000336233800036 55,802
000336233800050 53,104
000298344000060 56,098
000298344000061 54,603
000298344000062 62,664
000298344000063 48,577
000298344000064 51,264
000298344000065 62,279
000298344000066 78,448
000298344000067 52,102
000298344000068 59,234
000298344000069 56,005
000336233800048 57,110
000336233800049 54,210
000336233800046 49,621
000336233800047 61,714
000336233800044 52,283
000336233800045 57,232
000336233800042 49,775
000336233800043 47,662
000336233800040 79,746
000336233800041 49,930
000305507500061 70,793
000305507500062 51,777
000234859200049 90,869
000305507500060 53,070
000234859200047 50,864
000234859200048 75,354
000234859200045 76,018
000234859200046 67,440
000234859200043 61,948
000234859200044 69,972
000234859200041 83,411
000234859200042 63,750
000234859200040 59,335
000336233800053 58,648
000336233800051 81,178
000336233800052 79,402
000234859200052 74,927
000234859200050 70,331
000234859200051 63,891
000352027700048 68,419
000352027700047 68,519
000352027700046 61,363
000352027700041 107,051
000352027700040 60,492
000352027700045 79,231
000352027700044 86,351
000352027700043 76,195
000352027700042 94,672
000305507500047 68,544
000305507500048 52,979
000305507500049 53,963
000305507500050 56,634
000305507500051 52,674
000305507500054 50,214
000305507500055 49,669
000305507500052 63,882
000305507500053 57,901
000352027700038 75,743
000352027700037 70,266
000352027700036 57,251
000352027700035 74,766
000352027700039 70,613
000352027700034 67,787
000352027700033 63,254
000305507500058 56,308
000305507500059 61,888
000305507500056 65,957
000305507500057 60,926
000234938500036 61,814
000234938500035 16,504
000234938500038 40,339
000234938500037 46,520
000234938500039 52,101
000234938500034 49,449
000234938500047 58,440
000234938500046 47,104
000234938500049 60,422
000234938500048 51,851
000234938500041 48,267
000234938500040 56,712
000234938500043 37,951
000234938500042 59,390
000234938500045 56,357
000234938500044 56,181
000165180400049 57,841
000165180400047 65,148
000165180400048 79,281
000252084000029 54,874
000165180400041 62,597
000165180400042 62,818
000165180400040 56,832
000165180400045 63,931
000165180400046 73,324
000252084000027 15,003
000165180400043 65,637
000304608000039 63,275
000165180400044 62,865
000304608000038 75,988
000252084000028 13,127
000165180400038 62,222
000165180400039 78,784
000165180400036 59,626
000165180400037 52,487
000165180400030 23,695
000165180400031 11,007
000165180400035 54,861
000165180400032 11,061
000165180400033 11,061
000282572500033 59,117
000282572500032 58,245
000252084000040 46,924
000282572500031 61,913
000252084000041 49,384
000252084000042 32,312
000282572500030 67,806
000304608000051 69,779
000304608000050 92,762
000304608000052 80,254
000282572500037 57,475
000282572500036 58,814
000282572500035 72,410
000282572500034 66,740
000282572500039 67,831
000282572500038 65,695
000282572500040 98,499
000252084000032 54,366
000252084000033 52,492
000176001200039 56,289
000252084000034 45,893
000353334500029 48,832
000252084000035 66,100
000353334500028 45,876
000176001200038 51,854
000282572500044 64,027
000282572500043 88,976
000176001200036 12,731
000282572500042 65,872
000252084000030 46,920
000176001200035 13,730
000282572500041 77,299
000252084000031 55,560
000176001200034 13,853
000304608000040 61,926
000341814900048 52,885
000341814900049 41,207
000341814900046 39,272
000341814900047 43,816
000165180400059 15,112
000304608000044 84,131
000341814900045 45,388
000304608000043 81,762
000304608000042 64,712
000304608000041 67,437
000304608000048 67,672
000176001200033 14,826
000304608000047 64,609
000272559900029 73,594
000165180400053 5,704
000304608000046 59,000
000165180400050 68,575
000304608000045 81,706
000165180400051 54,384
000252084000036 49,115
000165180400056 29,969
000252084000037 59,343
000165180400057 24,840
000252084000038 40,884
000165180400054 30,825
000252084000039 67,955
000304608000049 56,024
000165180400055 34,684
000248598000046 86,609
000248598000047 73,215
000248598000048 60,607
000248598000049 68,588
000176001200049 51,985
000353334500039 73,024
000353334500038 70,737
000176001200048 56,663
000353334500037 73,212
000176001200047 66,587
000353334500036 57,548
000176001200046 55,556
000176001200045 63,186
000353334500035 70,746
000341814900051 76,835
000341814900052 74,679
000341814900050 68,211
000254117400050 79,766
000254117400052 69,967
000254117400051 73,300
000341814900059 66,632
000174348100049 9,178
000249893500050 55,593
000174348100048 8,207
000341814900057 75,495
000341814900058 60,747
000341814900055 70,037
000341814900056 86,876
000341814900053 61,725
000174348100047 9,609
000341814900054 60,472
000174348100046 6,688
000353334500034 64,096
000174348100041 68,601
000176001200044 58,246
000176001200043 68,085
000174348100040 70,022
000353334500033 9,819
000174348100043 62,157
000248598000040 60,481
000176001200042 54,168
000353334500032 43,597
000353334500031 40,059
000248598000041 79,404
000176001200041 57,925
000174348100042 75,854
000353334500030 51,980
000176001200040 68,060
000248598000042 72,475
000248598000043 73,371
000248598000044 76,303
000248598000045 68,894
000353334500049 65,323
000353334500048 95,465
000353334500047 68,715
000353334500046 72,155
000341814900062 88,631
000341814900063 86,002
000341814900060 68,985
000341814900061 43,269
000254117400041 57,370
000254117400040 67,753
000254117400043 65,370
000174348100038 82,264
000174348100037 59,592
000254117400042 71,645
000249893500040 67,989
000254117400045 55,168
000254117400044 84,380
000249893500041 62,200
000174348100039 71,612
000249893500042 48,537
000254117400047 61,606
000174348100034 66,129
000249893500043 65,806
000254117400046 79,017
000174348100033 63,533
000249893500044 79,920
000341814900064 78,251
000254117400049 71,502
000174348100036 64,251
000254117400048 58,570
000249893500045 67,445
000174348100035 62,018
000341814900065 63,300
000353334500045 68,968
000174348100030 77,248
000249893500046 61,076
000248598000050 88,549
000353334500044 65,462
000249893500047 78,604
000353334500043 66,365
000174348100032 54,696
000176001200053 74,978
000249893500048 56,572
000174348100031 81,411
000353334500042 72,201
000249893500049 81,068
000176001200052 73,080
000353334500041 80,579
000176001200051 72,586
000353334500040 65,327
000176001200050 78,885
000174348100019 13,093
000174348100027 16,848
000174348100026 9,867
000174348100029 57,468
000174348100028 79,527
000254117400038 60,188
000254117400037 46,564
000254117400039 80,194
000249893500036 61,099
000249893500037 65,270
000249893500038 73,720
000249893500039 64,856
000353334500050 67,861
000248598000037 70,200
000243407400039 43,287
000248598000038 71,169
000248598000039 69,177
000243407400038 42,821
000243407400037 46,995
000243407400036 16,231
000243407400035 40,978
000174348100012 10,152
000174348100013 8,682
000227503100029 9,050
000243407400049 47,698
000243407400048 61,821
000349958900029 53,472
000243407400047 54,825
000243407400046 46,371
000243407400045 37,327
000243407400044 51,906
000243407400043 55,457
000243407400042 51,285
000243407400041 48,042
000243407400040 50,810
000282898700071 79,182
000282898700072 67,116
000282898700070 91,333
000243407400051 59,515
000243407400050 57,990
000282898700060 56,260
000282898700061 51,285
000349958900040 65,203
000282898700064 75,904
000349958900045 59,593
000282898700065 69,525
000282898700062 71,064
000282898700063 76,935
000349958900041 53,300
000282898700068 89,973
000282898700069 86,257
000349958900042 56,380
000349958900043 41,817
000282898700066 69,301
000282898700067 100,797
000349958900044 59,374
000349958900038 57,214
000349958900039 58,996
000282898700059 55,717
000349958900034 40,777
000174348100051 7,665
000349958900035 53,396
000349958900036 60,131
000349958900037 58,529
000282898700057 57,471
000349958900030 56,266
000282898700058 58,868
000349958900031 58,958
000349958900032 56,054
000174348100050 7,915
000349958900033 55,227
000272559900033 50,469
000272559900032 65,665
000272559900031 59,560
000272559900030 62,382
000272559900037 81,627
000272559900036 72,820
000272559900035 81,428
000272559900034 63,645
000272559900039 93,017
000272559900038 81,610
000272559900040 62,014
000272559900043 79,554
000272559900042 96,861
000272559900041 73,055
000185089200041 64,831
000185089200042 53,801
000185089200040 63,149
000290766600035 60,555
000290766600036 45,014
000290766600033 17,910
000290766600034 50,189
000290766600039 55,131
000290766600037 63,988
000290766600038 54,516
000339651300047 56,772
000339651300046 56,473
000339651300049 66,182
000339651300048 63,508
000339651300041 47,093
000339651300040 49,294
000185089200045 69,712
000339651300043 54,793
000339651300042 41,896
000185089200046 70,263
000185089200043 66,101
000339651300045 55,680
000339651300044 47,028
000185089200044 76,323
000185089200030 68,939
000185089200031 63,929
000290766600042 59,981
000290766600043 53,398
000290766600040 53,581
000290766600041 59,968
000290766600046 62,528
000290766600047 49,339
000290766600044 61,187
000290766600045 48,097
000290766600048 43,451
000339651300036 55,036
000339651300038 52,811
000339651300037 51,777
000339651300039 51,376
000185089200038 58,252
000185089200039 51,696
000185089200036 72,150
000185089200037 63,772
000185089200034 75,482
000185089200035 64,496
000185089200032 58,039
000185089200033 51,327
000180670600047 63,654
000169528500044 65,308
000180670600046 57,816
000169528500045 63,595
000171188700040 16,857
000169528500042 59,401
000180670600045 65,279
000180670600044 66,216
000169528500043 73,536
000169528500048 60,112
000171188700043 17,269
000349771600003 60,401
000169528500049 78,241
000171188700044 67,794
000349771600002 50,823
000169528500046 58,256
000180670600049 73,853
000171188700041 13,555
000169528500047 59,306
000180670600048 62,861
000349771600001 50,444
000171188700042 12,051
000171188700047 58,889
000171188700048 50,439
000171188700045 58,017
000171188700046 54,088
000169528500040 52,989
000180670600043 73,196
000169528500041 54,308
000180670600042 69,300
000180670600041 62,945
000171188700049 55,722
000180670600040 69,112
000171188700050 69,921
000180670600036 52,844
000171188700051 56,954
000180670600035 9,501
000169528500053 50,446
000180670600034 11,637
000169528500054 59,129
000180670600033 9,400
000171188700054 65,906
000171188700055 64,006
000180670600039 65,499
000180670600038 54,986
000171188700052 55,982
000171188700053 43,083
000180670600037 60,543
000171188700058 70,577
000171188700056 55,030
000171188700057 73,350
000169528500051 61,159
000180670600032 10,663
000169528500052 52,950
000180670600031 7,631
000169528500050 68,405
000349821000001 42,650
000171188700032 11,535
000171188700033 6,956
000237418800052 77,329
000237418800051 102,757
000237418800050 57,208
000237418800049 58,382
000237418800048 74,277
000237418800047 70,926
000237418800042 68,357
000237418800041 56,569
000237418800040 58,694
000237418800046 73,556
000237418800045 69,371
000237418800044 66,982
000237418800043 72,692
000307535600046 47,200
000307535600045 49,000
000307535600048 58,433
000307535600047 75,223
000237418800039 63,196
000237418800038 74,330
000237418800037 65,697
000307535600040 65,166
000237418800036 80,724
000307535600042 59,362
000307535600041 55,447
000307535600044 74,675
000307535600043 65,742
000237418800034 14,438
000171188700012 9,621
000171188700013 11,539
000271951000049 53,309
000307535600035 7,384
000307535600037 50,292
000271951000047 64,380
000271951000048 62,657
000307535600036 65,592
000307535600039 51,084
000271951000045 43,213
000307535600038 52,755
000271951000046 51,644
000271951000043 62,203
000271951000044 45,391
000271951000041 58,005
000271951000042 66,938
000271951000040 57,121
000183774900037 44,749
000183774900036 52,636
000183774900035 15,364
000183774900034 10,399
000183774900039 58,547
000183774900038 60,812
000271951000038 53,785
000183774900040 48,174
000169528500033 16,638
000271951000039 56,984
000169528500034 6,675
000271951000036 47,904
000271951000037 41,670
000169528500037 10,830
000183774900044 48,226
000271951000034 51,370
000183774900043 39,176
000169528500038 53,417
000271951000035 60,331
000183774900042 47,279
000271951000032 12,310
000169528500035 15,568
000271951000033 50,003
000183774900041 47,540
000169528500036 15,792
000271951000030 33,807
000271951000031 13,124
000169528500039 58,913
000183774900048 42,368
000183774900047 53,085
000183774900046 47,086
000183774900045 63,939
000183774900049 55,202
000177555600041 54,266
000177555600040 76,313
000177555600043 63,405
000177555600042 60,773
000342663100040 82,434
000342663100041 82,309
000342663100042 79,130
000342663100043 73,509
000342663100044 74,675
000342663100045 90,246
000342663100046 64,996
000342663100047 87,270
000167194300032 15,672
000342663100048 91,936
000167194300033 19,605
000167194300036 52,364
000167194300037 71,458
000227503100036 54,305
000167194300035 29,052
000227503100035 12,600
000227503100038 52,153
000227503100037 65,924
000167194300038 73,387
000227503100039 57,654
000167194300039 55,616
000227503100041 76,268
000227503100040 46,057
000227503100043 51,451
000227503100042 45,189
000359415100030 56,891
000359415100031 49,525
000359415100032 57,079
000342663100032 72,411
000359415100037 64,067
000359415100038 61,811
000167194300040 52,392
000342663100033 72,069
000359415100039 49,915
000342663100034 59,107
000342663100035 73,452
000342663100036 78,317
000359415100033 58,222
000167194300043 60,598
000342663100037 54,876
000359415100034 59,157
000167194300044 62,523
000342663100038 63,081
000167194300041 55,334
000359415100035 64,695
000167194300042 68,558
000342663100039 67,153
000359415100036 66,633
000167194300047 76,279
000227503100045 39,606
000167194300048 78,540
000227503100044 47,074
000227503100047 47,651
000167194300045 61,576
000227503100046 54,672
000167194300046 73,531
000227503100049 68,971
000227503100048 67,720
000318268900055 52,705
000167194300049 77,658
000318268900054 45,675
000227503100050 49,983
000167194300050 71,246
000167194300051 61,066
000359415100027 55,421
000359415100028 74,329
000359415100029 53,191
000167194300054 64,655
000167194300055 74,766
000167194300052 84,877
000167194300053 77,837
000085628200028 49,190
000085628200027 37,260
000085628200029 64,430
000085628200031 44,842
000085628200030 50,712
000085628200033 41,842
000085628200032 59,273
000085628200035 57,194
000085628200034 54,196
000085628200020 7,975
000318268900053 45,894
000318268900052 64,921
000318268900051 65,338
000318268900050 67,423
000318268900049 55,290
000177555600027 20,000
000318268900048 52,884
000318268900047 64,305
000318268900046 62,503
000177555600029 58,818
000318268900045 52,930
000177555600028 17,477
000318268900044 42,393
000318268900043 55,737
000318268900042 58,948
000318268900041 47,205
000177555600030 52,292
000318268900040 39,513
000177555600032 54,827
000177555600031 52,750
000177555600034 67,133
000177555600033 66,213
000085628200037 74,128
000085628200036 57,486
000085628200039 61,934
000085628200038 35,632
000085628200040 38,276
000085628200042 51,427
000085628200041 57,249
000177555600036 61,302
000318268900039 43,625
000177555600035 68,340
000177555600038 54,413
000177555600037 67,920
000177555600039 59,119
000186660800053 34,194
000186660800054 41,102
000186660800055 43,288
000186660800056 45,268
000186660800057 42,909
000186660800040 52,699
000186660800041 78,001
000186660800042 59,073
000186660800047 66,389
000186660800048 65,626
000186660800049 69,894
000186660800043 82,931
000186660800044 63,744
000186660800045 55,211
000186660800046 54,319
000316650500047 77,416
000316650500046 74,532
000316650500045 85,369
000316650500044 62,045
000316650500043 86,683
000316650500042 78,719
000316650500041 64,395
000316650500040 74,448
000307761600043 72,634
000307761600042 75,683
000316650500048 82,896
000307761600041 72,597
000307761600040 72,852
000307761600039 74,317
000307761600036 77,131
000307761600035 46,950
000307761600038 100,040
000307761600037 68,910
000307761600032 64,287
000307761600031 65,626
000307761600034 72,873
000307761600033 79,302
000307761600030 58,737
000332728500039 49,736
000307761600029 61,098
000332728500036 49,886
000307761600028 51,681
000332728500035 55,057
000332728500038 62,824
000332728500037 49,931
000332728500032 66,441
000332728500031 45,010
000332728500034 68,546
000332728500033 51,264
000332728500030 74,587
000316650500036 62,542
000316650500035 70,050
000316650500034 63,865
000316650500039 60,279
000316650500038 87,715
000332728500040 61,389
000316650500037 55,742
000332728500029 64,178
000263064700035 61,340
000263064700036 65,649
000263064700033 58,605
000263064700034 66,110
000263064700039 72,646
000263064700037 59,422
000263064700038 70,131
000263064700032 74,976
000263064700046 68,026
000263064700044 78,392
000263064700045 65,044
000263064700042 70,118
000263064700043 77,084
000263064700040 77,630
000263064700041 61,747
000188068100041 71,638
000188068100040 69,362
000188068100043 63,708
000188068100042 59,166
000188068100045 60,313
000188068100044 56,680
000188068100047 76,956
000188068100046 69,228
000188068100038 60,333
000188068100037 64,568
000188068100039 61,420
000188068100036 61,210
000188068100035 49,982
000186660800036 61,886
000186660800037 59,880
000186660800038 62,955
000186660800039 61,249
000186660800034 58,992
000186660800035 62,697
000180670600050 70,753
000224039500029 7,154
000174075000051 75,673
000174075000052 67,157
000174075000050 55,248
000282273100029 41,117
000085870900038 14,483
000085870900039 16,025
000085870900034 10,738
000085870900035 10,620
000085870900036 12,541
000085870900037 14,483
000174075000037 63,421
000174075000038 55,566
000174075000039 61,924
000174075000033 55,154
000340200700029 67,851
000340200700028 73,384
000174075000034 51,442
000340200700027 62,141
000174075000035 55,705
000340200700026 64,444
000174075000036 62,389
000340200700025 59,018
000340200700024 79,049
000340200700023 53,382
000174075000031 53,442
000340200700022 48,771
000174075000032 60,030
000224039500041 51,589
000224039500042 56,292
000224039500040 53,972
000224039500045 60,047
000224039500043 54,439
000224039500044 47,292
000224039500038 41,293
000224039500039 59,309
000224039500036 75,525
000224039500037 49,419
000174075000048 57,504
000174075000049 77,552
000174075000044 34,654
000174075000045 46,561
000174075000046 72,931
000174075000047 43,116
000174075000040 54,804
000174075000041 58,632
000174075000042 66,860
000174075000043 64,735
000224039500030 46,583
000224039500031 10,509
000224039500034 56,645
000224039500035 57,572
000224039500032 61,308
000224039500033 43,774
000321557600060 58,090
000321557600062 65,614
000172535600054 84,787
000321557600061 59,122
000321557600064 72,846
000172535600053 62,342
000321557600063 64,694
000339566300029 65,966
000172535600052 68,632
000172535600051 64,271
000321557600066 70,555
000321557600065 83,601
000172535600050 71,370
000184207300029 38,325
000184207300036 46,445
000184207300037 39,692
000184207300038 45,176
000184207300039 45,014
000184207300032 33,639
000184207300033 34,961
000184207300034 14,857
000184207300035 47,482
000321557600068 77,821
000339566300026 46,740
000321557600067 63,827
000339566300025 60,828
000184207300030 50,399
000339566300028 61,285
000339566300027 49,807
000184207300031 37,416
000184207300047 48,402
000184207300048 53,454
000339566300031 70,560
000184207300049 53,473
000339566300030 55,570
000184207300043 64,255
000184207300044 37,795
000184207300045 56,960
000184207300046 57,256
000224156700011 13,895
000339566300037 76,922
000224156700012 12,607
000184207300040 47,190
000339566300036 66,312
000339566300039 60,602
000184207300041 45,294
000339566300038 71,417
000184207300042 52,268
000339566300033 73,779
000339566300032 57,636
000339566300035 74,406
000339566300034 77,145
000172535600035 12,625
000172535600034 20,016
000261377400044 52,328
000261377400045 47,262
000261377400042 55,516
000356016700029 53,954
000261377400043 49,104
000172535600039 59,006
000261377400048 55,742
000261377400049 65,991
000261377400046 46,718
000172535600037 16,205
000261377400047 68,732
000172535600036 14,883
000339566300040 69,139
000261377400040 12,229
000261377400041 39,134
000184207300050 54,541
000172535600046 60,506
000172535600045 66,967
000172535600044 64,866
000261377400039 36,762
000172535600043 61,136
000172535600042 53,663
000172535600041 73,716
000172535600040 60,971
000356016700039 91,437
000261377400037 36,711
000172535600049 75,229
000261377400038 41,959
000261377400035 47,406
000172535600048 66,294
000261377400036 47,899
000172535600047 68,653
000356016700033 75,185
000356016700034 81,832
000356016700031 57,806
000356016700032 65,110
000356016700037 79,614
000356016700038 77,440
000356016700035 88,859
000356016700036 77,476
000356016700030 56,640
000261377400053 56,850
000261377400054 52,783
000224156700050 65,450
000224156700051 67,273
000224156700052 57,158
000261377400051 52,715
000261377400052 67,981
000224156700053 6,856
000224156700054 7,811
000261377400050 48,761
000224156700055 6,018
000224156700056 8,808
000224156700040 58,915
000224156700041 63,287
000224156700042 59,354
000224156700043 78,743
000224156700044 62,261
000224156700045 63,633
000224156700046 52,513
000224156700047 72,938
000224156700048 60,347
000224156700049 77,840
000321557600053 76,710
000321557600052 39,838
000321557600055 53,374
000321557600054 46,525
000242996800039 49,507
000242996800037 8,850
000242996800038 18,975
000224156700033 16,812
000321557600057 57,389
000224156700034 11,909
000321557600056 52,566
000224156700035 85,117
000224156700036 57,018
000321557600059 62,697
000224156700037 63,728
000321557600058 78,356
000224156700038 61,676
000224156700039 56,163
000266036100035 61,878
000089195200027 17,321
000266036100036 62,041
000266036100033 66,733
000266036100034 52,793
000266036100039 78,163
000266036100037 72,460
000266036100038 73,318
000242996800042 45,093
000242996800043 53,284
000242996800044 41,816
000242996800045 38,488
000242996800040 55,488
000242996800041 58,347
000180803200047 53,917
000167859300049 64,779
000180803200046 70,453
000180803200045 66,824
000180803200044 67,500
000167859300045 61,808
000242996800046 48,494
000167859300046 73,809
000242996800047 49,002
000180803200049 19,366
000242996800048 47,651
000167859300047 73,645
000167859300048 68,399
000242996800049 50,822
000167859300041 63,442
000167859300042 69,528
000167859300043 62,791
000167859300044 58,963
000266036100031 31,661
000266036100032 68,772
000266036100030 35,695
000167859300040 52,779
000266036100046 82,175
000266036100047 71,223
000266036100044 71,164
000266036100045 86,575
000242996800053 37,381
000263687600041 72,914
000242996800054 53,088
000263687600040 62,150
000263687600043 47,103
000263687600042 52,288
000180803200043 70,024
000180803200042 60,231
000242996800050 60,738
000180803200041 57,113
000242996800051 48,479
000180803200040 73,692
000242996800052 53,664
000167859300038 64,149
000180803200036 59,951
000167859300039 66,774
000180803200035 60,330
000180803200034 42,566
000167859300034 6,682
000263687600044 69,232
000180803200039 59,044
000167859300035 18,298
000180803200038 63,447
000167859300036 68,184
000180803200037 65,601
000167859300037 65,778
000266036100042 74,758
000266036100043 58,171
000266036100040 70,262
000266036100041 77,170
000263687600030 47,219
000263687600032 40,541
000263687600031 43,092
000263687600038 57,390
000263687600037 59,499
000263687600039 70,248
000263687600034 67,768
000167859300023 11,030
000263687600033 41,693
000167859300024 9,277
000263687600036 60,174
000263687600035 50,672
000266036100028 32,959
000266036100029 34,514
000266036100027 10,802
000263687600029 12,054
000255454300047 61,302
000255454300046 51,832
000255454300049 64,074
000255454300048 59,596
000247564600029 65,823
000242215700032 18,216
000242215700033 15,387
000242215700037 59,794
000242215700038 59,089
000242215700039 48,576
000255454300043 47,453
000255454300042 46,157
000255454300045 59,897
000255454300044 36,766
000255454300041 60,956
000255454300040 44,919
000247564600032 56,126
000247564600031 62,730
000247564600030 49,050
000277357100042 57,478
000247564600039 69,638
000247564600038 85,664
000242215700040 66,231
000247564600037 76,487
000247564600036 71,791
000242215700041 57,745
000242215700042 56,503
000247564600035 58,140
000247564600034 66,559
000242215700043 66,380
000247564600033 74,827
000242215700044 64,061
000242215700045 69,467
000242215700046 65,835
000242215700047 78,998
000242215700048 65,398
000242215700049 62,503
000277357100040 54,227
000277357100041 46,610
000255454300050 62,173
000277357100037 60,554
000247564600042 81,556
000277357100038 63,125
000277357100035 45,463
000247564600041 50,860
000277357100036 43,297
000247564600040 64,926
000277357100033 44,311
000277357100034 45,733
000277357100031 43,753
000277357100032 54,324
000242215700050 62,172
000242215700051 54,089
000277357100039 64,284
000277357100030 47,275
000277357100028 41,583
000277357100029 17,532
000261799400059 56,037
000261799400057 47,006
000261799400058 43,558
000247239900039 35,846
000261799400051 51,152
000261799400052 52,096
000261799400050 53,783
000261799400055 47,827
000261799400056 59,149
000261799400053 68,035
000261799400054 62,562
000247239900030 48,220
000247239900035 53,547
000247239900036 47,964
000264285600033 61,154
000247239900037 45,981
000264285600034 55,946
000264285600035 61,973
000247239900038 43,919
000264285600036 70,632
000247239900031 10,893
000264285600037 84,046
000247239900032 45,074
000264285600038 76,235
000247239900033 37,921
000264285600039 85,373
000247239900034 49,687
000261799400060 69,982
000174075000028 18,379
000261799400061 46,226
000174075000029 12,445
000264285600040 72,292
000264285600041 62,544
000264285600042 54,084
000264285600043 71,149
000264285600044 65,428
000264285600045 83,162
000264285600046 59,161
000264285600047 70,529
000249557300044 71,235
000249557300043 64,965
000249557300046 99,872
000249557300045 75,426
000249557300040 62,556
000249557300042 67,663
000249557300041 61,635
000085870900049 57,868
000085870900041 60,568
000085870900042 56,919
000085870900043 64,600
000085870900044 57,519
000085870900045 57,010
000085870900046 74,059
000085870900047 61,543
000085870900048 77,854
000249557300048 87,018
000249557300047 76,471
000249557300049 64,184
000085870900040 73,445
000261799400048 42,407
000261799400049 72,690
000261799400046 42,759
000261799400047 48,938
000249557300050 76,190
000261799400045 40,743
000085870900052 62,126
000085870900053 55,258
000085870900054 64,933
000247239900040 50,205
000085870900055 90,227
000247239900041 54,047
000085870900056 66,527
000085870900057 60,835
000247239900046 44,837
000247239900042 62,595
000247239900043 72,356
000247239900044 47,323
000085870900050 58,850
000085870900051 57,920
000247239900045 61,355
000089195200053 67,825
000089195200052 56,576
000089195200051 41,187
000089195200050 38,913
000228011000037 61,504
000228011000038 53,337
000228011000039 62,741
000228011000033 33,925
000228011000034 55,400
000228011000035 60,158
000228011000036 70,311
000249557300037 50,568
000249557300039 54,732
000249557300038 67,105
000089195200049 43,247
000089195200048 48,672
000089195200047 45,363
000089195200046 64,863
000089195200045 52,042
000089195200044 50,919
000089195200043 53,758
000089195200042 52,640
000089195200041 39,949
000089195200040 54,389
000180803200032 13,652
000180803200031 25,275
000089195200038 53,734
000089195200037 10,651
000089195200039 74,847
000339400700038 47,902
000168514900034 57,141
000168514900033 50,863
000168514900036 55,094
000168514900035 34,474
000168514900038 42,504
000168514900037 39,912
000168514900039 48,796
000189363800042 80,475
000189363800043 75,417
000189363800040 84,295
000189363800041 72,670
000339400700051 50,705
000339400700052 51,505
000339400700053 63,048
000339400700054 56,931
000339400700050 50,161
000239455900040 75,288
000349761100034 41,773
000339400700048 52,192
000239455900035 37,571
000189363800033 62,387
000189363800034 62,021
000349761100035 55,008
000339400700049 62,791
000189363800031 54,071
000239455900037 61,590
000189363800032 66,868
000239455900036 37,804
000349761100038 48,214
000189363800030 55,311
000349761100039 47,048
000349761100036 64,915
000239455900033 13,046
000349761100037 61,072
000239455900032 12,974
000339400700041 52,072
000339400700042 68,965
000189363800039 64,923
000339400700043 60,918
000189363800037 59,372
000339400700044 55,331
000239455900039 65,710
000339400700045 51,997
000239455900038 67,381
000189363800038 51,491
000339400700046 46,037
000189363800035 78,552
000189363800036 59,386
000339400700047 55,028
000089241000062 39,984
000089241000063 35,038
000089241000060 34,473
000089241000061 34,804
000089241000064 10,608
000177573900039 40,202
000274408300064 53,367
000223746000019 5,593
000329621800049 77,513
000274408300065 46,370
000177573900038 38,497
000274408300066 63,138
000274408300067 42,538
000177573900035 47,597
000250409200033 48,102
000177573900034 57,611
000250409200034 51,912
000177573900037 53,633
000223746000013 13,418
000250409200032 58,832
000177573900036 43,219
000329621800042 88,146
000329621800041 84,043
000223746000012 15,939
000329621800044 77,931
000189363800028 54,238
000177573900033 13,126
000177573900032 40,374
000329621800043 62,554
000189363800029 45,557
000274408300060 48,995
000329621800046 68,565
000329621800045 91,069
000274408300061 47,732
000329621800048 94,195
000274408300062 61,517
000274408300063 55,454
000329621800047 74,828
000240467000052 81,557
000240467000051 77,833
000240467000050 89,842
000329621800040 71,729
000250409200037 46,825
000250409200038 56,166
000250409200035 40,771
000250409200036 13,779
000250409200039 58,576
000329621800039 81,717
000250409200040 47,692
000250409200041 45,047
000329621800038 71,856
000177573900049 50,800
000177573900046 50,098
000250409200044 65,750
000250409200045 45,038
000177573900045 64,767
000250409200042 38,484
000177573900048 49,080
000250409200043 64,376
000177573900047 47,966
000329621800031 31,431
000177573900042 42,822
000177573900041 58,717
000329621800030 46,791
000329621800033 41,502
000177573900044 60,436
000177573900043 62,144
000329621800032 42,917
000329621800035 68,657
000329621800034 70,447
000329621800037 77,585
000177573900040 47,349
000329621800036 65,355
000089241000040 58,480
000089241000041 76,067
000089241000044 62,322
000089241000045 50,903
000089241000042 66,399
000089241000043 58,524
000250409200048 53,001
000250409200049 50,740
000250409200046 51,414
000250409200047 76,073
000329621800028 39,031
000329621800027 45,324
000250409200050 69,245
000274408300045 38,845
000329621800029 45,087
000274408300046 46,382
000089241000048 66,345
000089241000049 64,576
000089241000046 69,460
000089241000047 70,288
000177573900050 54,673
000089241000051 68,158
000089241000052 69,992
000089241000050 73,676
000089241000055 70,175
000089241000053 71,715
000089241000054 72,006
000274408300053 53,657
000274408300054 43,836
000274408300055 39,897
000274408300056 52,475
000274408300057 55,218
000274408300058 55,494
000274408300059 50,797
000089241000059 45,448
000089241000057 42,780
000089241000058 37,326
000274408300052 11,424
000332224400051 79,239
000332224400052 80,761
000332224400050 64,759
000332224400055 85,279
000089241000022 8,560
000332224400053 81,141
000089241000020 6,074
000332224400054 88,988
000332224400040 70,019
000332224400041 55,331
000332224400044 67,581
000089241000033 9,926
000332224400045 67,489
000332224400042 68,940
000332224400043 59,644
000089241000032 22,000
000332224400048 68,215
000089241000038 47,873
000332224400049 99,155
000332224400046 78,029
000089241000035 10,855
000332224400047 63,332
000089241000036 19,887
000089241000039 60,244
000240467000044 61,112
000240467000043 62,390
000240467000042 66,450
000240467000041 60,754
000240467000040 50,402
000228810500043 14,947
000228810500042 39,020
000228810500045 45,475
000228810500044 57,747
000240467000049 57,503
000240467000048 64,246
000228810500047 54,177
000228810500046 56,626
000240467000047 61,806
000240467000046 72,976
000228810500049 47,816
000228810500048 53,870
000240467000045 57,859
000240467000033 11,676
000089241000012 14,082
000240467000039 51,846
000240467000038 48,299
000240467000037 56,119
000240467000036 46,522
000167859300052 46,083
000167859300053 64,973
000167859300054 63,321
000089241000013 16,210
000089241000014 8,867
000167859300050 71,773
000167859300051 57,272
000250583900036 43,168
000250583900035 50,099
000321910700029 67,472
000321910700028 70,083
000250583900038 47,175
000321910700027 58,527
000250583900037 55,404
000250583900032 10,989
000250583900031 47,745
000269242800040 46,761
000250583900034 64,147
000250583900033 59,442
000165951100010 10,339
000165951100013 13,481
000269242800035 41,698
000250583900039 67,378
000165951100014 9,776
000165951100011 7,534
000269242800037 18,024
000165951100012 14,720
000269242800036 15,628
000269242800039 53,874
000165951100017 12,313
000269242800038 66,419
000165951100018 14,528
000165951100015 7,495
000165951100016 12,705
000276397300028 56,187
000229293400033 45,579
000276397300029 72,304
000310516000043 42,278
000310516000046 50,624
000276397300039 65,667
000310516000047 57,701
000276397300038 54,353
000276397300037 67,595
000310516000044 50,813
000276397300036 64,951
000265832400029 50,758
000310516000045 50,025
000310516000048 59,707
000310516000049 57,811
000276397300031 79,236
000276397300030 60,852
000276397300035 79,646
000165951100035 16,925
000276397300034 89,400
000165951100036 17,342
000276397300033 73,384
000276397300032 78,315
000165951100034 24,648
000165951100039 60,536
000165951100037 15,228
000165951100038 58,589
000276397300047 77,282
000165951100042 64,863
000276397300042 72,455
000276397300041 91,207
000165951100043 56,761
000165951100040 51,901
000276397300040 53,886
000165951100041 69,372
000276397300046 75,471
000165951100046 54,604
000165951100047 64,981
000276397300045 90,634
000276397300044 72,903
000165951100044 59,947
000276397300043 72,668
000165951100045 77,791
000165951100048 65,900
000165951100049 75,260
000271019400031 14,583
000271019400032 53,746
000271019400030 50,632
000179773700056 70,586
000179773700055 56,791
000179773700054 47,632
000271019400039 49,210
000179773700053 49,419
000179773700052 56,897
000179773700051 54,838
000271019400037 64,205
000179773700050 44,886
000271019400038 41,174
000271019400035 66,332
000271019400036 73,452
000165951100050 62,529
000271019400033 55,461
000271019400034 37,932
000165951100053 64,145
000184183900043 70,240
000184183900042 57,082
000165951100054 71,164
000165951100051 60,310
000184183900045 68,931
000165951100052 61,335
000184183900044 83,302
000165951100057 57,963
000165951100058 67,296
000165951100055 60,415
000184183900041 67,959
000184183900040 57,741
000165951100056 52,268
000165951100059 75,840
000223746000051 71,700
000184183900047 62,296
000184183900046 61,739
000223746000052 74,872
000184183900049 74,123
000223746000050 66,302
000184183900048 61,374
000271019400042 58,491
000271019400043 59,036
000271019400040 52,994
000271019400041 62,792
000271019400048 52,966
000271019400046 64,942
000271019400047 67,284
000271019400044 50,601
000271019400045 62,005
000184183900032 54,493
000184183900031 57,388
000184183900034 57,082
000184183900033 62,020
000223746000048 84,643
000223746000049 78,728
000187132800032 50,479
000223746000046 77,300
000223746000047 78,308
000187132800031 62,826
000187132800034 50,837
000223746000044 60,662
000223746000045 69,308
000184183900039 60,429
000187132800033 60,687
000223746000042 67,166
000187132800036 64,771
000223746000043 63,507
000187132800035 67,086
000187132800038 63,431
000184183900036 73,525
000223746000040 83,093
000223746000041 75,250
000184183900035 55,243
000187132800037 58,564
000184183900038 75,611
000184183900037 72,463
000187132800039 77,231
000179773700039 57,946
000179773700038 12,367
000179773700037 11,293
000258077700040 20,282
000258077700041 49,758
000258077700042 49,038
000258077700043 60,363
000258077700044 58,514
000258077700045 59,360
000258077700046 48,558
000258077700047 50,170
000223746000039 62,933
000321910700042 82,130
000321910700041 75,102
000223746000037 53,369
000321910700040 64,526
000223746000038 48,155
000223746000035 50,479
000223746000036 68,069
000223746000033 17,242
000223746000034 59,752
000223746000032 12,874
000258077700037 42,699
000258077700038 51,129
000179773700049 46,107
000250583900041 57,986
000179773700048 52,588
000258077700039 34,694
000179773700047 50,054
000250583900040 54,102
000179773700046 57,827
000179773700045 59,861
000179773700044 44,392
000179773700043 57,178
000179773700042 48,385
000179773700041 44,268
000250583900046 70,165
000321910700039 66,583
000179773700040 55,880
000321910700038 89,873
000250583900043 67,336
000321910700037 84,963
000258077700033 42,489
000321910700036 80,510
000250583900042 48,749
000258077700034 7,196
000321910700035 66,943
000250583900045 47,620
000258077700035 60,043
000321910700034 80,640
000258077700036 64,962
000250583900044 57,706
000321910700033 63,340
000321910700032 81,005
000321910700031 71,242
000321910700030 57,922
000325475200046 67,878
000325475200047 65,934
000325475200048 51,057
000325475200042 61,008
000325475200043 63,666
000325475200044 74,797
000325475200045 50,986
000325475200040 56,544
000325475200041 51,629
000349761100045 61,545
000173793000058 51,234
000239455900046 89,600
000239455900045 67,622
000173793000057 48,962
000349761100046 51,947
000173793000056 41,229
000349761100043 57,570
000239455900048 64,594
000239455900047 91,535
000349761100044 48,246
000173793000055 10,912
000239455900042 79,830
000239455900041 70,371
000239455900044 59,779
000239455900043 85,853
000349761100041 57,637
000349761100042 49,360
000239455900049 71,723
000349761100040 50,807
000173793000059 47,861
000340200700037 80,078
000340200700036 98,771
000340200700035 70,205
000340200700034 69,033
000340200700033 72,552
000340200700032 70,155
000340200700031 91,994
000340200700030 77,710
000282273100032 52,655
000282273100033 62,798
000282273100034 64,356
000282273100035 67,426
000282273100036 75,005
000282273100037 73,952
000282273100038 68,573
000282273100039 78,497
000187132800041 48,234
000187132800040 47,100
000187132800043 69,046
000187132800042 65,861
000187132800045 64,847
000252963000062 47,961
000252963000061 47,840
000187132800044 63,458
000252963000060 67,375
000187132800047 61,178
000187132800046 61,381
000252963000066 67,013
000187132800049 6,925
000252963000065 64,903
000282273100030 48,627
000252963000064 50,421
000282273100031 59,874
000252963000063 57,967
000282273100043 74,281
000282273100044 110,552
000282273100045 62,635
000252963000059 45,930
000252963000058 50,840
000252963000057 49,306
000252963000056 45,912
000187132800052 6,196
000187132800051 12,563
000187132800054 9,064
000187132800053 7,915
000252963000051 16,049
000187132800056 8,957
000252963000050 48,679
000187132800055 4,513
000187132800058 6,181
000187132800057 10,984
000252963000055 55,606
000252963000054 44,926
000282273100040 78,743
000252963000053 49,742
000282273100041 67,583
000252963000052 59,801
000282273100042 53,367
000265832400044 43,255
000265832400045 59,065
000265832400042 55,647
000265832400043 55,135
000265832400048 55,456
000236387800049 66,305
000265832400049 63,174
000236387800048 46,525
000265832400046 62,950
000265832400047 70,014
000236387800047 39,634
000236387800046 46,184
000178769800039 53,528
000236387800045 47,454
000178769800038 46,102
000236387800044 69,142
000184872400030 12,797
000178769800037 38,737
000236387800043 47,665
000236387800042 45,026
000178769800036 8,263
000236387800041 55,363
000178769800035 14,062
000236387800040 44,258
000178769800034 23,219
000258890200035 54,110
000184872400036 41,938
000258890200036 46,378
000184872400035 42,804
000086400100064 31,063
000184872400038 45,340
000184872400037 48,556
000086400100063 49,946
000252963000045 44,757
000258890200039 59,242
000086400100066 44,915
000184872400032 51,015
000184872400031 52,825
000086400100065 47,302
000184872400034 48,788
000258890200037 52,464
000184872400033 40,300
000258890200038 56,091
000086400100067 48,516
000265832400040 46,949
000265832400041 51,453
000184872400039 46,493
000310516000050 62,846
000310516000053 75,819
000236387800039 51,830
000236387800038 51,462
000310516000054 65,211
000265832400038 10,634
000310516000051 80,954
000236387800037 59,440
000310516000052 55,995
000236387800036 55,286
000310516000057 45,919
000236387800035 57,558
000236387800034 11,756
000171695600035 42,626
000236387800033 34,245
000265832400039 56,373
000310516000055 55,865
000184872400041 54,104
000310516000056 54,760
000184872400040 49,414
000171695600037 54,853
000171695600036 34,199
000171695600039 52,350
000171695600038 48,874
000184872400043 56,708
000184872400042 49,309
000184872400044 51,590
000171695600044 61,918
000229293400044 43,078
000171695600043 48,796
000229293400043 67,446
000173793000071 44,682
000173793000070 56,752
000229293400042 42,833
000171695600046 51,024
000171695600045 60,798
000229293400041 66,681
000229293400040 48,710
000171695600048 58,197
000171695600047 52,150
000171695600049 58,413
000086400100040 11,273
000269242800052 57,972
000229293400039 54,226
000086400100042 13,839
000178769800051 68,575
000229293400038 50,801
000086400100041 16,551
000086400100044 54,673
000171695600040 41,575
000229293400037 7,814
000178769800050 57,989
000086400100043 56,192
000229293400036 52,155
000171695600042 42,076
000086400100046 58,587
000229293400035 50,369
000229293400034 45,119
000086400100045 60,529
000171695600041 61,228
000086400100048 65,154
000086400100047 56,168
000258890200050 59,831
000086400100049 57,536
000258890200051 67,558
000325475200036 54,746
000265832400053 49,864
000325475200037 49,343
000325475200038 47,644
000265832400054 64,554
000173793000061 45,088
000173793000060 56,704
000178769800049 62,432
000178769800048 47,551
000178769800047 76,719
000178769800046 59,418
000269242800051 55,160
000178769800045 54,825
000178769800044 63,757
000269242800050 58,368
000178769800043 60,735
000258890200046 59,627
000086400100051 63,633
000269242800042 57,341
000173793000069 54,345
000269242800041 48,855
000173793000068 43,860
000258890200047 73,293
000178769800042 67,727
000086400100050 67,224
000258890200044 79,342
000086400100053 69,028
000173793000067 66,653
000269242800044 48,628
000178769800041 16,173
000258890200045 88,666
000178769800040 53,611
000269242800043 45,625
000173793000066 82,956
000086400100052 65,287
000171695600051 45,417
000229293400048 58,198
000173793000065 53,187
000269242800046 61,492
000086400100055 78,311
000269242800045 56,670
000086400100054 47,437
000229293400047 59,037
000171695600050 51,059
000173793000064 73,254
000173793000063 54,369
000269242800048 48,233
000086400100057 61,766
000258890200048 68,758
000229293400046 54,507
000173793000062 69,521
000269242800047 62,217
000258890200049 70,795
000086400100056 79,980
000229293400045 44,268
000171695600052 12,360
000086400100059 76,928
000269242800049 51,687
000086400100058 69,484
000325475200039 50,380
000258890200042 63,806
000265832400051 55,939
000258890200043 71,658
000265832400052 60,201
000258890200040 62,299
000258890200041 69,935
000265832400050 49,701
000243689500044 80,759
000243689500043 79,729
000085288200060 72,105
000243689500042 94,383
000243689500041 67,839
000243689500040 70,242
000243689500035 64,256
000243689500034 66,835
000243689500033 73,527
000243689500032 51,261
000243689500039 84,627
000243689500038 66,582
000243689500037 79,933
000243689500036 66,670
000237452900039 53,290
000237452900038 12,301
000237452900037 49,772
000237452900036 43,975
000237452900041 42,389
000237452900040 40,587
000086400100039 12,790
000243689500031 76,122
000243689500030 56,311
000085288200049 57,458
000085288200048 65,030
000085288200047 58,505
000085288200046 50,117
000085288200045 51,232
000085288200044 71,157
000178078500039 49,450
000085288200043 54,452
000085288200042 55,866
000085288200041 61,952
000085288200040 18,232
000178078500035 12,985
000178078500036 57,197
000178078500037 58,834
000178078500038 53,996
000085288200059 71,894
000085288200058 64,873
000085288200057 70,414
000085288200056 64,579
000085288200055 52,923
000085288200054 69,356
000085288200053 72,467
000085288200052 49,838
000085288200051 74,558
000085288200050 56,328
000086400100015 12,184
000178078500050 54,080
000178078500051 51,657
000178078500052 48,068
000320320200046 58,438
000320320200047 59,396
000320320200048 64,491
000085288200039 10,065
000320320200049 54,827
000085288200038 11,572
000085288200037 12,757
000178078500046 50,536
000178078500047 51,136
000178078500048 48,215
000178078500049 50,020
000178078500042 58,419
000178078500043 42,981
000178078500044 41,864
000178078500045 56,429
000320320200042 47,682
000320320200043 49,494
000178078500040 49,252
000320320200044 64,027
000178078500041 42,582
000320320200045 74,717
000320320200040 48,297
000320320200041 46,845
000251209700052 71,539
000320320200039 52,579
000251209700051 78,564
000251209700050 61,303
000320320200035 62,293
000251209700056 67,868
000320320200036 58,383
000251209700055 66,203
000320320200037 49,181
000251209700054 67,253
000251209700053 64,169
000320320200038 49,848
000251209700059 74,105
000251209700058 69,590
000251209700057 69,123
000251209700060 69,407
000250230600030 40,800
000250230600031 37,115
000250230600032 40,128
000250230600033 32,588
000250230600035 43,078
000250230600036 53,201
000250230600037 68,314
000250230600038 73,253
000250230600039 65,731
000233934600070 67,355
000233934600072 59,103
000233934600071 84,208
000233343400042 43,869
000233343400043 64,239
000233343400040 45,042
000233343400041 47,926
000233343400046 43,891
000233343400047 44,997
000233343400044 44,315
000233343400045 42,664
000233343400048 55,980
000250230600029 16,034
000233934600063 76,172
000233934600062 60,601
000233934600061 59,703
000233934600060 58,428
000233343400035 38,530
000233343400036 51,657
000233343400034 50,815
000233343400039 46,264
000233343400037 65,136
000233343400038 59,568
000233934600067 88,853
000233934600066 76,424
000233934600065 68,236
000233934600064 62,846
000233934600069 74,578
000233934600068 74,190
000233934600052 35,593
000233934600051 35,202
000233934600056 35,194
000233934600055 43,104
000233934600054 38,668
000233934600053 33,867
000233934600059 62,859
000233934600058 65,374
000233934600057 58,219
000233934600045 14,810
000233934600049 11,198
000233934600048 8,852
000233934600046 10,207
000233934600037 5,889
000250230600050 63,839
000250230600051 68,663
000250230600052 76,933
000250230600053 83,933
000243689500029 11,260
000233934600027 16,958
000233934600026 6,587
000233934600025 8,793
000233934600024 8,413
000250230600040 65,205
000250230600041 67,307
000250230600042 79,131
000250230600043 78,681
000250230600044 78,315
000250230600045 97,128
000250230600046 55,045
000250230600047 66,084
000250230600048 49,315
000250230600049 56,500
000233934600014 20,750
000305466800034 64,959
000305466800033 74,399
000305466800036 66,943
000305466800035 63,390
000305466800032 69,923
000305466800031 48,544
000305466800038 74,833
000182579800050 55,597
000305466800037 60,830
000305466800039 79,024
000182579800054 54,642
000182579800053 51,869
000182579800052 48,602
000182579800051 50,889
000182579800055 57,806
000305466800045 89,694
000305466800044 65,224
000305466800047 80,750
000305466800046 71,613
000305466800041 85,161
000305466800040 84,740
000305466800043 57,826
000305466800042 71,872
000349837100001 52,809
000182579800039 10,706
000182579800038 44,025
000241160500051 80,088
000241160500050 93,330
000182579800043 55,813
000182579800042 54,052
000182579800041 29,925
000182579800040 11,255
000182579800047 47,903
000182579800046 50,668
000182579800045 70,311
000182579800044 53,560
000182579800049 50,156
000182579800048 57,521
000234275400039 51,211
000234275400038 63,750
000234275400037 51,999
000234275400036 47,244
000234275400035 54,374
000234275400034 45,585
000234275400033 17,116
000234275400032 42,701
000308705000046 56,446
000308705000045 51,940
000308705000044 61,404
000308705000043 66,102
000308705000047 57,746
000308705000042 54,578
000308705000041 72,833
000308705000040 63,863
000234275400002 4,322
000282098100039 52,328
000282098100032 14,884
000282098100031 40,983
000282098100034 60,350
000282098100033 46,782
000282098100036 41,749
000282098100035 42,178
000282098100038 61,159
000282098100037 54,555
000260605200046 50,536
000260605200045 52,590
000166692300039 78,043
000260605200044 50,584
000260605200043 49,068
000166692300038 57,676
000260605200042 49,701
000260605200041 49,793
000260605200040 50,723
000282098100041 55,718
000282098100040 62,683
000308705000035 65,631
000308705000034 15,579
000308705000033 54,223
000308705000039 55,093
000308705000038 44,698
000308705000037 68,257
000308705000036 44,639
000282098100043 70,644
000166692300033 14,843
000282098100042 58,561
000166692300032 26,162
000282098100045 53,830
000282098100044 51,328
000282098100047 68,511
000260605200039 63,183
000166692300037 57,336
000282098100046 56,392
000166692300036 55,319
000260605200038 44,864
000166692300035 70,857
000282098100049 49,545
000260605200037 10,405
000260605200036 45,956
000282098100048 48,665
000166692300034 68,110
000234275400042 48,933
000234275400041 54,521
000234275400040 45,912
000358655200050 56,275
000358655200051 72,396
000234275400047 55,531
000234275400046 49,709
000234275400045 50,927
000234275400044 45,124
000234275400043 64,880
000340524700051 61,771
000340524700050 47,204
000225695600051 51,938
000225695600050 59,446
000225695600052 64,226
000241160500049 79,696
000241160500048 85,421
000274394300038 77,029
000274394300037 75,550
000241160500047 78,179
000241160500046 68,953
000241160500045 56,139
000274394300039 72,164
000241160500044 68,982
000186119900062 69,713
000358655200039 67,695
000241160500043 75,043
000186119900061 52,718
000186119900064 61,036
000241160500042 79,300
000241160500041 65,343
000186119900063 49,423
000241160500040 65,676
000358655200036 56,220
000358655200035 57,765
000186119900060 56,515
000358655200038 60,366
000358655200037 75,736
000225695600046 55,112
000225695600045 43,666
000225695600048 52,432
000225695600047 57,241
000225695600049 55,892
000274394300034 59,659
000274394300033 60,864
000274394300036 51,588
000225695600040 45,370
000274394300035 64,663
000225695600042 42,700
000274394300030 64,003
000225695600041 60,177
000225695600044 44,882
000274394300032 67,026
000274394300031 65,308
000225695600043 46,494
000241160500039 64,591
000241160500038 60,240
000241160500037 8,089
000241160500035 11,171
000168514900041 71,805
000168514900040 47,245
000168514900043 66,425
000168514900042 45,447
000358655200047 94,279
000168514900045 45,005
000358655200046 66,569
000168514900044 41,634
000358655200049 84,836
000358655200048 90,910
000358655200043 90,428
000225695600035 17,081
000358655200042 80,815
000225695600034 19,419
000358655200045 72,308
000225695600037 40,230
000358655200044 62,627
000225695600036 42,877
000225695600039 54,348
000225695600038 40,851
000358655200041 77,237
000358655200040 65,856
000274394300044 76,224
000274394300041 65,111
000274394300040 79,929
000274394300043 86,016
000274394300042 72,345
000166692300049 62,516
000260605200053 62,696
000260605200052 65,833
000260605200051 65,690
000260605200050 11,001
000237452900049 44,333
000237452900048 58,131
000237452900047 48,948
000237452900046 50,849
000237452900045 66,742
000237452900044 41,377
000237452900043 51,203
000237452900042 39,792
000186119900048 33,099
000237452900052 53,077
000186119900047 44,453
000237452900051 56,872
000237452900050 53,992
000186119900049 9,096
000166692300040 48,724
000186119900044 32,446
000186119900046 19,175
000186119900045 43,749
000166692300044 73,156
000166692300043 67,454
000166692300042 72,547
000166692300041 63,074
000286636300027 43,684
000166692300048 65,398
000286636300028 9,678
000166692300047 63,652
000260605200049 61,995
000286636300029 43,744
000260605200048 43,933
000166692300046 54,741
000166692300045 69,410
000260605200047 44,795
000274394300029 49,548
000274394300028 45,668
000186119900051 53,480
000186119900050 50,724
000186119900053 42,349
000186119900052 41,213
000186119900059 55,951
000186119900058 62,476
000186119900055 67,470
000166692300050 49,980
000186119900054 47,922
000186119900057 67,193
000186119900056 59,370
000304905300037 9,959
000304905300038 63,543
000304905300039 45,576
000304905300034 49,907
000304905300035 43,380
000304905300036 39,184
000286636300040 61,576
000328196000052 57,061
000328196000053 82,027
000328196000050 54,979
000252554100050 68,564
000328196000051 59,608
000328196000056 56,748
000328196000054 53,297
000328196000055 58,098
000304905300048 49,840
000304905300049 53,663
000304905300044 47,046
000304905300045 55,649
000304905300046 66,014
000322514800023 53,547
000322514800024 67,954
000304905300047 58,786
000304905300040 43,869
000315709900037 46,763
000315709900038 37,605
000304905300041 60,122
000315709900039 41,987
000304905300042 49,010
000304905300043 52,045
000322514800029 71,776
000286636300030 46,465
000322514800025 63,580
000286636300031 56,957
000286636300032 51,235
000322514800026 61,086
000286636300033 54,286
000322514800027 87,703
000286636300034 59,370
000322514800028 76,694
000286636300035 55,338
000286636300036 52,409
000286636300037 67,768
000286636300038 59,005
000286636300039 52,914
000247207500046 83,841
000247207500045 87,696
000247207500048 66,341
000247207500047 85,198
000258228000049 67,332
000322514800032 74,788
000258228000048 86,858
000258228000047 76,824
000322514800033 77,636
000322514800034 70,356
000258228000046 74,366
000166570500050 70,183
000258228000045 61,868
000322514800035 86,026
000258228000044 75,625
000166570500052 59,220
000166570500051 87,334
000258228000043 68,102
000322514800030 89,560
000166570500054 51,803
000258228000042 88,673
000166570500053 74,611
000322514800031 64,064
000258228000041 62,631
000258228000040 70,180
000228011000048 81,820
000228011000049 62,079
000228011000044 68,070
000322514800036 62,550
000262519200032 39,553
000322514800037 86,420
000228011000045 80,740
000262519200033 40,527
000322514800038 58,530
000228011000046 74,597
000262519200034 36,664
000228011000047 71,473
000262519200035 39,578
000228011000040 55,066
000228011000041 54,735
000247207500040 57,879
000228011000042 66,123
000228011000043 49,423
000247207500042 65,956
000247207500041 73,226
000247207500044 69,615
000247207500043 68,274
000166570500045 68,153
000247207500035 54,097
000247207500034 52,903
000166570500044 78,870
000166570500047 62,089
000247207500037 73,828
000247207500036 67,795
000166570500046 66,391
000247207500039 60,393
000166570500049 61,162
000247207500038 76,902
000166570500048 61,564
000258228000039 66,613
000258228000038 70,963
000258228000037 60,709
000258228000036 50,213
000258228000035 71,069
000166570500041 61,970
000166570500040 67,939
000166570500043 62,143
000166570500042 66,214
000328196000049 36,756
000328196000047 59,219
000328196000048 65,401
000228011000051 67,542
000328196000041 52,872
000328196000042 55,280
000328196000040 58,539
000328196000045 63,785
000328196000046 54,673
000328196000043 46,214
000247207500033 10,820
000328196000044 43,528
000228011000050 64,561
000166570500034 25,291
000166570500036 16,347
000166570500035 11,384
000166570500038 45,163
000166570500037 9,144
000166570500039 67,042
000171040500034 71,087
000262519200047 81,408
000171040500033 70,571
000262519200048 78,558
000262519200049 86,649
000171040500036 57,545
000171040500035 59,761
000171040500030 81,309
000171040500032 59,316
000171040500031 65,121
000262519200050 72,417
000171040500038 72,638
000171040500037 42,192
000171040500039 68,906
000262519200036 38,638
000262519200037 52,348
000262519200038 46,806
000262519200039 52,157
000262519200040 70,170
000262519200041 84,342
000262519200042 57,418
000262519200043 71,820
000171040500027 26,102
000262519200044 89,502
000262519200045 72,032
000171040500029 40,392
000262519200046 76,006
000171040500028 9,696
000252554100035 43,132
000252554100036 79,870
000244205200040 70,701
000252554100037 74,556
000304905300051 64,585
000304905300052 50,022
000252554100038 54,606
000252554100039 68,628
000244205200049 93,027
000304905300050 52,060
000171040500018 12,281
000171040500017 21,182
000244205200043 59,437
000244205200044 91,608
000244205200041 71,330
000244205200042 69,135
000244205200047 83,362
000244205200048 85,726
000244205200045 79,686
000244205200046 68,650
000252554100044 59,494
000252554100045 87,835
000252554100046 72,344
000252554100047 63,493
000252554100040 52,073
000252554100041 66,428
000252554100042 59,561
000252554100043 46,279
000252554100048 69,929
000252554100049 76,027
000171040500009 9,600
000171040500008 4,324
000244205200038 66,931
000244205200039 76,214
000244205200036 61,629
000244205200037 59,286
000222946100050 82,106
000222946100053 58,220
000222946100054 51,846
000222946100051 63,247
000222946100052 51,925
000316682800048 92,565
000316682800049 83,005
000316682800046 75,170
000316682800047 66,499
000316682800044 98,902
000316682800045 89,657
000222946100042 55,346
000222946100043 56,057
000222946100040 68,442
000222946100041 55,646
000222946100046 73,204
000222946100047 72,531
000222946100044 66,446
000316682800051 64,076
000222946100045 61,860
000316682800050 61,038
000222946100048 56,315
000222946100049 63,485
000316682800039 60,477
000316682800037 87,734
000333402000038 72,747
000316682800038 67,282
000333402000039 61,435
000316682800036 59,092
000333402000032 56,591
000333402000033 55,521
000333402000030 45,390
000333402000031 67,001
000333402000036 66,253
000333402000037 63,105
000333402000034 65,961
000333402000035 70,501
000176711000047 51,485
000176711000045 53,564
000176711000046 55,068
000316682800042 83,790
000176711000043 53,237
000222946100035 14,033
000316682800043 77,449
000176711000044 61,825
000316682800040 62,587
000176711000041 62,948
000316682800041 74,004
000176711000042 51,345
000222946100039 54,396
000176711000040 48,940
000222946100038 37,541
000255454300039 54,076
000255454300036 66,314
000255454300035 17,323
000255454300038 52,203
000255454300037 62,682
000087212000053 75,894
000333402000043 74,108
000087212000054 69,178
000333402000044 83,520
000333402000041 80,284
000087212000051 70,327
000333402000042 83,441
000087212000052 70,293
000171040500041 54,738
000171040500040 55,984
000087212000055 76,921
000333402000045 61,516
000171040500043 62,750
000171040500042 63,931
000176711000038 53,612
000176711000039 48,001
000176711000036 46,002
000333402000040 85,370
000087212000050 71,611
000176711000037 63,869
000176711000034 50,202
000176711000035 37,977
000176711000032 34,953
000176711000033 46,910
000222946100022 8,144
000255454300034 49,308
000176711000030 10,690
000176711000031 54,349
000232670100047 39,980
000232670100048 53,067
000232670100049 41,562
000232670100040 47,523
000232670100041 51,333
000232670100042 50,763
000232670100043 8,480
000232670100044 38,479
000232670100045 42,087
000232670100046 50,655
000222946100013 7,827
000222946100014 11,397
000232670100037 47,254
000232670100038 43,791
000232670100039 52,426
000232670100035 34,022
000315709900044 53,404
000315709900045 45,226
000315709900046 64,626
000315709900047 56,693
000315709900048 57,882
000315709900049 46,436
000315709900040 49,469
000315709900041 43,244
000315709900042 48,709
000315709900043 54,272
000232670100058 48,801
000232670100050 45,733
000232670100051 46,316
000232670100052 50,363
000315709900050 49,218
000232670100053 60,096
000315709900051 57,039
000232670100054 36,697
000232670100055 67,991
000315709900052 60,614
000232670100056 56,154
000232670100057 52,509
000340870900035 51,433
000340870900034 49,863
000340870900033 57,235
000340870900032 54,982
000340870900039 55,385
000340870900038 53,165
000340870900037 58,044
000340870900036 51,082
000340870900031 61,495
000340870900030 55,700
000232979000053 56,548
000232979000050 49,269
000232979000052 78,957
000232979000051 49,900
000276952400042 51,450
000276952400041 42,539
000232979000039 63,359
000276952400040 58,058
000232979000043 56,892
000232979000042 52,122
000232979000045 67,141
000232979000044 63,667
000232979000047 67,968
000276952400046 62,926
000276952400045 71,169
000232979000046 60,770
000232979000049 77,404
000276952400044 45,602
000276952400043 64,940
000232979000048 57,995
000232979000041 57,465
000232979000040 59,505
000252079300041 77,205
000252079300040 86,502
000252079300042 77,783
000270818600053 53,075
000276952400031 48,369
000270818600054 56,154
000276952400030 60,146
000270818600055 52,358
000270818600056 59,362
000270818600050 47,097
000270818600051 53,161
000270818600052 52,843
000276952400039 61,513
000276952400038 48,991
000276952400037 56,088
000276952400036 45,899
000276952400035 43,468
000270818600046 14,610
000252739900033 45,523
000276952400034 54,261
000270818600047 47,825
000232979000038 63,752
000270818600048 46,128
000252739900034 60,786
000276952400033 7,548
000232979000037 53,858
000252739900035 66,273
000270818600049 60,093
000276952400032 54,321
000252739900036 62,037
000252739900037 64,743
000252739900038 61,400
000252739900039 77,041
000252079300030 72,765
000252079300032 65,378
000252079300031 67,731
000270818600043 47,100
000270818600044 49,850
000270818600045 46,056
000283580600039 44,380
000283580600037 13,440
000283580600038 51,472
000252739900040 72,843
000252739900041 68,910
000252739900042 75,248
000283580600033 49,139
000252739900043 73,073
000252739900044 56,969
000283580600034 43,883
000252739900045 69,974
000283580600032 37,087
000252739900046 76,545
000252079300034 63,871
000252739900047 52,791
000252079300033 57,845
000252079300036 71,958
000252079300035 71,268
000252079300038 82,023
000252079300037 70,449
000276952400029 60,889
000252079300039 66,746
000262862800032 42,417
000087212000048 68,943
000262862800033 12,658
000087212000049 68,057
000262862800034 53,659
000087212000042 69,688
000087212000043 58,601
000087212000040 58,926
000087212000041 60,813
000087212000046 50,223
000087212000047 56,613
000087212000044 62,873
000087212000045 61,978
000283580600048 50,919
000356016700044 82,890
000283580600049 50,254
000356016700042 87,631
000283580600046 51,340
000356016700043 67,392
000283580600047 60,992
000283580600044 44,008
000283580600045 58,814
000283580600042 52,143
000283580600043 58,919
000283580600040 52,976
000262862800039 52,911
000283580600041 54,944
000356016700040 82,513
000262862800035 52,255
000252079300027 46,667
000356016700041 95,182
000262862800036 48,139
000252079300026 53,996
000262862800037 47,283
000252079300029 60,840
000252079300028 55,063
000262862800038 63,998
000087212000039 46,948
000262862800042 57,491
000262862800043 52,485
000262862800044 56,066
000087212000037 15,429
000262862800045 51,159
000087212000038 46,193
000262862800040 50,040
000262862800041 59,489
000270818600060 50,411
000087212000035 13,685
000087212000036 16,878
000270818600057 74,676
000270818600058 56,017
000270818600059 61,957
000283580600053 49,667
000283580600051 45,910
000283580600052 68,357
000283580600050 55,920
000262862800046 67,883
000262862800047 68,255
000262862800048 65,334
000327857900048 65,191
000327857900047 59,805
000327857900049 64,294
000327857900044 49,030
000327857900043 43,306
000327857900046 55,322
000327857900045 60,289
000327857900040 59,124
000327857900042 55,244
000327857900041 57,010
000327857900037 55,186
000340870900046 54,564
000340870900045 50,126
000327857900036 41,570
000327857900039 52,343
000340870900044 61,256
000327857900038 51,075
000340870900043 58,764
000327857900035 41,707
000340870900042 54,520
000340870900041 55,100
000340870900040 53,593
000313622000035 48,135
000313622000039 51,307
000313622000038 45,069
000313622000037 49,827
000313622000036 54,031
000327857900051 60,530
000313622000046 84,040
000313622000045 51,255
000327857900050 67,785
000313622000044 64,394
000327857900053 51,124
000327857900052 67,437
000313622000043 57,815
000313622000049 54,055
000313622000048 66,716
000313622000047 60,188
000313622000042 49,842
000313622000041 53,740
000313622000040 62,523
000237080000041 70,223
000237080000040 67,273
000237080000039 63,913
000237080000032 41,888
000237080000034 42,151
000237080000033 38,014
000237080000036 43,938
000237080000035 39,056
000237080000038 61,486
000237080000037 68,249
000249585900053 60,296
000237080000027 7,726
000248446700046 59,287
000249585900043 61,862
000249585900042 55,004
000248446700045 83,339
000248446700044 96,490
000249585900045 53,170
000249585900044 59,108
000248446700043 67,777
000249585900047 55,326
000249585900046 58,638
000249585900049 54,838
000248446700048 76,627
000249585900048 63,108
000248446700047 99,691
000248446700042 74,573
000248446700041 78,637
000248446700040 78,427
000237080000054 4,410
000237080000053 57,825
000249585900050 56,494
000249585900052 49,220
000249585900051 57,158
000249585900032 56,803
000249585900034 52,010
000249585900036 49,819
000237080000050 71,316
000249585900035 66,217
000237080000052 70,220
000249585900038 49,784
000249585900037 55,926
000237080000051 91,390
000249585900039 17,927
000258228000050 85,777
000237080000043 80,772
000237080000042 63,152
000237080000045 80,941
000237080000044 67,559
000237080000047 68,199
000237080000046 51,520
000249585900041 39,178
000237080000049 74,921
000249585900040 56,226
000237080000048 77,657
000287699000054 64,080
000287699000055 42,560
000287699000056 45,120
000287699000057 48,416
000287699000053 42,583
000287699000058 61,626
000287699000059 46,097
000248446700035 53,352
000248446700039 78,746
000248446700038 64,321
000248446700037 54,221
000248446700036 58,221
000287699000060 54,081
000287699000065 53,098
000287699000066 77,450
000287699000067 56,872
000287699000068 42,471
000287699000061 50,684
000287699000062 54,778
000287699000063 54,517
000287699000064 70,151
000181834200034 42,414
000263425400048 71,135
000263425400047 75,181
000263425400046 60,002
000263425400045 76,219
000263425400044 70,098
000263425400043 81,730
000263425400042 67,934
000263425400041 77,794
000242377600033 15,187
000263425400040 66,769
000242377600032 16,140
000242377600039 62,416
000242377600038 40,596
000183585300040 62,817
000242377600053 44,924
000242377600052 72,089
000242377600051 61,588
000242377600050 68,995
000252772000042 52,553
000252772000041 48,454
000252772000044 53,457
000252772000043 61,560
000252772000040 48,337
000183585300049 65,779
000183585300046 59,495
000183585300045 64,707
000183585300048 70,986
000183585300047 65,930
000183585300042 71,302
000183585300041 54,896
000183585300044 61,094
000183585300043 67,063
000183585300051 68,665
000183585300050 72,804
000263425400039 52,312
000263425400038 58,567
000263425400037 71,830
000242377600042 61,183
000263425400036 80,122
000242377600041 78,994
000263425400035 29,974
000242377600040 71,087
000242377600046 67,348
000242377600045 72,097
000242377600044 59,383
000242377600043 60,258
000242377600049 63,543
000242377600048 57,482
000242377600047 74,702
000250957900050 53,031
000183585300052 62,219
000250957900051 55,162
000244229800032 50,848
000244229800033 14,731
000253943800029 48,111
000244229800036 30,316
000244229800037 53,472
000244229800034 49,344
000244229800035 56,680
000244229800038 47,347
000244229800039 57,765
000248754200043 82,832
000253943800034 61,973
000248754200042 85,669
000244229800040 52,162
000253943800033 45,798
000248754200045 57,510
000253943800036 52,214
000253943800035 48,771
000248754200044 90,228
000253943800038 58,923
000244229800043 52,022
000244229800044 56,783
000253943800037 47,905
000244229800041 63,442
000248754200041 75,371
000244229800042 57,190
000248754200040 77,643
000253943800039 49,741
000244229800047 68,473
000244229800048 60,270
000244229800045 55,419
000244229800046 60,208
000183585300039 60,052
000253943800030 12,162
000183585300038 56,500
000253943800032 45,982
000253943800031 40,270
000183585300035 59,788
000183585300037 45,961
000183585300036 65,828
000253943800044 42,004
000253943800041 42,128
000253943800040 64,180
000228864600050 55,426
000253943800043 48,175
000253943800042 75,371
000352079500029 44,531
000352079500026 38,549
000352079500027 41,798
000352079500028 45,657
000232318000033 49,227
000232318000032 9,819
000232318000035 43,745
000232318000034 48,262
000232318000037 36,224
000232318000036 50,065
000232318000039 36,118
000232318000038 50,502
000352079500032 55,793
000357664300033 74,893
000357664300034 49,791
000352079500033 46,234
000352079500034 60,136
000357664300035 67,509
000352079500035 69,932
000357664300036 60,949
000352079500030 36,343
000352079500031 53,960
000357664300032 48,283
000182699600051 61,591
000182699600050 55,355
000182699600052 44,730
000357664300037 57,521
000352079500036 51,675
000357664300038 51,843
000352079500037 60,528
000352079500038 52,645
000357664300039 70,254
000352079500039 53,688
000352079500043 60,805
000248754200032 61,651
000248754200031 34,522
000352079500044 59,626
000248754200034 66,993
000248754200033 71,847
000352079500040 56,612
000352079500041 59,326
000352079500042 52,234
000182699600040 68,173
000248754200039 60,966
000182699600042 68,204
000182699600041 67,841
000182699600044 47,555
000248754200036 71,096
000182699600043 58,502
000248754200035 58,828
000232318000050 37,591
000182699600046 83,443
000248754200038 84,267
000182699600045 56,788
000248754200037 88,007
000182699600048 72,703
000182699600047 72,257
000182699600049 72,428
000165446200056 51,650
000165446200055 68,894
000165446200054 45,030
000165446200053 39,927
000165446200052 47,700
000165446200051 49,325
000165446200050 69,536
000232318000040 47,459
000182699600033 13,339
000232318000042 61,450
000182699600035 11,306
000232318000041 63,441
000182699600034 13,876
000232318000044 66,114
000182699600037 13,494
000232318000043 48,084
000182699600036 11,620
000182699600039 47,054
000232318000046 58,189
000182699600038 45,681
000232318000045 63,920
000232318000048 50,577
000232318000047 53,058
000232318000049 56,381
000177162800019 10,931
000165446200049 62,232
000165446200048 46,688
000165446200047 46,010
000165446200046 47,499
000165446200045 50,087
000177162800012 16,085
000165446200044 50,933
000177162800011 14,888
000165446200043 42,834
000165446200042 51,098
000165446200041 42,432
000165446200040 47,129
000250957900047 40,043
000250957900048 57,306
000250957900049 45,007
000250957900043 78,304
000227039200040 78,351
000250957900044 55,465
000227039200041 74,749
000250957900045 48,905
000227039200042 64,269
000250957900046 49,156
000227039200043 71,686
000227039200044 73,258
000250957900040 54,685
000227039200045 57,500
000250957900041 48,460
000227039200046 64,698
000250957900042 79,768
000227039200036 60,591
000227039200037 86,389
000227039200038 57,500
000227039200039 62,071
000252772000039 49,777
000177162800029 14,244
000252772000038 59,153
000165446200039 43,557
000177162800028 12,525
000165446200038 38,596
000177162800027 20,362
000252772000035 52,035
000183012000044 49,761
000183012000043 66,288
000252772000034 45,761
000183012000046 64,820
000252772000037 48,452
000183012000045 78,035
000252772000036 59,883
000252772000031 12,983
000183012000040 53,713
000252772000030 49,205
000252772000033 41,138
000183012000042 65,617
000252772000032 51,019
000183012000041 77,701
000298030800039 59,288
000250957900037 16,605
000298030800038 63,459
000250957900038 43,978
000250957900039 52,051
000298030800037 57,379
000298030800036 71,603
000250957900033 48,829
000298030800035 66,332
000298030800034 84,297
000227039200030 63,301
000250957900034 46,480
000227039200031 67,626
000298030800033 59,044
000250957900035 60,409
000227039200032 61,801
000227039200033 56,990
000227039200034 67,666
000227039200035 62,883
000183012000037 54,816
000227039200029 54,378
000183012000036 59,532
000177162800039 56,682
000177162800038 64,058
000183012000039 66,951
000183012000038 72,256
000177162800037 66,213
000357664300044 74,240
000177162800036 76,767
000183012000033 56,029
000177162800035 77,948
000357664300045 61,594
000357664300046 51,157
000177162800034 64,944
000183012000035 56,274
000165446200023 10,994
000177162800033 70,899
000183012000034 55,193
000165446200022 13,776
000357664300040 57,407
000177162800032 58,589
000357664300041 47,313
000177162800031 13,688
000357664300042 57,586
000183012000031 14,490
000177162800030 11,845
000357664300043 58,923
000183012000030 12,764
000298030800048 81,846
000298030800047 68,569
000298030800046 91,304
000298030800045 79,059
000298030800044 73,908
000298030800043 80,931
000298030800042 81,316
000298030800041 76,850
000298030800040 71,438
000183012000029 13,274
000183012000028 10,309
000183012000027 6,903
000177162800047 69,836
000177162800046 72,342
000177162800045 62,825
000177162800044 53,303
000177162800043 49,381
000177162800042 57,266
000177162800041 51,620
000177162800040 73,002
000316740700044 64,219
000316740700045 71,683
000316740700046 47,285
000316740700047 64,645
000316740700040 44,024
000316740700041 57,887
000316740700042 51,771
000316740700043 62,589
000226985100055 43,892
000226985100054 51,334
000226985100053 46,910
000226985100052 60,328
000316740700048 56,852
000226985100051 53,908
000226985100050 48,011
000226985100057 55,164
000226985100056 48,768
000085902800027 17,970
000316740700033 48,869
000316740700034 57,359
000316740700035 52,726
000316740700036 62,278
000226985100044 55,761
000226985100043 13,732
000226985100042 49,784
000226985100041 56,979
000316740700037 48,503
000226985100040 9,877
000316740700038 53,261
000316740700039 50,491
000226985100049 60,195
000226985100048 59,160
000226985100047 65,973
000085902800036 12,199
000226985100046 48,392
000226985100045 51,411
000230212800069 45,335
000230212800068 50,903
000230212800067 54,205
000230212800066 11,333
000246554000037 44,834
000085902800046 52,437
000246554000038 55,663
000085902800047 59,677
000246554000039 60,910
000085902800048 34,681
000085902800049 40,059
000085902800040 10,858
000230212800076 48,570
000230212800075 56,166
000230212800074 72,550
000230212800073 65,421
000230212800079 43,727
000230212800078 38,959
000230212800077 41,281
000230212800072 50,036
000230212800071 51,796
000230212800070 36,473
000085902800057 52,441
000085902800058 43,265
000085902800059 55,930
000085902800053 56,164
000085902800054 50,377
000085902800055 55,535
000085902800056 40,103
000085902800050 33,160
000085902800051 52,079
000085902800052 59,346
000246554000050 64,486
000246554000051 59,933
000246554000052 65,557
000246554000053 71,288
000230212800081 46,656
000230212800080 48,246
000246554000054 61,315
000345696000038 47,648
000345696000039 62,706
000345696000036 56,517
000246554000040 18,069
000345696000037 58,774
000246554000041 47,155
000345696000034 40,938
000246554000042 55,071
000345696000035 66,626
000246554000043 52,061
000246554000044 50,172
000345696000032 50,356
000345696000033 57,740
000246554000045 59,853
000345696000030 43,509
000246554000046 55,666
000246554000047 46,731
000345696000031 42,830
000246554000048 52,570
000246554000049 52,391
000345696000047 49,479
000345696000045 69,993
000345696000046 46,291
000345696000043 54,278
000345696000044 52,453
000345696000041 58,760
000345696000042 62,101
000345696000040 44,779
000311031600034 37,113
000180533000059 32,275
000311031600035 44,151
000311031600032 33,435
000311031600033 37,273
000311031600031 35,798
000311031600038 68,412
000311031600039 56,290
000311031600036 57,562
000311031600037 75,840
000180533000060 29,508
000180533000061 33,048
000228864600038 55,057
000180533000062 21,528
000228864600037 64,511
000228864600039 58,152
000228864600034 52,648
000228864600036 57,871
000228864600035 51,375
000180533000048 36,727
000180533000049 28,918
000228864600041 65,288
000228864600040 48,738
000228864600043 62,908
000228864600042 79,096
000180533000050 52,806
000228864600049 71,653
000180533000051 29,694
000228864600048 85,120
000180533000052 33,302
000180533000053 28,044
000180533000054 42,168
000228864600045 60,392
000180533000055 36,039
000228864600044 72,615
000180533000056 27,688
000228864600047 79,228
000180533000057 25,310
000228864600046 76,320
000180533000058 28,445
000311031600052 68,346
000311031600053 84,251
000311031600050 75,806
000311031600051 80,188
000354377800049 47,619
000311031600045 69,442
000311031600046 66,820
000311031600043 74,371
000311031600044 69,176
000311031600041 74,889
000311031600042 56,349
000311031600040 71,882
000311031600049 52,384
000311031600047 103,210
000311031600048 81,296
000278804500040 82,493
000278804500041 68,837
000278804500042 77,719
000278804500043 71,346
000278804500044 79,080
000278804500045 91,629
000321959300033 51,508
000321959300034 52,637
000321959300035 53,513
000321959300036 47,422
000321959300037 43,139
000085902800068 49,749
000321959300038 44,201
000321959300039 49,922
000085902800064 43,542
000085902800065 50,948
000085902800066 54,615
000085902800067 46,304
000085902800060 53,067
000085902800061 66,673
000085902800062 45,157
000085902800063 45,172
000321959300044 68,279
000321959300045 51,533
000321959300046 59,794
000321959300047 53,689
000321959300048 51,148
000321959300049 64,754
000321959300040 54,507
000321959300041 67,670
000321959300042 40,804
000321959300043 61,316
000180533000037 56,203
000180533000038 85,921
000180533000039 70,360
000278804500029 73,727
000168858700013 10,055
000168858700012 7,827
000180533000040 73,762
000180533000041 70,860
000180533000042 61,798
000180533000043 65,053
000180533000044 69,205
000180533000045 69,536
000180533000046 68,469
000278804500030 74,181
000278804500031 68,954
000278804500032 75,497
000278804500033 56,310
000278804500034 82,477
000278804500035 69,117
000278804500036 60,110
000278804500037 52,000
000278804500038 75,060
000278804500039 63,631
000180533000030 25,482
000180533000031 15,105
000180533000032 40,397
000180533000033 56,521
000180533000034 66,125
000180533000035 67,687
000180533000036 74,177
000243535400045 48,440
000243535400044 56,589
000243535400043 45,663
000243535400042 57,294
000356782900050 84,771
000243535400047 41,808
000243535400046 47,814
000356782900042 81,291
000168858700035 10,979
000356782900043 58,881
000168858700034 20,961
000356782900040 38,285
000356782900041 64,860
000168858700039 60,595
000243535400041 60,168
000356782900046 52,747
000356782900047 58,144
000168858700038 61,935
000243535400040 41,432
000356782900044 59,638
000168858700037 63,774
000356782900045 73,264
000356782900048 74,607
000356782900049 105,218
000273394000030 35,494
000273394000032 53,769
000273394000031 68,364
000243535400039 44,191
000243535400034 44,292
000243535400033 50,160
000243535400032 54,437
000243535400031 16,214
000243535400038 56,386
000243535400037 48,062
000243535400036 40,239
000243535400035 60,646
000168858700024 4,775
000168858700023 13,252
000243535400030 44,816
000273394000038 62,485
000273394000037 51,602
000273394000039 63,097
000273394000034 56,866
000273394000033 46,426
000273394000036 54,802
000273394000035 46,437
000239278900029 44,734
000168858700053 45,488
000168858700052 53,509
000168858700051 73,505
000168858700050 74,729
000168858700055 48,819
000168858700054 70,352
000273394000027 48,576
000273394000026 66,791
000273394000029 64,926
000273394000028 60,751
000239278900030 47,903
000273394000025 16,131
000273394000024 55,553
000239278900032 32,931
000239278900031 27,463
000239278900034 44,098
000239278900033 41,678
000239278900036 55,954
000239278900035 16,616
000239278900038 66,031
000239278900037 54,421
000239278900039 61,909
000168858700042 61,729
000168858700041 56,491
000168858700040 51,060
000168858700046 68,408
000168858700045 64,404
000168858700044 72,349
000168858700043 63,210
000168858700049 62,590
000168858700048 76,710
000168858700047 60,138
000239278900041 75,991
000239278900040 68,875
000239278900043 68,746
000255026000040 61,570
000239278900042 79,308
000255026000041 46,450
000239278900045 73,362
000239278900044 69,006
000239278900047 86,451
000239278900046 56,620
000239278900048 63,266
000340524700042 49,236
000340524700041 47,366
000340524700040 55,331
000354377800063 83,598
000340524700049 63,863
000340524700048 74,306
000354377800061 77,697
000354377800062 84,843
000340524700047 62,018
000340524700046 63,729
000247373100051 58,829
000247373100050 73,227
000340524700045 50,752
000354377800060 54,617
000340524700044 72,545
000340524700043 47,139
000255026000048 66,151
000255026000049 62,522
000255026000046 57,883
000255026000047 60,593
000255026000044 69,601
000255026000045 60,097
000255026000042 59,631
000255026000043 56,355
000255026000051 67,503
000255026000052 82,548
000255026000050 72,914
000354377800052 63,712
000340524700039 52,679
000340524700038 51,152
000354377800053 65,139
000340524700037 51,315
000354377800050 65,063
000354377800051 63,697
000340524700036 68,351
000247373100040 55,949
000247373100042 64,655
000247373100041 54,518
000247373100044 65,475
000247373100043 72,352
000247373100046 59,228
000354377800058 77,234
000354377800059 76,256
000247373100045 77,667
000354377800056 71,515
000247373100048 72,446
000247373100047 65,256
000354377800057 65,632
000354377800054 66,709
000255026000053 79,194
000247373100049 63,958
000354377800055 89,375
000247373100035 35,351
000247373100034 44,151
000247373100037 32,398
000247373100036 51,636
000247373100039 57,721
000247373100038 57,923
000356782900053 66,096
000356782900054 85,563
000356782900051 78,636
000356782900052 74,600
000356782900055 87,453
000278043700033 86,078
000311390600047 65,360
000278043700032 83,798
000311390600048 57,108
000278043700035 82,123
000278043700034 58,572
000311390600043 59,558
000311390600044 60,337
000278043700031 78,888
000311390600045 43,066
000278043700030 54,183
000311390600046 46,412
000278043700037 79,602
000278043700036 69,310
000278043700039 87,712
000278043700038 66,597
000238850200042 45,906
000238850200043 57,306
000238850200040 48,911
000238850200041 54,610
000181367900040 42,052
000181367900041 54,680
000278043700029 63,434
000278043700026 60,900
000278043700025 64,049
000278043700028 75,358
000278043700027 78,708
000238850200035 64,465
000238850200036 55,569
000238850200037 50,992
000238850200038 58,759
000238850200031 55,668
000238850200032 46,320
000238850200033 48,603
000238850200034 44,454
000181367900032 42,009
000181367900033 51,717
000181367900034 42,317
000181367900035 49,798
000238850200030 60,582
000181367900036 52,044
000181367900037 47,562
000181367900038 51,091
000181367900039 73,344
000181367900030 45,980
000181367900031 50,781
000238850200039 50,633
000181367900029 60,175
000238850200027 52,657
000311390600040 78,430
000311390600041 65,263
000311390600042 63,198
000181367900026 47,611
000181367900027 6,314
000181367900028 46,781
000311390600036 46,414
000311390600037 59,048
000311390600038 57,490
000311390600039 41,802
000278043700040 69,151
000311390600034 52,384
000311390600035 50,189
000278043700041 70,330
000238850200028 13,564
000238850200029 59,114
000185255300053 52,800
000185255300052 48,940
000185255300051 53,334
000185255300050 50,005
000280602700041 59,567
000280602700042 60,328
000280602700040 56,634
000256023700032 52,972
000256023700033 49,393
000256023700038 69,234
000256023700039 70,667
000256023700036 70,554
000256023700037 82,514
000256023700034 65,553
000185255300054 43,772
000256023700035 70,063
000185255300042 34,546
000185255300041 58,018
000181965400027 6,472
000185255300040 39,205
000280602700038 56,667
000280602700039 56,641
000280602700036 52,263
000280602700037 51,989
000280602700034 57,166
000181965400020 4,287
000280602700035 54,771
000280602700032 52,713
000280602700033 49,312
000280602700030 59,554
000280602700031 46,930
000256023700043 86,159
000256023700044 74,815
000256023700041 86,881
000256023700042 57,523
000256023700040 68,522
000185255300049 60,762
000185255300048 47,637
000256023700049 85,081
000185255300047 59,680
000185255300046 41,302
000256023700047 74,201
000256023700048 70,885
000185255300045 39,492
000185255300044 50,246
000256023700045 56,337
000256023700046 76,500
000185255300043 46,366
000280602700029 48,252
000280602700028 10,694
000181965400011 13,004
000181965400010 10,142
000185255300039 9,715
000185255300038 51,824
000352136400037 59,123
000181965400040 68,521
000181965400041 72,257
000352136400038 62,655
000352136400039 54,523
000352136400033 52,690
000352136400034 49,343
000352136400035 42,153
000352136400036 49,794
000352136400030 64,793
000352136400031 53,528
000352136400032 61,623
000181965400039 67,452
000181965400037 61,428
000181965400038 62,094
000181965400035 53,221
000181965400036 71,854
000181965400033 59,450
000181965400034 58,245
000181965400031 57,345
000181965400032 59,237
000181965400030 68,667
000352136400040 53,718
000352136400041 52,664
000352136400042 80,154
000352136400043 66,407
000181965400028 14,167
000181965400029 7,899
000235257400042 51,216
000235257400043 49,215
000235257400040 39,240
000235257400041 44,105
000235257400046 42,366
000235257400047 51,718
000235257400044 57,455
000235257400045 48,902
000235257400048 48,314
000235257400049 57,255
000235257400036 43,634
000235257400039 48,424
000235257400037 10,656
000235257400038 50,838
000248302700050 85,838
000248302700052 77,487
000248302700051 92,277
000248302700053 83,326
000180960000037 48,252
000180960000038 46,577
000180960000036 10,725
000248302700045 74,797
000248302700044 64,637
000248302700047 77,034
000248302700046 75,880
000248302700049 58,228
000248302700048 62,898
000248302700041 46,778
000248302700040 58,964
000248302700043 74,548
000248302700042 66,110
000248302700038 47,451
000248302700039 32,278
000180960000050 55,624
000180960000039 51,660
000180960000040 43,405
000180960000041 57,752
000180960000044 52,988
000180960000045 38,013
000180960000042 49,965
000180960000043 43,797
000180960000048 61,962
000180960000049 48,045
000180960000046 44,025
000180960000047 57,365
000251209700034 52,101
000251209700033 44,041
000251209700038 56,920
000251209700037 73,484
000251209700036 58,619
000251209700035 64,554
000251209700039 53,849
000251209700041 53,268
000251209700040 53,467
000251209700045 64,807
000251209700042 46,197
000251209700049 56,921
000251209700048 53,485
000251209700047 48,060
000251209700046 64,015
000275162100028 54,174
000275162100029 41,439
000295575400034 63,842
000295575400035 62,431
000295575400033 44,892
000295575400038 74,681
000295575400039 76,806
000295575400036 47,454
000295575400037 66,799
000284051000039 37,904
000284051000038 45,980
000295575400041 66,126
000295575400042 85,833
000284051000036 41,126
000295575400040 63,366
000284051000035 43,314
000255026000039 62,787
000284051000034 51,028
000295575400045 83,062
000295575400046 71,346
000295575400043 66,070
000295575400044 74,959
000295575400049 81,932
000295575400047 92,388
000295575400048 107,935
000294603900027 53,232
000294603900028 61,141
000294603900029 66,302
000284051000049 89,419
000284051000048 73,882
000284051000047 70,394
000284051000046 56,974
000275162100040 53,450
000275162100041 63,873
000284051000045 62,094
000284051000044 68,649
000284051000043 73,650
000284051000042 43,224
000284051000041 43,586
000284051000040 40,166
000294603900038 73,264
000294603900039 79,713
000235257400051 44,591
000294603900030 57,064
000294603900031 68,420
000294603900032 71,218
000294603900033 56,042
000275162100037 59,751
000294603900034 77,823
000275162100038 57,385
000294603900035 54,627
000235257400050 51,017
000294603900036 91,703
000275162100039 63,067
000294603900037 68,182
000275162100033 59,694
000275162100034 52,821
000275162100035 51,476
000275162100036 48,646
000275162100030 63,883
000275162100031 65,186
000275162100032 51,244
000284051000056 67,863
000284051000055 62,912
000284051000054 70,706
000284051000053 72,029
000284051000052 115,818
000284051000051 72,573
000284051000050 62,052
000273582700029 73,735
000273582700028 76,620
000273582700027 50,236
000273582700026 64,047
000273582700025 56,550
000273582700024 47,147
000297553600050 43,353
000297553600051 55,567
000297553600052 56,129
000297553600053 56,478
000297553600054 66,688
000297553600055 52,273
000294603900041 90,402
000294603900040 89,109
000273582700040 62,287
000273582700039 61,043
000273582700034 87,027
000273582700033 72,205
000273582700032 61,063
000273582700031 73,127
000273582700038 81,660
000273582700037 85,079
000273582700036 79,951
000273582700035 74,080
000273582700030 65,631
000312259300043 74,909
000312259300044 69,711
000312259300041 64,961
000312259300042 72,911
000312259300040 57,867
000280141200028 57,875
000280141200029 47,893
000242833600046 47,152
000242833600047 58,379
000280141200027 69,004
000242833600048 51,489
000242833600049 12,809
000242833600042 47,735
000242833600043 51,015
000242833600044 51,762
000242833600045 49,478
000231836700028 10,005
000316731600041 44,751
000316731600042 44,497
000316731600043 57,195
000316731600044 53,209
000242833600041 43,338
000316731600040 52,293
000316731600049 72,587
000312259300049 73,777
000316731600045 48,719
000312259300047 82,969
000316731600046 52,653
000312259300048 101,707
000312259300045 71,062
000316731600047 63,209
000316731600048 64,700
000312259300046 60,340
000231836700034 10,408
000231836700033 40,771
000231836700036 46,972
000088090400039 40,106
000088090400038 52,880
000231836700035 49,814
000242833600057 52,551
000242833600058 57,651
000242833600059 53,214
000088090400037 46,748
000231836700038 55,068
000242833600053 46,604
000231836700037 66,814
000088090400036 37,278
000242833600054 61,554
000088090400035 59,127
000242833600055 50,564
000242833600056 51,562
000088090400034 56,859
000231836700039 57,171
000242833600050 66,728
000242833600051 49,025
000242833600052 51,572
000088090400040 63,152
000316731600038 41,119
000316731600039 36,200
000316731600034 12,813
000316731600035 10,207
000316731600036 43,107
000316731600037 44,031
000231836700045 52,816
000231836700044 52,789
000231836700047 62,707
000231836700046 50,695
000231836700041 53,576
000231836700040 42,177
000231836700043 45,380
000231836700042 50,455
000231836700049 53,105
000231836700048 58,904
000280141200040 80,977
000280141200041 65,992
000312259300032 60,730
000312259300033 60,848
000312259300031 81,075
000280141200039 90,990
000280141200037 80,346
000280141200038 62,978
000280141200035 77,332
000280141200036 66,252
000280141200033 65,017
000280141200034 54,628
000280141200031 75,178
000280141200032 72,893
000280141200030 62,747
000312259300038 70,559
000312259300039 72,032
000312259300036 64,606
000312259300037 86,137
000312259300034 56,506
000312259300035 68,408
000288170200044 71,214
000288170200043 83,255
000288170200042 84,903
000288170200041 79,766
000288170200040 68,745
000187908500047 64,378
000187908500046 44,129
000187908500045 47,991
000244341200037 38,678
000187908500044 49,247
000244341200038 48,930
000187908500043 62,956
000187908500042 40,909
000187908500041 46,568
000187908500040 52,044
000244341200035 38,944
000244341200036 41,032
000187908500039 53,238
000244341200033 39,435
000187908500038 12,803
000244341200034 44,725
000187908500037 36,487
000293447300029 67,830
000346247600001 70,709
000293447300028 54,271
000293447300027 54,652
000293447300026 54,364
000346247600004 72,351
000346247600003 76,953
000346247600002 62,241
000187908500050 57,370
000244341200048 55,823
000244341200049 63,512
000187908500053 54,655
000187908500052 62,889
000187908500051 58,723
000244341200042 46,101
000244341200043 60,770
000244341200041 57,428
000244341200046 70,452
000244341200047 78,155
000244341200044 71,470
000187908500049 51,353
000244341200045 95,821
000187908500048 50,378
000352454600029 42,820
000352454600031 70,283
000352454600030 63,463
000318619000041 66,778
000352454600033 77,395
000186944300030 63,263
000186944300031 62,942
000352454600032 66,109
000318619000040 62,695
000352454600035 80,130
000186944300032 62,883
000318619000043 54,705
000352454600034 56,775
000186944300033 62,786
000318619000042 46,895
000186944300034 70,201
000186944300035 55,952
000186944300036 69,553
000288170200029 51,398
000186944300037 63,398
000186944300038 65,832
000242833600064 53,264
000186944300039 72,295
000242833600060 43,953
000185116400041 48,797
000242833600061 52,816
000185116400040 44,166
000185116400043 57,437
000242833600062 47,131
000185116400042 39,489
000242833600063 53,712
000185116400045 59,739
000185116400044 60,082
000185116400046 66,029
000352454600037 57,426
000352454600036 79,408
000352454600039 77,317
000352454600038 79,565
000288170200034 68,991
000352454600040 62,693
000318619000034 46,536
000288170200033 58,771
000318619000033 61,553
000288170200032 59,598
000318619000036 50,212
000352454600042 85,683
000288170200031 65,861
000318619000035 52,794
000352454600041 60,476
000186944300040 72,575
000318619000030 73,630
000352454600044 66,389
000186944300041 66,057
000288170200030 51,352
000186944300042 51,438
000352454600043 82,841
000318619000032 57,284
000186944300043 69,519
000186944300044 81,374
000352454600045 78,117
000318619000031 61,449
000288170200039 82,676
000288170200038 64,973
000318619000038 64,649
000318619000037 61,710
000288170200037 67,556
000288170200036 83,570
000288170200035 85,143
000318619000039 48,425
000316731600052 48,965
000316731600053 65,157
000316731600054 56,808
000316731600050 48,860
000316731600051 52,952
000318619000027 36,686
000318619000029 57,715
000318619000028 47,893
000346247600045 61,255
000346247600044 60,935
000346247600043 38,742
000185116400029 14,382
000346247600049 75,597
000346247600048 82,869
000346247600047 65,210
000346247600046 60,064
000329162000056 61,219
000232829100060 70,468
000329162000055 74,381
000329162000054 61,440
000329162000053 60,381
000329162000052 67,199
000185116400030 57,605
000232829100059 71,953
000185116400032 53,568
000185116400031 44,549
000232829100058 60,908
000346247600052 92,636
000185116400034 40,962
000346247600051 68,225
000185116400033 36,587
000346247600050 83,978
000185116400036 56,287
000185116400035 54,274
000185116400038 43,735
000346247600056 79,905
000346247600055 70,206
000185116400037 44,386
000346247600054 68,283
000185116400039 65,739
000346247600053 75,604
000329162000048 65,173
000329162000047 71,719
000329162000046 63,366
000329162000045 43,533
000329162000044 48,736
000329162000043 56,730
000329162000042 54,601
000329162000041 61,027
000232829100053 62,556
000297553600047 53,161
000297553600048 57,065
000232829100052 66,877
000232829100051 58,233
000297553600049 57,893
000232829100050 59,664
000232829100057 61,484
000232829100056 53,450
000232829100055 81,626
000232829100054 80,348
000329162000049 50,756
000232829100049 64,863
000297553600040 13,565
000297553600041 49,875
000232829100048 76,938
000232829100047 58,223
000297553600042 44,986
000293447300040 80,439
000297553600043 46,852
000297553600044 45,058
000297553600045 45,340
000297553600046 49,376
000329162000051 52,234
000329162000050 53,725
000232829100042 43,059
000232829100041 42,241
000232829100040 38,619
000297553600039 45,683
000232829100046 60,742
000232829100045 68,570
000232829100044 41,027
000232829100043 44,388
000293447300032 65,238
000232829100039 43,395
000293447300031 61,197
000232829100038 43,575
000293447300030 83,878
000293447300039 78,507
000293447300038 92,014
000293447300037 63,560
000293447300036 73,529
000293447300035 87,347
000293447300034 73,571
000293447300033 63,567
000185255300020 8,592
000182135400050 50,241
000182135400052 34,849
000182135400051 50,191
000182135400054 34,660
000182135400053 73,711
000182135400056 63,545
000182135400055 46,891
000182135400058 58,611
000182135400057 67,282
000182135400059 45,853
000228810500050 52,065
000228810500052 53,686
000228810500051 59,819
000228810500054 47,519
000228810500053 38,380
000228810500056 54,168
000228810500055 76,918
000182135400061 61,182
000182135400060 45,581
000349838000001 41,239
000182135400039 46,088
000182135400043 33,931
000182135400045 38,781
000182135400044 45,888
000182135400047 9,201
000182135400046 48,551
000182135400049 47,090
000182135400048 42,958
000186944300029 32,908
000244341200053 62,638
000244341200054 62,590
000244341200051 67,848
000244341200052 60,513
000244341200055 74,876
000244341200050 75,945
000237920800033 13,795
000237920800034 12,712
000237920800037 73,925
000237920800039 68,074
000237920800038 69,362
000237920800040 73,102
000237920800042 68,615
000237920800041 62,401
000237920800044 66,075
000291939700047 52,060
000291939700046 73,072
000237920800043 8,616
000237920800046 58,802
000291939700049 67,228
000237920800045 86,979
000291939700048 73,145
000237920800048 60,321
000237920800047 52,018
000237920800049 74,855
000291939700050 49,648
000291939700052 64,383
000291939700051 81,572
000237920800051 90,951
000237920800050 79,904
000237920800052 62,627
000291939700038 62,845
000291939700039 59,000
000291939700041 70,380
000291939700040 70,282
000291939700043 59,445
000291939700042 58,505
000291939700045 80,736
000291939700044 77,561
000225630800039 55,098
000225630800036 57,490
000225630800035 66,328
000225630800038 58,772
000225630800037 11,955
000225630800034 64,084
000225630800047 39,274
000225630800046 13,954
000225630800049 54,077
000225630800048 45,376
000225630800043 48,752
000225630800042 71,858
000225630800045 55,314
000225630800044 51,573
000225630800041 70,947
000225630800040 51,791
000225630800058 61,663
000225630800057 59,213
000225630800059 52,177
000225630800054 54,277
000225630800053 52,170
000225630800056 58,635
000225630800055 48,869
000225630800050 40,656
000225630800052 60,762
000225630800051 52,137
000170577200029 64,274
000266048800028 46,004
000266048800029 66,381
000170577200030 59,310
000170577200031 68,503
000170577200034 56,843
000170577200035 73,862
000170577200032 59,439
000170577200033 55,991
000170577200038 77,839
000266048800026 47,733
000170577200039 75,447
000266048800027 13,030
000170577200036 55,255
000170577200037 69,789
000173278600010 13,545
000170577200041 71,047
000170577200040 58,111
000170577200012 8,180
000170577200011 12,426
000170577200018 10,208
000170577200019 7,388
000269478800029 58,330
000269478800026 33,481
000170577200027 9,022
000170577200028 44,322
000173278600039 10,533
000170577200025 11,329
000170577200026 19,057
000173278600043 47,569
000173278600042 53,143
000173278600041 44,157
000173278600040 32,824
000271899300047 70,779
000271899300048 63,243
000271899300045 66,291
000271899300046 62,520
000271899300043 67,716
000271899300044 62,279
000271899300041 63,937
000173278600047 59,492
000271899300042 63,473
000173278600046 51,981
000173278600045 49,579
000271899300040 61,688
000173278600044 59,175
000173278600049 56,381
000173278600048 51,553
000173278600050 46,441
000173278600054 55,283
000173278600053 48,837
000273981100051 96,451
000173278600052 52,267
000273981100050 72,652
000173278600051 65,336
000273981100053 80,580
000273981100052 72,396
000273981100055 57,463
000173278600055 61,505
000273981100054 77,428
000273981100057 81,122
000273981100056 66,834
000087465800042 66,527
000087465800043 71,133
000087465800040 65,172
000087465800041 51,724
000087465800046 76,083
000087465800047 58,235
000087465800044 67,580
000087465800045 60,138
000087465800048 86,790
000087465800049 68,941
000319254000039 71,687
000087465800050 52,101
000336121200044 86,305
000336121200042 82,183
000087465800053 49,365
000336121200043 67,880
000087465800054 14,042
000087465800051 68,754
000336121200040 69,682
000336121200041 74,166
000087465800052 59,684
000087465800057 14,824
000087465800055 14,739
000087465800056 13,968
000271899300038 56,085
000271899300039 74,691
000271899300036 28,340
000271899300037 59,563
000271899300035 41,464
000336121200039 101,027
000336121200037 79,719
000336121200038 65,977
000336121200035 61,971
000336121200036 66,857
000336121200033 60,181
000336121200034 65,482
000365700500073 49,494
000336121200031 76,100
000294406400060 57,264
000365700500074 50,646
000336121200032 60,265
000365700500075 67,231
000365700500076 45,699
000336121200030 64,646
000365700500070 60,980
000294406400061 46,706
000365700500071 61,371
000365700500072 56,857
000319254000051 72,843
000319254000052 92,072
000319254000050 74,770
000319254000055 49,958
000365700500077 55,489
000365700500078 51,839
000319254000053 77,407
000365700500079 52,481
000319254000054 72,081
000294406400056 63,248
000336121200029 54,115
000294406400057 65,503
000294406400054 49,539
000294406400055 49,685
000336121200027 37,044
000294406400058 65,317
000294406400059 49,948
000365700500062 55,899
000365700500063 41,781
000365700500064 40,666
000365700500065 46,201
000294406400052 55,448
000087465800035 11,008
000087465800036 44,497
000294406400053 66,105
000294406400050 51,678
000087465800033 19,136
000294406400051 68,151
000365700500061 49,423
000087465800034 15,629
000319254000040 56,209
000087465800039 46,508
000319254000041 56,140
000087465800037 49,682
000087465800038 56,067
000319254000044 62,668
000365700500067 76,907
000319254000045 81,239
000319254000042 78,726
000365700500068 73,702
000319254000043 88,111
000365700500069 58,706
000319254000048 88,013
000319254000049 92,190
000319254000046 53,903
000319254000047 66,459
000294406400045 45,295
000294406400046 59,008
000294406400044 11,615
000294406400049 55,811
000294406400047 42,565
000294406400048 45,835
000294406400041 41,043
000294406400040 34,514
000269478800032 62,991
000269478800031 66,058
000269478800030 68,016
000269478800036 65,258
000269478800035 62,381
000269478800034 65,306
000269478800033 87,115
000269478800039 85,186
000269478800038 65,963
000269478800037 93,562
000269478800043 63,392
000269478800042 81,158
000269478800041 79,587
000269478800040 73,624
000309918500051 80,093
000309918500050 69,385
000309918500052 60,519
000266048800040 46,101
000266048800041 58,064
000266048800042 53,259
000266048800043 57,979
000266048800039 69,414
000365700500080 66,391
000266048800030 49,237
000266048800033 56,251
000266048800034 54,127
000266048800031 55,363
000266048800032 50,277
000266048800037 61,763
000266048800038 50,969
000266048800035 50,241
000266048800036 55,610
000266878700037 44,906
000266878700038 47,780
000266878700039 51,361
000266878700033 38,402
000266878700034 10,293
000266878700035 49,423
000266878700036 53,021
000221524500036 35,296
000221524500037 45,987
000221524500038 41,276
000309918500037 64,831
000221524500039 70,352
000309918500036 63,078
000309918500039 65,191
000221524500032 14,093
000309918500038 63,483
000221524500033 56,232
000221524500034 48,574
000221524500035 38,926
000221524500040 63,586
000309918500040 62,698
000221524500041 58,746
000179223100038 29,315
000179223100039 41,687
000221524500042 71,504
000309918500042 63,578
000179223100037 37,634
000309918500041 73,399
000309918500044 83,421
000309918500043 78,975
000266878700040 50,133
000266878700041 52,639
000266878700042 48,652
000266878700043 53,704
000266878700048 56,353
000266878700049 47,279
000266878700044 67,249
000266878700045 53,094
000266878700046 72,361
000266878700047 54,369
000221524500047 43,883
000309918500046 76,519
000309918500045 70,095
000309918500048 79,486
000309918500047 71,343
000221524500043 51,440
000309918500049 72,100
000221524500044 47,093
000221524500045 63,235
000221524500046 62,497
000266878700050 59,072
000289516600036 46,509
000289516600037 43,711
000174858800035 57,753
000289516600038 44,097
000289516600039 55,360
000233458200039 36,664
000257320800039 49,283
000257320800038 60,731
000233458200038 32,507
000257320800037 49,143
000289516600035 51,743
000257320800036 58,419
000257320800035 53,288
000257320800034 55,242
000257320800033 49,863
000257320800032 50,617
000174858800038 53,465
000257320800030 45,458
000174858800039 51,136
000174858800036 44,539
000174858800037 14,643
000174858800045 47,525
000289516600047 77,683
000179494800040 45,979
000289516600048 73,570
000174858800046 51,133
000179494800041 58,098
000179494800042 55,531
000174858800043 48,876
000289516600049 55,497
000174858800044 54,268
000179494800043 50,324
000174858800041 45,693
000289516600043 52,289
000179494800044 51,813
000179494800045 51,679
000233458200049 69,095
000289516600044 51,810
000174858800042 41,116
000179494800046 56,302
000289516600045 51,191
000289516600046 62,535
000174858800040 47,757
000179494800047 47,606
000233458200046 58,174
000179494800048 48,257
000233458200045 63,615
000233458200048 52,811
000233458200047 54,669
000174858800049 45,757
000233458200042 53,054
000233458200041 53,185
000233458200044 74,906
000174858800047 51,824
000233458200043 77,382
000174858800048 59,971
000233458200040 52,797
000289516600040 40,667
000289516600041 72,713
000289516600042 53,348
000179494800030 49,250
000179223100049 49,979
000179494800031 45,703
000179494800032 14,786
000179494800033 48,387
000179223100047 40,986
000174858800052 51,513
000179223100048 34,398
000179494800034 53,753
000174858800053 53,661
000174858800050 57,750
000179223100045 45,770
000179494800035 41,076
000179223100046 47,984
000174858800051 63,423
000179494800036 52,004
000257320800057 41,246
000179494800037 61,094
000179494800038 46,495
000257320800056 55,448
000257320800055 44,581
000179494800039 59,714
000257320800054 61,057
000233458200053 73,116
000257320800053 50,765
000233458200052 82,748
000257320800052 53,407
000257320800051 40,662
000233458200055 72,447
000233458200054 75,321
000257320800050 50,712
000233458200051 55,194
000233458200050 59,377
000179223100043 50,790
000179223100044 54,406
000179223100041 17,674
000179223100042 57,375
000179223100040 44,497
000257320800049 62,398
000257320800048 45,370
000179223100056 46,697
000257320800047 46,520
000179223100057 11,444
000257320800046 52,073
000257320800045 52,473
000257320800044 43,836
000257320800043 7,772
000257320800042 46,783
000257320800041 50,974
000257320800040 53,559
000179223100054 70,188
000179223100055 54,609
000179223100052 41,415
000179223100053 57,763
000179223100050 52,220
000179223100051 57,705
000291441700035 39,219
000291441700036 45,948
000291441700033 43,433
000291441700034 74,570
000291441700039 47,523
000291441700037 49,891
000291441700038 43,252
000291441700042 55,780
000291441700043 65,003
000291441700040 61,832
000291441700041 46,167
000291441700046 51,968
000183333100057 41,279
000183333100058 40,086
000291441700047 60,472
000183333100059 47,456
000291441700044 57,522
000291441700045 61,749
000183333100050 29,065
000183333100051 42,117
000183333100052 44,336
000183333100053 40,972
000183333100054 46,044
000183333100055 52,911
000183333100056 67,513
000273981100040 35,818
000088090400044 66,741
000088090400043 46,060
000088090400042 53,347
000088090400041 51,865
000088090400047 44,083
000088090400046 53,580
000088090400045 63,300
000273981100049 109,773
000273981100042 70,090
000273981100041 58,733
000273981100044 72,977
000273981100043 64,492
000273981100046 58,799
000273981100045 75,041
000273981100048 68,086
000273981100047 72,460
000273981100039 38,613
000273981100038 43,129
000273981100037 35,350
000273981100036 35,085
000169778700063 34,202
000169778700064 35,101
000169778700061 39,469
000169778700062 44,414
000169778700060 46,165
000169778700052 71,728
000169778700053 74,557
000169778700050 64,787
000169778700051 58,084
000169778700056 62,621
000169778700057 45,478
000169778700054 78,367
000169778700055 68,153
000169778700041 68,576
000169778700042 61,152
000169778700040 33,171
000169778700045 56,930
000169778700046 65,287
000169778700043 60,637
000169778700044 54,258
000183333100046 73,617
000183333100047 40,359
000183333100048 52,691
000183333100049 45,400
000169778700049 74,038
000169778700047 55,792
000169778700048 68,664
000183333100043 16,176
000183333100044 15,667
000183333100045 53,971
000169778700038 16,938
000169778700039 19,270
000169778700036 23,375
000169778700037 20,294
000183333100034 44,501
000311991200057 51,247
000311991200058 52,994
000311991200056 13,738
000239308600067 53,009
000311991200059 55,471
000239308600066 30,416
000239308600065 42,728
000239308600064 54,759
000239308600063 60,554
000239308600062 59,789
000239308600061 48,813
000239308600060 39,937
000311991200060 48,695
000311991200061 65,367
000311991200064 63,897
000311991200065 37,996
000311991200062 56,018
000311991200063 55,836
000311991200068 68,525
000311991200069 56,246
000239308600059 57,994
000277618800039 40,095
000311991200066 52,101
000311991200067 43,956
000277618800038 42,529
000239308600058 47,965
000239308600057 46,056
000239308600056 49,878
000239308600055 48,173
000239308600054 48,087
000239308600053 56,019
000239308600052 9,500
000277618800048 43,023
000277618800047 69,509
000277618800046 49,850
000277618800045 47,098
000311991200071 63,348
000277618800044 46,224
000277618800043 43,894
000311991200072 56,175
000277618800042 52,949
000277618800041 53,709
000311991200070 47,269
000311991200073 71,849
000277618800049 54,684
000277618800040 46,090
000277618800056 42,487
000277618800055 60,139
000334741600042 48,426
000277618800054 67,546
000277618800053 52,365
000277618800052 52,164
000334741600040 80,706
000334741600041 81,014
000239308600030 40,176
000277618800051 47,829
000277618800050 49,358
000251786200058 82,369
000251786200050 64,462
000251786200051 81,576
000251786200052 71,145
000251786200053 71,982
000251786200054 59,242
000251786200055 68,521
000251786200056 71,416
000251786200057 60,104
000254633000029 41,703
000251786200047 75,101
000251786200048 77,896
000251786200049 66,366
000179897300048 57,427
000179897300049 50,298
000251786200040 52,405
000251786200041 63,040
000251786200042 59,766
000251786200043 48,268
000179897300044 12,929
000251786200044 71,331
000179897300045 9,709
000251786200045 61,779
000179897300046 14,706
000251786200046 78,213
000179897300047 51,199
000179897300043 13,291
000254633000037 71,353
000254633000036 48,141
000254633000039 55,687
000254633000038 47,220
000254633000033 53,121
000254633000032 69,794
000254633000035 56,719
000254633000034 38,871
000254633000031 13,036
000254633000030 14,547
000225001100039 40,043
000225001100038 48,022
000251786200039 43,484
000172304500032 14,329
000172304500033 10,245
000172304500034 48,414
000172304500035 55,515
000172304500036 60,509
000172304500037 56,601
000172304500038 74,317
000172304500039 60,080
000230459500034 56,346
000230459500033 61,965
000230459500036 65,483
000230459500035 62,038
000230459500030 56,609
000230459500032 52,512
000230459500031 57,601
000225001100033 48,071
000225001100032 12,841
000225001100031 39,971
000230459500038 61,552
000225001100037 45,960
000230459500037 57,222
000225001100036 41,797
000225001100035 43,530
000225001100034 41,505
000230459500039 60,587
000172304500040 66,731
000172304500041 57,820
000172304500042 88,248
000172304500043 63,263
000172304500044 66,235
000172304500045 55,654
000172304500046 61,713
000172304500047 69,073
000172304500048 54,764
000230459500045 82,844
000230459500044 60,348
000230459500047 56,017
000230459500046 63,674
000225001100040 54,857
000230459500041 65,001
000230459500040 91,245
000230459500043 74,045
000230459500042 64,672
000225001100044 42,919
000225001100043 51,848
000225001100042 62,727
000225001100041 56,138
000230459500049 54,348
000230459500048 66,060
000225001100047 54,178
000225001100046 55,121
000225001100045 51,593
000334741600026 48,190
000334741600027 58,510
000288702200056 76,475
000288702200057 68,197
000288702200054 48,520
000288702200055 50,455
000288702200052 64,297
000288702200053 48,461
000334741600028 65,818
000334741600029 59,169
000288702200058 68,807
000288702200059 75,242
000334741600035 60,904
000334741600036 61,630
000334741600037 75,011
000334741600038 67,644
000334741600031 71,415
000334741600032 79,631
000334741600033 81,444
000334741600034 76,477
000288702200060 59,928
000334741600030 47,474
000288702200065 52,819
000288702200066 90,767
000288702200063 77,480
000288702200064 76,117
000288702200061 85,664
000288702200062 66,153
000334741600039 84,318
000230459500029 57,586
000230459500028 43,464
000224756700042 54,786
000224756700041 13,817
000224756700040 34,351
000224756700046 53,807
000224756700045 39,452
000224756700044 43,377
000224756700043 48,823
000356449500044 56,042
000356449500045 51,595
000356449500046 55,753
000356449500047 70,404
000356449500048 59,166
000356449500049 53,309
000356449500041 49,459
000356449500042 77,227
000356449500043 53,156
000224756700049 44,702
000224756700048 45,744
000224756700047 49,731
000224756700053 50,874
000224756700052 50,494
000224756700051 34,473
000224756700050 65,798
000224756700057 49,139
000224756700056 59,059
000224756700055 66,913
000224756700054 50,219
000356449500055 52,475
000356449500050 52,324
000356449500051 45,238
000356449500052 43,716
000356449500053 54,045
000356449500054 57,300
000311339800045 75,828
000226727200037 37,093
000226727200038 52,567
000311339800044 60,373
000226727200039 65,369
000311339800043 70,264
000311339800042 63,875
000311339800041 65,836
000285974000042 41,706
000179611600042 52,756
000179611600041 67,232
000285974000041 46,294
000179611600040 72,757
000285974000043 72,084
000179611600045 62,672
000179611600044 64,221
000285974000040 69,330
000179611600043 70,739
000179611600048 6,368
000179611600047 4,074
000183301200043 72,046
000183301200042 76,805
000183301200045 67,960
000183301200044 68,357
000311339800049 61,658
000311339800048 70,491
000311339800047 66,345
000183301200041 59,230
000311339800046 70,813
000183301200040 47,518
000311339800056 77,144
000226727200048 79,356
000285974000039 70,596
000311339800055 93,514
000226727200049 70,133
000285974000038 57,297
000311339800054 78,741
000311339800053 73,416
000311339800052 82,940
000285974000035 50,390
000285974000034 38,612
000311339800051 83,546
000285974000037 64,382
000311339800050 76,795
000285974000036 51,613
000179611600053 41,131
000285974000031 71,423
000226727200040 50,800
000226727200041 58,667
000285974000030 12,440
000226727200042 63,018
000285974000033 51,096
000226727200043 60,840
000285974000032 51,518
000226727200044 79,507
000179611600057 55,014
000226727200045 69,295
000179611600056 48,168
000226727200046 50,367
000179611600055 59,973
000226727200047 67,312
000179611600054 50,965
000183301200039 56,311
000179611600058 54,021
000183301200036 51,730
000183301200035 48,205
000183301200038 63,822
000183301200037 65,489
000183301200032 56,253
000183301200034 54,172
000183301200033 75,452
000311339800058 72,888
000183301200030 9,432
000311339800057 79,483
000280809900053 53,650
000280809900054 48,139
000280809900055 59,134
000280809900050 47,143
000280809900051 68,445
000280809900052 53,384
000243259100039 45,530
000183301200029 9,763
000183301200028 12,383
000243259100037 50,466
000243259100038 52,237
000170204600058 45,217
000170204600057 55,479
000183301200027 22,516
000170204600059 55,329
000183301200026 8,980
000170204600054 61,333
000170204600053 58,630
000170204600056 58,664
000170204600055 62,401
000170204600050 41,605
000280809900046 52,938
000280809900047 49,716
000243259100036 13,694
000170204600052 59,616
000280809900048 60,830
000170204600051 56,943
000280809900049 58,773
000280809900042 59,430
000280809900043 61,604
000280809900044 55,800
000280809900045 48,549
000280809900040 53,235
000280809900041 13,941
000179611600035 14,195
000179611600034 18,415
000179611600033 13,641
000179611600039 54,009
000179611600038 59,951
000179611600037 13,378
000179611600036 15,765
000170204600047 51,873
000170204600046 38,114
000170204600049 55,871
000170204600048 55,396
000170204600043 39,138
000170204600042 45,019
000170204600041 45,858
000170204600040 55,153
000291205200039 50,775
000291205200038 44,807
000291205200040 52,574
000291205200046 47,665
000291205200045 41,268
000291205200048 50,106
000291205200047 46,876
000291205200042 42,934
000291205200041 43,183
000291205200044 61,577
000291205200043 48,022
000256676400041 46,404
000256676400040 39,160
000256676400045 56,869
000291205200049 49,488
000256676400044 54,838
000256676400043 54,462
000256676400042 65,743
000291205200051 57,806
000291205200050 55,352
000256676400049 50,903
000256676400048 48,538
000256676400047 68,172
000256676400046 48,032
000291205200052 63,005
000175976200064 62,491
000226727200051 47,827
000226727200052 66,743
000175976200063 45,246
000175976200066 52,884
000226727200053 72,987
000226727200054 60,416
000175976200065 53,401
000175976200060 46,781
000255026100031 56,455
000175976200062 49,609
000175976200061 39,556
000255026100035 53,307
000255026100034 53,384
000255026100033 52,791
000255026100032 12,125
000255026100039 55,241
000255026100038 51,577
000255026100037 46,270
000255026100036 46,092
000226727200050 53,291
000255026100042 54,141
000255026100041 58,169
000255026100040 38,246
000255026100046 57,944
000255026100045 61,802
000255026100044 54,805
000255026100043 61,725
000255026100047 57,225
000179897300059 60,937
000185003500045 56,185
000179897300055 52,273
000185003500044 48,889
000179897300056 57,446
000179897300057 74,896
000185003500046 39,235
000179897300058 80,045
000185003500041 35,064
000179897300051 68,964
000179897300052 67,465
000185003500040 54,632
000185003500043 52,872
000179897300053 72,188
000179897300054 57,158
000185003500042 43,406
000179897300050 50,126
000254633000044 46,546
000254633000043 44,702
000254633000040 45,999
000254633000042 49,153
000254633000041 43,894
000307267000028 83,284
000307267000027 82,076
000307267000026 64,634
000307267000025 65,860
000175976200057 57,530
000307267000024 49,376
000175976200056 53,089
000175976200059 47,125
000175976200058 48,102
000175976200053 52,761
000175976200052 48,086
000175976200055 49,244
000175976200054 37,393
000179897300066 38,529
000179897300067 39,071
000179897300068 51,559
000175976200051 50,828
000179897300069 28,738
000175976200050 12,220
000179897300062 64,329
000179897300063 53,284
000179897300065 46,702
000179897300060 55,643
000179897300061 68,265
000307267000029 58,938
000245785700039 66,028
000245785700034 75,860
000245785700033 67,626
000245785700038 56,087
000245785700037 60,185
000179897300070 43,135
000245785700036 74,380
000179897300071 40,919
000245785700035 68,386
000353689700030 9,893
000353689700026 2,478
000175976200034 11,292
000353689700027 12,112
000245785700045 63,154
000245785700044 76,387
000245785700043 85,270
000245785700042 69,304
000245785700046 53,096
000245785700041 74,896
000245785700040 87,104
000353689700056 86,484
000246724300030 49,374
000246724300035 46,730
000246724300036 45,059
000246724300037 52,453
000246724300038 46,564
000246724300031 39,787
000246724300032 45,423
000246724300033 11,690
000246724300034 53,722
000353689700051 90,569
000353689700050 79,167
000246724300039 41,914
000353689700055 70,299
000353689700054 83,389
000353689700053 81,310
000353689700052 87,004
000353689700048 66,086
000353689700047 61,299
000353689700046 76,436
000353689700045 90,406
000353689700049 73,768
000179611600013 11,626
000179611600012 4,488
000179611600016 9,730
000179611600015 12,123
000179611600014 6,223
000370964800002 66,601
000370964800001 53,075
000353689700044 75,989
000353689700043 66,270
000353689700042 46,184
000353689700041 67,970
000307267000039 59,749
000307267000038 83,737
000307267000037 72,387
000307267000036 77,315
000285974000029 43,217
000307267000035 71,830
000307267000034 88,501
000307267000033 59,933
000307267000032 84,309
000307267000031 81,271
000307267000030 76,580
000185003500038 45,745
000185003500037 44,114
000246724300040 44,122
000185003500039 47,320
000246724300041 74,516
000185003500034 42,119
000185003500033 48,720
000185003500036 44,554
000185003500035 47,563
000246724300046 50,037
000185003500030 32,450
000246724300047 49,671
000185003500032 62,410
000246724300048 57,293
000185003500031 8,442
000246724300049 55,359
000246724300042 59,272
000246724300043 47,341
000246724300044 73,537
000246724300045 56,801
000266635100034 12,451
000266635100035 61,717
000266635100033 42,923
000266635100038 62,808
000266635100039 47,100
000266635100036 54,321
000266635100037 48,173
000272996000035 50,339
000266635100045 64,591
000266635100046 54,983
000266635100043 71,723
000266635100044 43,713
000266635100041 51,558
000272996000039 60,341
000266635100042 34,724
000272996000038 68,145
000272996000037 58,632
000266635100040 47,917
000272996000036 48,035
000266635100049 51,512
000266635100047 73,416
000266635100048 52,449
000363660000050 59,159
000343822900035 54,878
000272996000046 69,342
000272996000045 73,388
000272996000044 84,796
000272996000043 47,349
000272996000049 85,170
000272996000048 76,534
000272996000047 54,971
000272996000042 53,328
000343822900038 65,109
000272996000041 68,701
000343822900039 61,148
000272996000040 54,327
000343822900036 52,869
000343822900037 51,010
000272996000052 68,091
000272996000051 57,733
000272996000050 80,048
000287144200038 63,044
000229970400051 77,940
000287144200037 67,222
000229970400050 51,668
000229970400053 74,088
000287144200036 60,527
000229970400052 53,499
000287144200035 59,652
000229970400055 55,816
000229970400054 73,207
000287144200039 64,383
000287144200034 35,026
000287144200033 36,525
000287144200032 27,050
000308860900038 57,216
000308860900037 63,026
000308860900036 80,495
000308860900035 71,218
000308860900039 67,037
000229970400039 58,652
000229970400038 53,415
000308860900041 84,682
000308860900040 81,112
000308860900045 76,781
000308860900044 64,987
000308860900043 77,694
000308860900042 58,970
000229970400040 55,891
000308860900049 85,204
000308860900048 67,242
000308860900047 75,802
000229970400042 55,973
000229970400041 65,472
000308860900046 47,955
000229970400044 59,674
000229970400043 59,895
000229970400046 56,536
000229970400045 70,863
000229970400048 77,229
000229970400047 75,356
000229970400049 64,198
000308860900051 88,236
000308860900050 72,102
000181186900044 61,035
000181186900045 73,409
000181186900046 46,736
000181186900047 66,331
000181186900040 47,015
000181186900041 64,418
000181186900042 57,544
000181186900043 66,877
000330343700050 55,877
000181186900048 62,078
000181186900049 58,484
000181186900051 76,371
000181186900052 74,568
000181186900053 79,192
000181186900050 59,243
000233961700039 42,074
000233961700038 37,668
000181186900023 9,476
000235071400050 39,324
000330343700038 53,255
000330343700039 49,789
000330343700036 47,650
000235071400049 51,085
000330343700037 63,983
000235071400048 48,752
000235071400047 48,798
000233961700033 12,222
000233961700032 41,888
000235071400046 44,826
000233961700035 69,723
000235071400045 46,359
000233961700034 11,907
000235071400044 48,883
000233961700037 48,488
000235071400043 43,101
000235071400042 44,628
000233961700036 46,615
000235071400041 49,506
000235071400040 39,214
000330343700049 50,575
000330343700040 64,450
000233961700040 47,138
000235071400039 46,802
000235071400038 45,284
000330343700047 56,863
000233961700042 45,710
000330343700048 54,067
000233961700041 49,940
000235071400037 13,237
000235071400036 47,494
000233961700044 53,435
000330343700045 65,619
000330343700046 60,288
000233961700043 47,005
000233961700046 50,290
000330343700043 51,764
000233961700045 52,847
000330343700044 60,091
000330343700041 59,392
000330343700042 52,870
000233961700047 50,167
000243259100050 55,543
000343822900045 66,380
000343822900046 53,666
000343822900043 71,249
000343822900044 68,068
000343822900041 46,269
000343822900042 59,917
000343822900040 61,666
000243259100048 50,358
000243259100049 50,673
000243259100042 49,997
000243259100043 50,198
000243259100040 46,997
000243259100041 57,329
000243259100046 52,678
000243259100047 52,922
000343822900047 50,592
000243259100044 50,132
000243259100045 55,315
000278104700049 68,627
000278104700044 63,828
000278104700043 68,426
000278104700042 66,757
000278104700041 41,116
000278104700048 58,755
000278104700047 56,144
000278104700046 49,071
000278104700045 47,177
000278104700040 53,430
000278104700039 55,640
000278104700038 61,346
000275418700035 62,343
000275418700036 50,143
000275418700033 47,363
000275418700034 53,046
000278104700037 44,649
000275418700031 54,151
000275418700032 64,861
000278104700036 65,278
000278104700035 15,759
000278104700034 52,117
000365356800060 70,054
000275418700039 59,261
000275418700037 38,451
000275418700038 48,925
000365606000064 69,299
000365606000065 86,010
000365606000066 70,486
000365606000060 72,367
000365606000061 84,841
000365606000062 80,434
000365606000063 79,886
000170202900050 63,296
000170202900051 59,685
000263266700052 63,313
000263266700051 85,540
000263266700050 66,383
000365606000057 78,898
000365606000058 80,002
000365606000059 78,505
000365606000053 55,276
000365606000054 68,332
000365606000055 52,963
000365606000056 75,325
000365606000050 42,830
000365606000051 49,936
000365606000052 36,816
000365606000048 50,705
000365606000049 43,062
000263266700039 49,815
000263266700038 50,855
000170202900030 20,009
000170202900031 14,588
000263266700035 39,596
000170202900033 9,823
000263266700034 45,184
000263266700033 43,654
000170202900035 5,002
000170202900036 68,545
000263266700032 40,574
000086523600038 14,595
000170202900037 51,870
000086523600037 9,614
000263266700031 38,976
000263266700030 42,371
000170202900038 59,710
000170202900039 54,692
000086523600039 15,373
000274251800040 63,575
000181186900012 10,884
000181186900013 12,539
000274251800041 53,724
000274251800042 53,438
000086523600041 53,033
000086523600040 46,301
000170202900040 61,618
000263266700049 64,368
000170202900041 57,643
000263266700048 64,088
000170202900042 61,317
000086523600045 61,099
000263266700047 76,609
000170202900043 68,954
000170202900044 61,534
000263266700046 65,528
000263266700045 88,742
000086523600043 59,037
000170202900045 60,096
000263266700044 64,183
000086523600042 56,300
000170202900046 39,137
000170202900047 63,123
000086523600049 55,181
000263266700043 67,529
000170202900048 57,798
000086523600048 65,248
000263266700042 74,638
000263266700041 62,131
000170202900049 70,182
000086523600047 66,037
000263266700040 61,852
000086523600046 49,071
000179817500006 13,089
000179817500007 13,932
000274251800032 53,438
000179817500002 9,556
000274251800033 64,505
000179817500003 11,584
000274251800030 56,550
000179817500004 9,534
000274251800031 47,945
000179817500005 14,126
000274251800036 58,141
000274251800037 45,932
000274251800034 45,346
000274251800035 57,601
000296422600040 76,682
000086523600052 66,202
000296422600041 61,684
000086523600051 65,445
000296422600042 74,460
000086523600050 62,401
000296422600043 88,097
000274251800038 57,553
000296422600044 80,165
000274251800039 53,805
000086523600056 66,885
000296422600045 53,493
000296422600046 51,624
000086523600055 61,151
000086523600054 53,443
000296422600047 48,420
000275418700044 51,580
000275418700045 73,040
000086523600053 74,472
000275418700042 61,006
000275418700043 75,598
000086523600059 17,411
000086523600058 67,515
000275418700040 63,767
000275418700041 54,521
000086523600057 62,742
000365606000017 84,768
000365606000018 72,701
000365606000013 85,209
000365606000014 95,839
000365606000015 71,603
000365606000016 89,284
000365606000011 85,562
000365606000012 70,044
000274251800029 14,474
000263266700029 5,171
000296422600031 51,787
000296422600032 64,552
000086523600061 5,836
000274251800028 36,659
000296422600033 76,592
000086523600060 12,377
000296422600034 55,339
000296422600035 59,543
000296422600036 73,876
000296422600037 77,316
000296422600038 80,412
000296422600039 84,239
000332331500041 54,717
000332331500040 55,736
000332331500043 53,541
000332331500042 47,288
000332331500045 58,861
000332331500044 60,472
000332331500047 60,547
000332331500046 53,454
000332331500049 71,336
000332331500048 62,988
000332331500050 49,049
000332331500052 72,366
000332331500051 62,037
000332331500053 47,637
000365356800017 78,272
000365356800018 54,154
000365356800013 70,958
000365356800014 75,908
000365356800015 64,481
000365356800016 67,448
000365356800010 81,486
000365356800011 88,105
000365356800012 66,745
000332331500039 47,720
000332331500038 33,063
000332331500037 40,193
000189074700050 66,919
000189074700049 60,587
000189074700048 52,128
000084769600043 46,535
000084769600042 60,302
000084769600041 57,580
000084769600040 42,080
000189074700043 51,017
000084769600047 61,987
000084769600046 51,797
000189074700042 39,300
000084769600045 59,260
000189074700041 43,473
000084769600044 43,527
000189074700040 58,240
000189074700047 52,247
000363660000039 69,404
000189074700046 57,833
000189074700045 54,920
000363660000038 51,375
000189074700044 48,197
000363660000043 53,004
000363660000042 54,274
000363660000041 61,257
000363660000040 64,046
000189074700039 53,231
000189074700038 41,548
000189074700037 56,276
000084769600032 52,140
000084769600031 60,781
000084769600030 48,534
000084769600036 42,797
000363660000047 58,617
000084769600035 39,277
000363660000046 63,088
000084769600034 43,970
000363660000045 67,968
000084769600033 51,730
000363660000044 61,110
000189074700036 68,670
000189074700035 57,380
000084769600039 55,635
000084769600038 60,663
000189074700034 11,073
000363660000049 66,342
000363660000048 49,682
000084769600037 48,824
000365356800057 95,417
000365356800058 58,884
000365356800059 85,039
000365356800053 71,014
000084769600021 11,801
000365356800054 80,630
000365356800055 79,503
000365356800056 74,771
000365356800050 79,708
000365356800051 70,178
000365356800052 78,157
000084769600029 45,079
000084769600028 15,227
000084769600027 36,694
000365356800046 74,929
000365356800047 54,071
000365356800048 62,987
000365356800049 68,351
000365356800044 63,749
000365356800045 59,114
000189074700051 52,202
000348225800027 47,263
000348225800028 42,931
000348225800029 70,277
000348225800030 49,300
000348225800031 58,474
000348225800032 55,333
000348225800033 54,480
000348225800034 51,716
000348225800035 68,847
000348225800036 50,100
000348225800037 59,323
000348225800038 48,112
000348225800039 57,628
000348225800040 46,438
000295365800059 68,620
000348225800041 53,444
000348225800042 52,896
000348225800043 44,010
000348225800044 59,193
000348225800045 61,058
000348225800046 63,221
000348225800047 48,480
000348225800048 52,651
000295365800050 45,629
000295365800054 65,222
000295365800053 56,342
000295365800052 43,523
000295365800051 49,388
000295365800058 51,303
000295365800057 58,561
000295365800056 60,485
000295365800055 62,566
000295365800049 50,659
000295365800048 43,200
000295365800043 45,446
000295365800042 43,769
000295365800047 53,994
000295365800046 51,689
000295365800045 54,927
000295365800044 46,977
000328644300047 60,673
000328644300049 43,590
000328644300048 56,809
000295365800060 72,129
000328644300058 66,398
000328644300057 59,697
000328644300059 74,834
000328644300054 50,747
000328644300053 48,768
000328644300056 58,233
000328644300055 56,368
000328644300050 60,677
000328644300052 61,203
000328644300051 60,180
000328644300061 64,259
000328644300060 55,194
000328644300063 59,012
000328644300062 50,860
000271233200031 70,463
000271233200032 49,632
000271233200030 43,676
000271233200035 53,689
000271233200036 68,472
000271233200033 55,841
000271233200034 52,708
000271233200039 63,021
000271233200037 51,550
000271233200038 53,921
000272351100040 51,530
000246369800039 57,432
000272351100042 46,702
000272351100041 51,267
000246369800037 60,365
000341752900043 45,811
000272351100044 45,774
000272351100043 76,746
000246369800038 53,173
000341752900044 69,519
000183912800029 11,873
000341752900041 73,247
000272351100046 61,768
000246369800035 51,621
000341752900042 74,453
000272351100045 49,727
000246369800036 55,286
000272351100048 57,209
000246369800033 44,857
000272351100047 58,363
000246369800034 47,903
000341752900045 61,163
000246369800031 40,512
000272351100049 61,817
000246369800032 57,978
000246369800030 52,185
000341752900040 46,101
000341752900038 57,931
000341752900039 61,033
000272351100031 53,064
000183912800039 66,212
000272351100033 54,584
000341752900032 49,185
000272351100032 12,573
000341752900033 45,993
000272351100035 51,994
000272351100034 66,887
000183912800035 70,424
000341752900036 43,411
000272351100037 53,286
000183912800036 60,875
000341752900037 45,917
000272351100036 49,206
000272351100039 43,269
000183912800037 69,238
000246369800042 47,929
000341752900034 57,451
000341752900035 45,387
000183912800038 64,321
000272351100038 57,623
000183912800031 67,268
000246369800040 56,495
000183912800032 69,495
000246369800041 61,011
000183912800033 70,899
000183912800034 62,762
000183912800030 7,731
000183912800046 72,796
000183912800047 63,784
000183912800048 67,306
000183912800049 70,553
000183912800042 55,848
000183912800043 79,435
000183912800044 73,928
000183912800045 73,154
000184032700050 85,385
000183912800040 76,817
000183912800041 58,502
000271233200025 15,032
000168609200030 10,226
000271233200028 59,464
000271233200029 56,341
000271233200026 69,552
000271233200027 58,385
000184032700049 49,952
000184032700044 66,426
000184032700043 53,242
000184032700042 47,844
000184032700041 59,099
000184032700048 72,933
000184032700047 63,727
000184032700046 66,198
000184032700045 66,465
000184032700040 66,643
000287924100039 66,777
000287924100038 63,796
000287924100037 59,779
000287924100036 78,277
000287924100035 60,160
000287924100034 51,537
000287924100033 56,043
000287924100032 41,662
000287924100046 79,801
000287924100045 67,710
000287924100044 83,000
000287924100043 96,291
000287924100042 74,463
000287924100041 85,714
000287924100040 60,554
000327464200034 51,913
000327464200035 46,022
000327464200036 88,000
000327464200037 80,721
000327464200038 64,429
000327464200039 77,534
000246369800028 7,063
000246369800029 65,437
000327464200044 74,704
000246369800027 60,203
000327464200045 94,513
000327464200046 98,500
000327464200047 54,084
000327464200048 73,476
000327464200049 63,442
000327464200040 86,387
000327464200041 78,624
000327464200042 75,413
000327464200043 83,028
000335537400039 53,840
000335537400038 64,480
000335537400037 50,989
000335537400036 55,728
000335537400035 67,555
000335537400034 59,067
000335537400033 48,142
000270082900040 82,249
000270082900041 83,762
000270082900044 84,007
000270082900045 72,302
000270082900042 57,505
000270082900043 64,356
000239817000034 55,341
000269828100045 64,144
000269828100044 78,616
000239817000033 14,035
000239817000032 50,715
000269828100047 71,625
000269828100046 74,887
000239817000038 35,064
000269828100041 74,055
000269828100040 64,900
000239817000037 37,676
000269828100043 74,478
000239817000036 53,621
000269828100042 70,261
000239817000035 61,790
000239817000039 50,905
000270082900033 70,174
000270082900034 59,214
000270082900032 67,890
000270082900037 84,676
000270082900038 63,539
000270082900035 65,342
000270082900036 61,066
000270082900039 54,258
000269828100038 81,832
000239817000041 46,345
000269828100037 73,347
000239817000040 55,473
000269828100039 75,995
000269828100034 60,602
000239817000045 50,183
000239817000044 53,220
000269828100033 64,285
000269828100036 79,817
000239817000043 52,448
000239817000042 60,080
000269828100035 76,540
000269828100032 63,320
000239817000047 78,089
000239817000046 60,747
000270082900020 11,269
000168609200048 52,225
000168609200049 42,430
000267084500028 38,525
000267084500029 77,781
000168609200051 44,587
000168609200052 62,707
000168609200050 55,505
000168609200055 40,839
000168609200056 46,468
000168609200053 68,574
000168609200054 47,522
000168609200059 61,506
000168609200057 51,087
000168609200058 51,659
000267084500037 60,650
000267084500038 72,209
000267084500039 72,402
000168609200062 49,075
000168609200063 59,974
000168609200060 47,951
000168609200061 36,302
000267084500030 59,435
000267084500031 79,216
000168609200064 51,984
000267084500032 49,983
000267084500033 60,373
000267084500034 62,738
000267084500035 75,724
000267084500036 79,631
000335537400043 51,887
000267084500040 87,077
000267084500041 86,262
000335537400042 53,282
000267084500042 80,703
000335537400041 55,884
000267084500043 69,293
000335537400040 46,687
000267084500044 74,826
000267084500045 74,781
000335537400048 63,125
000335537400047 58,399
000335537400046 54,705
000335537400045 60,075
000335537400044 81,442
000312933800034 75,016
000322825500029 59,818
000312933800035 81,434
000312933800032 58,100
000322825500028 56,684
000312933800033 66,678
000322825500027 51,018
000312933800030 62,814
000312933800031 61,466
000322825500026 66,751
000353778100029 43,985
000353778100028 44,372
000312933800038 65,843
000312933800039 71,450
000312933800036 85,278
000312933800037 77,591
000267636700048 58,813
000267636700047 69,735
000267636700046 81,986
000312933800043 89,021
000267636700045 68,492
000312933800041 80,974
000312933800042 81,515
000312933800040 77,598
000267636700040 77,897
000267636700044 63,590
000267636700043 67,805
000267636700042 76,671
000267636700041 73,363
000267636700037 56,271
000267636700036 60,716
000267636700035 62,193
000267636700034 63,348
000267636700039 66,951
000267636700038 63,512
000224299300039 69,228
000224299300038 60,043
000224299300031 48,322
000352999000041 57,875
000352999000042 53,062
000224299300030 48,859
000224299300033 65,066
000224299300032 61,228
000352999000040 49,792
000224299300035 58,334
000224299300034 57,746
000224299300037 60,770
000224299300036 51,233
000352999000049 45,367
000352999000047 48,262
000352999000048 66,868
000352999000045 46,128
000267636700033 67,091
000352999000046 58,221
000267636700032 34,281
000352999000043 52,384
000352999000044 66,958
000224299300042 64,357
000224299300041 71,709
000224299300044 59,213
000224299300043 80,582
000224299300046 69,636
000224299300045 48,013
000352999000038 55,198
000352999000039 51,516
000352999000036 57,759
000352999000037 62,666
000352999000034 62,019
000187710600043 56,321
000352999000035 57,864
000187710600042 53,810
000224299300040 67,358
000187710600041 54,997
000352999000033 49,110
000187710600040 61,374
000187710600036 56,444
000086202200049 45,678
000222184500005 8,469
000187710600035 39,295
000086202200048 41,206
000222184500004 15,688
000222184500003 11,625
000187710600034 47,592
000187710600033 46,172
000222184500002 12,655
000347477600027 66,181
000236176100064 65,010
000187710600039 59,926
000187710600038 50,134
000347477600029 66,267
000187710600037 52,831
000347477600028 64,220
000222184500006 8,835
000236176100061 72,114
000086202200041 47,067
000236176100060 68,955
000086202200040 43,424
000236176100063 69,056
000086202200043 55,658
000086202200042 50,713
000236176100062 66,726
000086202200045 39,898
000086202200044 47,448
000086202200047 52,025
000086202200046 53,683
000187710600032 37,628
000187710600031 60,662
000187710600030 45,973
000236176100058 88,239
000347477600034 89,050
000086202200038 46,972
000347477600033 75,908
000086202200037 48,715
000236176100057 64,100
000347477600036 67,464
000086202200039 48,557
000347477600035 82,705
000236176100059 54,742
000236176100054 64,221
000187710600029 61,445
000347477600038 84,559
000236176100053 60,600
000347477600037 72,628
000187710600028 49,440
000236176100056 91,798
000187710600027 13,974
000347477600039 92,962
000236176100055 66,081
000236176100050 73,803
000236176100052 71,303
000236176100051 76,205
000347477600030 65,931
000347477600032 69,982
000086202200036 57,852
000347477600031 68,077
000086202200035 51,767
000236176100047 63,551
000353778100041 46,529
000353778100040 53,292
000236176100046 45,193
000236176100049 65,062
000236176100048 43,078
000236176100043 47,713
000353778100045 58,363
000236176100042 36,113
000353778100044 57,426
000236176100045 49,220
000353778100043 45,975
000236176100044 39,302
000353778100042 60,018
000236176100041 41,009
000236176100040 35,906
000322825500041 70,795
000353778100046 55,949
000347477600041 96,832
000347477600040 68,448
000347477600043 13,144
000347477600042 50,886
000322825500040 68,398
000353778100030 41,503
000322825500039 79,077
000322825500038 75,604
000353778100034 44,664
000353778100033 50,460
000353778100032 60,136
000353778100031 43,575
000353778100038 57,770
000322825500033 72,368
000353778100037 55,731
000322825500032 80,187
000322825500031 76,998
000353778100036 48,238
000322825500030 72,116
000353778100035 60,439
000322825500037 77,139
000322825500036 78,699
000322825500035 80,093
000353778100039 64,883
000322825500034 70,009
000263478400047 57,859
000263478400046 59,852
000263478400045 57,742
000263478400044 44,427
000263478400043 58,539
000263478400042 61,704
000233300200040 65,316
000233300200042 63,134
000233300200041 62,491
000233300200044 58,445
000233300200043 62,613
000233300200046 55,660
000294206500033 68,674
000233300200045 68,606
000294206500034 66,168
000233300200048 74,078
000294206500031 62,592
000294206500032 62,559
000233300200047 76,588
000233300200049 68,231
000294206500030 76,410
000263478400041 60,357
000263478400040 73,496
000294206500039 66,965
000294206500037 67,078
000294206500038 66,472
000294206500035 72,016
000294206500036 79,117
000263478400038 45,365
000263478400037 51,836
000263478400036 49,192
000263478400035 49,763
000263478400034 44,187
000263478400033 60,402
000263478400032 40,894
000263478400031 9,863
000233300200051 67,787
000233300200050 45,578
000233300200053 69,449
000233300200052 62,950
000263478400039 60,081
000233300200054 57,531
000294206500042 70,250
000294206500043 89,751
000294206500040 75,748
000233300200039 55,789
000233300200038 58,464
000294206500041 81,097
000294206500047 84,905
000256886700038 75,120
000256886700039 10,585
000166352900039 51,067
000166352900037 40,336
000166352900038 45,198
000166352900035 47,531
000166352900036 41,593
000339409900054 62,899
000339409900055 52,782
000339409900052 59,671
000339409900053 59,165
000256886700050 45,449
000339409900056 46,263
000339409900050 53,414
000256886700051 43,150
000339409900051 60,926
000256886700052 50,623
000256886700053 63,640
000166352900050 52,674
000256886700048 51,251
000256886700049 51,786
000339409900049 44,540
000339409900043 52,377
000339409900044 50,836
000339409900041 48,700
000166352900048 42,797
000339409900047 56,118
000166352900049 35,342
000339409900048 62,971
000339409900045 54,057
000166352900046 53,113
000339409900046 54,418
000166352900047 49,707
000166352900044 65,935
000256886700044 48,852
000166352900045 54,674
000256886700045 56,248
000256886700046 52,976
000166352900042 44,311
000256886700047 49,122
000166352900043 52,757
000256886700040 47,690
000166352900040 51,590
000166352900041 44,324
000256886700041 46,981
000256886700042 48,437
000256886700043 61,221
000285390500070 69,355
000266608600050 105,792
000285390500064 55,453
000285390500065 68,987
000285390500066 73,500
000285390500067 53,344
000285390500060 47,859
000285390500061 59,818
000285390500062 49,759
000285390500063 59,007
000285390500068 37,027
000285390500069 58,773
000285390500071 53,371
000285390500072 43,937
000285390500057 51,294
000285390500058 40,017
000285390500059 41,373
000315452000043 66,048
000315452000042 73,548
000266608600039 64,033
000343420300004 62,733
000315452000045 66,644
000315452000044 59,173
000343420300003 54,289
000266608600037 63,161
000315452000047 55,302
000315452000046 72,629
000266608600038 60,751
000266608600035 56,090
000266608600036 65,613
000266608600034 57,105
000315452000041 50,750
000315452000040 65,927
000343420300002 56,795
000343420300001 45,634
000266608600048 84,566
000266608600049 87,403
000266608600046 80,132
000266608600047 80,729
000266608600044 83,418
000266608600045 77,731
000266608600042 81,428
000266608600043 73,932
000266608600040 84,112
000266608600041 70,184
000225442700058 42,252
000225442700057 54,056
000225442700059 42,911
000265801300028 66,885
000225442700054 46,672
000225442700053 48,863
000265801300027 74,613
000265801300026 36,863
000225442700056 42,448
000225442700055 51,855
000225442700050 50,176
000225442700052 48,043
000265801300029 71,395
000225442700051 59,193
000315452000032 53,935
000315452000034 52,390
000315452000033 56,024
000315452000036 55,118
000315452000035 54,557
000315452000038 56,182
000315452000037 45,698
000225442700065 47,662
000225442700064 50,323
000225442700061 46,621
000225442700060 71,244
000225442700063 53,499
000225442700062 59,748
000315452000039 67,678
000180397600046 73,866
000255868400046 70,740
000180397600047 56,710
000255868400047 62,695
000180397600048 56,671
000255868400044 47,445
000180397600049 74,419
000255868400045 57,248
000180397600042 74,442
000255868400042 38,238
000255868400043 46,653
000180397600043 65,048
000180397600044 74,035
000255868400040 43,262
000180397600045 58,443
000255868400041 38,081
000330039300053 52,913
000330039300052 54,801
000330039300054 61,856
000255868400048 81,927
000255868400049 51,673
000330039300051 67,603
000330039300050 51,417
000180397600040 67,876
000180397600041 62,377
000255868400057 68,823
000180397600035 11,106
000330039300049 55,081
000255868400055 58,935
000180397600038 42,339
000255868400056 64,589
000255868400053 73,613
000255868400054 84,514
000255868400051 51,621
000255868400052 94,100
000180397600034 21,797
000330039300042 54,594
000330039300041 49,151
000330039300044 53,952
000330039300043 48,490
000330039300046 57,946
000180397600039 60,993
000330039300045 56,508
000330039300048 74,386
000330039300047 63,999
000330039300040 52,964
000255868400050 63,734
000343775900030 51,021
000343775900033 67,419
000343775900034 69,256
000343775900031 76,070
000343775900032 77,914
000343775900037 74,956
000343775900038 75,003
000343775900035 73,371
000343775900036 83,571
000343775900039 63,819
000343775900040 82,523
000180397600053 44,985
000343775900041 55,829
000279107400045 56,230
000343775900044 87,484
000343775900045 69,401
000279107400044 46,051
000279107400047 55,926
000343775900042 87,518
000343775900043 87,853
000279107400046 56,902
000255868400039 48,149
000279107400049 58,898
000279107400048 52,946
000343775900046 83,591
000255868400037 41,919
000255868400038 44,649
000279107400041 54,896
000279107400040 44,906
000279107400043 68,680
000279107400042 75,537
000180397600050 60,925
000180397600051 59,645
000180397600052 83,624
000265801300041 91,583
000265801300040 77,370
000265801300031 57,724
000330039300006 68,313
000265801300030 77,621
000330039300005 50,886
000330039300008 56,380
000330039300007 55,154
000265801300035 65,973
000265801300034 68,801
000265801300033 79,791
000265801300032 80,666
000265801300039 52,488
000265801300038 64,590
000265801300037 61,257
000265801300036 77,729
000330039300002 46,068
000330039300001 55,815
000330039300004 61,322
000330039300003 78,292
000313259600038 70,162
000313259600039 85,923
000364162800053 73,838
000364162800054 59,773
000364162800051 60,635
000364162800052 63,713
000228492000048 45,242
000347915300049 17,251
000228492000047 53,728
000347915300048 20,748
000228492000049 49,339
000313259600036 77,666
000228492000044 59,056
000347915300045 11,696
000313259600037 81,695
000228492000043 52,426
000347915300044 13,738
000313259600034 80,758
000228492000046 38,555
000347915300047 15,546
000313259600035 83,652
000228492000045 37,440
000347915300046 11,743
000313259600032 64,060
000228492000040 38,674
000347915300041 40,891
000313259600033 61,616
000347915300040 51,289
000228492000042 51,967
000313259600030 68,242
000347915300043 12,601
000347915300042 44,753
000313259600031 60,642
000228492000041 11,352
000364162800050 56,614
000364162800042 60,776
000364162800043 49,694
000364162800040 45,824
000364162800041 57,232
000364162800046 44,744
000347915300038 55,165
000347915300037 57,685
000364162800047 43,115
000364162800044 65,548
000347915300039 45,977
000364162800045 50,912
000347915300034 57,252
000228492000055 50,310
000228492000054 45,886
000347915300033 59,392
000347915300036 64,351
000364162800048 51,435
000364162800049 63,625
000228492000056 52,752
000347915300035 64,577
000228492000051 46,429
000347915300030 65,378
000228492000050 38,558
000347915300032 60,949
000228492000053 52,677
000347915300031 58,322
000228492000052 55,347
000225161400060 64,864
000279107400034 47,815
000279107400033 9,765
000279107400036 47,065
000279107400035 58,280
000279107400038 49,616
000279107400037 47,062
000279107400039 53,150
000279107400032 48,938
000225161400057 64,567
000225161400056 53,458
000225161400059 63,545
000225161400058 56,415
000225161400053 78,594
000225161400052 54,052
000225161400055 64,465
000225161400054 69,540
000225161400051 60,435
000347915300050 13,224
000225161400050 55,436
000313259600040 68,519
000225161400049 54,529
000225161400046 54,597
000225161400045 56,194
000313259600045 69,372
000225161400048 48,731
000313259600046 86,005
000225161400047 55,239
000228492000034 12,563
000225161400042 42,456
000313259600043 67,749
000347915300052 19,579
000313259600044 75,495
000225161400041 34,491
000347915300051 16,295
000225161400044 31,694
000313259600041 83,417
000313259600042 86,785
000225161400043 31,813
000232997700034 54,855
000241362700049 69,145
000232997700035 54,594
000241362700047 65,022
000225161400040 40,832
000232997700036 46,378
000241362700048 60,008
000232997700037 49,024
000241362700045 63,379
000232997700038 48,424
000232997700039 49,742
000241362700046 72,292
000241362700043 70,472
000241362700044 61,511
000241362700041 47,972
000241362700042 64,757
000241362700040 54,837
000225161400039 28,094
000225161400038 29,593
000232997700030 5,728
000287455100062 56,312
000232997700031 12,850
000287455100061 55,967
000232997700032 63,412
000287455100060 48,080
000232997700033 40,021
000241362700038 42,054
000241362700039 26,658
000241362700036 47,448
000241362700037 43,208
000241362700035 30,988
000241362700033 12,057
000364162800002 52,844
000364162800003 46,851
000364162800001 53,751
000364162800004 60,241
000232997700040 55,848
000232997700041 56,022
000232997700042 60,097
000232997700043 58,508
000232997700044 62,501
000287455100049 53,312
000287455100048 53,167
000287455100047 52,329
000287455100046 9,911
000347915300029 47,436
000347915300028 58,044
000287455100056 53,172
000232997700024 16,708
000287455100055 53,394
000287455100054 56,950
000287455100053 49,799
000241362700056 67,040
000225442700047 63,964
000225442700046 41,417
000287455100059 66,224
000241362700054 56,428
000287455100058 66,131
000225442700049 14,444
000225442700048 67,544
000241362700055 80,013
000287455100057 71,751
000241362700052 60,670
000225442700043 39,911
000241362700053 68,530
000225442700042 48,824
000241362700050 54,165
000225442700045 42,958
000241362700051 82,111
000225442700044 42,272
000287455100052 45,260
000287455100051 43,640
000287455100050 47,009
000290722400038 43,224
000290722400037 48,652
000290722400036 41,396
000290722400039 44,558
000290722400045 63,661
000290722400044 72,002
000290722400043 75,575
000290722400042 62,037
000290722400049 70,282
000290722400048 87,086
000290722400047 69,612
000290722400046 81,939
000290722400041 61,097
000290722400040 43,176
000343801500038 68,920
000343801500039 64,468
000343801500053 75,736
000343801500054 81,181
000318221500041 74,316
000318221500040 74,663
000292461300056 79,939
000292461300057 67,197
000292461300054 90,995
000292461300055 82,068
000318221500039 67,953
000292461300052 65,853
000292461300053 75,360
000292461300050 65,178
000292461300051 87,389
000318221500034 34,868
000256233000029 55,969
000318221500033 39,860
000256233000028 11,663
000256233000027 43,154
000318221500038 64,496
000343801500051 73,043
000318221500037 49,413
000343801500052 89,845
000318221500036 53,816
000318221500035 76,688
000343801500050 71,529
000256233000033 50,470
000343801500044 71,471
000256233000032 51,290
000343801500045 73,609
000343801500042 67,269
000256233000031 60,669
000343801500043 81,115
000256233000030 53,351
000343801500048 69,956
000343801500049 71,296
000343801500046 64,506
000318221500050 81,563
000343801500047 90,040
000292461300045 72,577
000292461300046 67,158
000292461300043 71,410
000292461300044 54,998
000292461300049 67,317
000292461300047 71,083
000292461300048 72,839
000292461300042 61,527
000318221500045 85,068
000318221500044 68,559
000318221500043 80,265
000256233000039 68,531
000318221500042 90,016
000256233000038 53,794
000343801500040 60,289
000318221500049 72,684
000256233000037 50,227
000318221500048 92,988
000343801500041 64,025
000256233000036 60,267
000256233000035 43,736
000318221500047 59,026
000318221500046 88,363
000256233000034 50,742
000256233000041 53,234
000256233000040 54,489
000264059700048 62,658
000264059700047 65,183
000264059700049 68,365
000264059700040 53,479
000264059700042 73,192
000264059700041 79,061
000264059700044 62,524
000264059700043 91,775
000264059700046 76,842
000234682100050 58,479
000264059700045 65,230
000264059700037 65,901
000264059700036 80,509
000264059700039 54,840
000264059700038 62,996
000234682100049 59,985
000234682100048 67,402
000234682100041 75,216
000234682100040 74,151
000234682100043 73,284
000234682100042 59,731
000234682100045 78,723
000234682100044 49,213
000234682100047 71,401
000234682100046 75,149
000264059700035 53,422
000086119000036 12,020
000086119000037 10,708
000234682100038 71,244
000234682100037 63,235
000234682100039 68,249
000234682100034 60,379
000234682100033 55,841
000234682100036 70,169
000234682100035 72,361
000086119000052 54,161
000086119000053 72,658
000086119000054 67,538
000086119000055 63,736
000086119000056 89,040
000086119000057 66,833
000167861000044 49,093
000167861000043 42,256
000086119000050 64,952
000167861000046 50,190
000167861000045 63,775
000086119000051 64,093
000167861000040 60,266
000167861000042 60,112
000167861000041 64,207
000086119000049 68,747
000085775100052 64,478
000085775100053 67,461
000085775100054 62,947
000085775100055 55,137
000085775100050 79,305
000085775100051 51,629
000086119000041 51,555
000086119000042 60,064
000086119000043 58,109
000086119000044 57,676
000086119000045 66,654
000086119000046 75,011
000086119000047 52,624
000086119000048 62,078
000167861000037 55,170
000167861000036 53,437
000167861000039 54,885
000167861000038 50,075
000167861000033 49,668
000167861000032 38,901
000175730900027 23,314
000167861000035 41,077
000175730900028 14,504
000086119000040 48,893
000167861000034 49,891
000175730900029 28,302
000085775100049 64,800
000085775100045 66,240
000085775100046 53,048
000085775100047 70,801
000085775100048 75,588
000085775100041 63,542
000231696900061 67,895
000086119000038 11,041
000231696900060 64,141
000085775100042 62,463
000086119000039 14,468
000085775100043 73,470
000085775100044 63,483
000231696900062 59,933
000085775100040 54,703
000085775100038 74,569
000085775100039 66,554
000085775100034 12,541
000085775100035 7,080
000085775100037 44,777
000085775100031 26,535
000085775100032 10,402
000264059700050 79,373
000238615500046 70,617
000238615500047 67,675
000231696900039 10,316
000238615500048 62,303
000238615500049 58,091
000238615500042 46,527
000262104100061 54,737
000231696900036 7,879
000262104100060 53,224
000268454300050 69,710
000238615500043 68,908
000231696900035 10,273
000238615500044 72,355
000231696900038 10,418
000238615500045 66,948
000231696900037 10,504
000238615500040 47,553
000231696900034 12,625
000238615500041 59,094
000268454300053 90,629
000268454300054 66,999
000268454300051 67,562
000268454300052 76,415
000238615500039 38,818
000238615500035 37,819
000238615500036 35,694
000238615500037 37,479
000238615500038 38,334
000231696900025 15,123
000238615500031 35,507
000238615500032 37,173
000231696900024 12,760
000238615500033 40,141
000238615500034 40,417
000231696900026 12,408
000175730900037 54,790
000175730900038 61,424
000175730900039 62,944
000231696900058 62,196
000175730900033 59,229
000175730900034 67,382
000231696900057 54,472
000175730900035 57,162
000175730900036 70,574
000231696900059 72,770
000231696900054 51,316
000175730900030 77,498
000231696900053 58,443
000175730900031 52,594
000231696900056 71,987
000175730900032 68,594
000231696900055 53,267
000231696900050 65,220
000231696900052 57,914
000231696900051 61,421
000268454300048 70,063
000268454300049 76,838
000231696900047 57,988
000175730900044 46,313
000231696900046 64,648
000231696900049 53,236
000231696900048 56,606
000175730900040 75,604
000175730900041 59,968
000231696900042 11,165
000175730900042 73,754
000175730900043 80,199
000268454300046 72,842
000268454300047 78,171
000268454300044 64,244
000231696900041 11,733
000268454300045 56,376
000231696900040 12,271
000268454300042 55,250
000268454300043 61,027
000268454300041 38,672
000298318000052 43,009
000298318000053 62,124
000176054300050 39,745
000298318000051 43,932
000298318000058 66,710
000298318000059 57,964
000298318000056 75,263
000176054300052 51,078
000298318000057 69,910
000176054300051 48,957
000298318000054 64,210
000176054300054 59,763
000298318000055 71,741
000176054300053 56,378
000176054300045 56,646
000176054300044 50,772
000176054300047 48,431
000176054300046 51,199
000176054300041 56,483
000176054300040 45,217
000176054300043 41,055
000176054300042 53,590
000349098000042 56,925
000349098000041 74,236
000349098000044 73,569
000349098000043 91,302
000176054300049 44,098
000176054300048 70,564
000349098000040 90,590
000298318000070 77,350
000298318000071 97,025
000176054300034 45,449
000176054300036 48,766
000176054300035 13,944
000349098000031 76,454
000349098000030 63,139
000349098000033 51,768
000349098000032 58,279
000176054300038 46,110
000176054300037 65,283
000176054300039 46,981
000184340500042 70,173
000349098000039 83,196
000349098000038 80,577
000184340500041 48,025
000184340500040 52,181
000349098000035 87,396
000349098000034 77,576
000184340500045 60,188
000184340500044 52,732
000349098000037 92,444
000349098000036 65,800
000184340500043 49,253
000298318000063 72,928
000184340500039 43,544
000184340500038 58,363
000298318000064 69,884
000298318000061 68,637
000184340500037 45,633
000298318000062 78,563
000184340500036 49,174
000298318000060 80,675
000298318000069 67,958
000298318000067 69,440
000298318000068 85,858
000298318000065 89,577
000298318000066 77,369
000184340500031 9,791
000184340500030 40,730
000349098000029 61,997
000184340500035 39,678
000184340500034 70,439
000184340500033 45,858
000184340500032 56,468
000174450500037 44,989
000174450500038 61,409
000174450500039 58,041
000174450500036 43,362
000255208600039 74,604
000255208600037 53,244
000255208600038 74,475
000255208600035 62,027
000255208600036 73,701
000255208600033 67,125
000255208600034 79,090
000255208600031 59,637
000255208600032 72,107
000255208600030 53,145
000174450500050 60,969
000174450500055 59,245
000174450500056 70,307
000174450500051 53,872
000174450500052 47,676
000174450500053 56,393
000174450500054 50,508
000174450500048 54,606
000174450500049 62,283
000174450500044 36,290
000174450500045 52,372
000174450500046 35,450
000174450500047 47,930
000174450500040 9,526
000174450500041 45,723
000174450500042 45,387
000174450500043 48,364
000302405400050 42,403
000302405400051 53,177
000302405400052 65,191
000302405400053 53,414
000302405400054 57,234
000255208600044 82,696
000255208600045 55,016
000255208600042 74,231
000255208600043 84,483
000255208600040 70,321
000255208600041 69,602
000290722400054 72,848
000290722400053 69,226
000262104100045 46,749
000302405400055 59,174
000262104100047 13,922
000302405400056 59,648
000262104100046 69,415
000302405400057 51,267
000262104100049 58,360
000302405400058 53,956
000262104100048 59,052
000290722400052 70,635
000302405400059 54,207
000290722400051 57,617
000290722400050 75,669
000238615500057 13,081
000238615500053 83,127
000262104100050 48,425
000238615500054 80,470
000262104100052 51,659
000238615500055 57,872
000262104100051 46,265
000262104100054 50,469
000262104100053 58,327
000238615500050 69,171
000262104100056 60,983
000238615500051 68,680
000238615500052 66,191
000262104100055 60,517
000262104100058 60,265
000262104100057 51,836
000302405400046 42,216
000302405400047 58,127
000262104100059 54,747
000302405400048 46,821
000302405400049 45,337
000299994100039 71,294
000317657500060 47,615
000317657500061 61,488
000299994100038 86,468
000299994100037 61,649
000317657500062 56,344
000299994100036 80,326
000299994100035 77,187
000299994100034 73,421
000299994100033 63,603
000299994100032 71,133
000299994100031 51,479
000299994100030 83,043
000317657500057 48,436
000317657500058 64,794
000317657500059 65,137
000317657500053 58,462
000317657500054 56,249
000317657500055 65,347
000299994100029 53,401
000317657500056 50,494
000317657500050 56,063
000317657500051 60,885
000317657500052 52,795
000317657500046 47,356
000317657500047 75,026
000317657500048 48,451
000317657500049 54,446
000317657500042 43,288
000317657500043 39,608
000317657500044 53,456
000317657500045 47,035
000317657500040 49,256
000317657500041 64,719
000317657500038 66,204
000299994100045 77,801
000299994100044 67,705
000299994100043 83,559
000299994100042 55,832
000299994100041 83,892
000299994100040 85,268
000317657500039 42,323
000238124100047 59,806
000238124100048 58,520
000238124100045 44,552
000238124100046 50,830
000238124100043 61,537
000238124100044 44,877
000238124100041 54,765
000238124100042 63,717
000238124100040 42,870
000238124100049 57,811
000238124100052 47,851
000238124100050 51,562
000274582700036 52,687
000274582700037 60,197
000238124100051 55,986
000274582700038 47,547
000274582700039 50,341
000274582700035 57,560
000180267200045 63,288
000238124100036 59,123
000180267200044 68,182
000238124100037 12,838
000180267200046 74,897
000180267200041 65,529
000180267200040 74,960
000180267200043 60,572
000180267200042 70,726
000238124100038 50,331
000238124100039 49,302
000180267200034 58,816
000180267200033 68,199
000180267200036 55,509
000180267200035 55,991
000180267200038 78,862
000180267200037 53,757
000180267200039 80,010
000180267200030 15,445
000180267200032 62,080
000180267200031 53,989
000180267200027 15,982
000180267200029 15,974
000180267200028 17,694
000249097600030 67,581
000249097600031 68,177
000249097600029 64,953
000249097600041 89,595
000249097600042 83,422
000249097600040 75,276
000249097600034 66,729
000249097600035 68,175
000249097600032 61,785
000249097600033 66,526
000249097600038 65,948
000249097600039 67,958
000249097600036 79,117
000249097600037 61,541
000249097600043 82,736
000348196500039 71,049
000176738100031 56,285
000348196500035 87,073
000348196500036 82,604
000176738100030 16,879
000348196500037 73,877
000176738100033 60,517
000348196500038 86,211
000176738100032 47,505
000348196500031 66,833
000176738100035 49,481
000348196500032 70,317
000176738100034 58,715
000348196500033 84,704
000176738100037 49,666
000348196500034 69,310
000176738100036 41,958
000348196500040 81,914
000348196500041 77,472
000348196500028 60,157
000348196500029 66,702
000311781500008 51,912
000348196500027 59,014
000348196500030 70,388
000311781500006 85,417
000311781500007 91,317
000311781500004 82,084
000311781500005 88,391
000311781500002 64,726
000311781500003 87,234
000311781500001 66,076
000185502300032 60,436
000315312900039 67,452
000185502300033 55,130
000315312900038 84,663
000185502300034 68,037
000315312900037 82,271
000315312900032 67,417
000185502300039 74,828
000315312900031 57,229
000315312900036 68,463
000185502300035 56,611
000185502300036 64,130
000315312900035 69,034
000315312900034 74,907
000185502300037 65,035
000185502300038 65,459
000315312900033 79,055
000176738100040 51,809
000176738100042 63,218
000176738100041 53,286
000176738100044 64,230
000176738100043 55,196
000176738100039 53,568
000176738100038 60,824
000315312900043 72,732
000315312900042 76,310
000315312900041 70,687
000315312900040 81,444
000315312900045 74,154
000315312900044 81,590
000223641500049 66,050
000360927400043 85,406
000360927400044 56,620
000360927400041 50,032
000360927400042 82,342
000360927400040 79,177
000223641500040 73,869
000360927400038 94,401
000360927400039 82,187
000360927400036 87,219
000360927400037 63,528
000223641500044 65,333
000223641500043 76,135
000223641500042 61,973
000223641500041 71,078
000223641500048 62,007
000223641500047 82,240
000223641500046 66,101
000223641500045 67,795
000223641500039 57,255
000223641500038 58,166
000223641500037 65,075
000223641500036 71,205
000223641500035 69,442
000360927400034 68,123
000360927400035 72,941
000360927400032 72,731
000360927400033 64,520
000360927400030 59,224
000360927400031 66,997
000360927400029 73,756
000223641500051 57,296
000223641500050 40,971
000360927400028 50,456
000274582700040 65,995
000274582700041 55,834
000274582700042 67,287
000166259100048 58,452
000166259100049 47,408
000274582700047 73,120
000166259100046 53,426
000274582700048 87,776
000166259100047 58,894
000274582700049 67,886
000166259100044 47,453
000166259100045 40,199
000166259100042 54,732
000274582700043 78,735
000274582700044 94,635
000166259100043 54,168
000274582700045 66,523
000166259100040 48,547
000274582700046 88,651
000166259100041 53,745
000166816400040 72,810
000166816400041 72,462
000166816400042 50,742
000166816400043 64,249
000166816400044 60,792
000166816400045 74,484
000166816400046 77,890
000166816400047 80,175
000166816400048 49,946
000274582700050 84,916
000166259100053 42,282
000166259100054 53,021
000166259100051 44,675
000166259100052 60,844
000166259100050 39,177
000166816400030 27,165
000166816400031 11,069
000166816400032 9,604
000166816400033 11,024
000166816400034 46,074
000166816400035 56,303
000166816400036 62,330
000166816400037 65,016
000166816400038 67,167
000166816400039 60,282
000222501000039 40,774
000222501000048 48,600
000222501000049 50,716
000222501000040 35,901
000222501000041 38,961
000222501000042 37,175
000222501000043 36,104
000222501000044 12,465
000222501000045 49,134
000222501000046 70,190
000222501000047 46,651
000182719800045 40,450
000182719800044 48,050
000182719800047 16,908
000182719800046 13,391
000182719800041 40,561
000182719800043 42,667
000182719800042 43,413
000182719800049 41,363
000182719800048 43,479
000222501000051 59,467
000222501000052 64,045
000222501000053 58,440
000222501000054 61,448
000222501000055 49,485
000222501000056 47,159
000222501000057 52,100
000182719800050 53,201
000223624600040 61,311
000223624600041 46,042
000223624600042 47,108
000223624600043 49,380
000222501000050 49,221
000182719800056 47,645
000182719800055 49,770
000182719800058 55,076
000182719800057 57,023
000182719800052 63,569
000182719800051 58,382
000182719800054 59,574
000182719800053 50,503
000182719800059 52,497
000185502300042 55,266
000185502300043 68,185
000182719800061 55,512
000185502300044 73,732
000185502300045 71,637
000182719800060 47,529
000185502300040 60,880
000185502300041 67,517
000364955200051 65,006
000364955200050 56,694
000185502300046 57,649
000185502300047 66,454
000166259100023 7,812
000364955200048 64,511
000364955200049 51,336
000364955200046 58,055
000364955200047 61,265
000364955200040 51,370
000364955200041 61,806
000364955200044 69,922
000364955200045 80,367
000364955200042 59,653
000364955200043 60,085
000166259100039 74,502
000166259100037 58,134
000166259100038 43,558
000223624600034 39,963
000166259100036 49,009
000223624600035 48,197
000223624600036 47,058
000223624600037 69,597
000223624600038 50,978
000223624600039 56,893
000364955200037 56,253
000364955200038 51,701
000364955200035 47,088
000223624600030 16,211
000223624600031 76,745
000223624600032 50,622
000364955200039 47,626
000223624600033 55,478
000314741200036 67,608
000314741200035 60,607
000314741200034 61,125
000314741200033 72,646
000314741200032 62,569
000314741200031 43,077
000233777800053 68,087
000181488900050 63,406
000233777800052 76,348
000233777800051 70,572
000181488900053 6,391
000233777800050 62,305
000233777800056 59,383
000233777800055 69,596
000233777800054 71,261
000181488900058 11,689
000181488900055 6,882
000181488900054 10,704
000181488900057 5,991
000181488900056 10,853
000314741200039 76,668
000314741200038 76,104
000314741200037 69,641
000181488900040 61,984
000184454700038 53,304
000184454700039 69,254
000181488900042 67,511
000181488900041 66,036
000184454700034 64,727
000184454700035 62,902
000184454700036 64,011
000184454700037 63,206
000181488900048 61,220
000181488900047 62,333
000184454700032 59,967
000184454700033 56,960
000181488900049 53,843
000181488900044 54,178
000181488900043 88,143
000181488900046 73,180
000181488900045 70,664
000184454700049 7,466
000184454700045 68,525
000184454700046 56,840
000184454700047 60,453
000184454700048 63,914
000184454700041 69,910
000181488900037 72,341
000224969400038 55,569
000224969400037 47,446
000184454700042 61,516
000181488900036 12,727
000181488900039 48,955
000184454700043 52,959
000224969400039 48,433
000181488900038 59,912
000184454700044 76,000
000181488900033 12,694
000181488900032 14,053
000181488900035 10,721
000184454700040 64,487
000181488900034 18,581
000224969400036 15,838
000224969400035 48,370
000224969400049 51,436
000224969400048 54,704
000181488900022 4,058
000224969400041 38,994
000224969400040 48,597
000224969400043 51,667
000224969400042 60,524
000224969400045 46,482
000224969400044 59,128
000224969400047 48,561
000224969400046 53,739
000230623400032 67,451
000230623400034 82,884
000230623400033 73,781
000224969400050 48,503
000230623400036 58,105
000230623400035 64,218
000230623400038 56,840
000230623400037 65,776
000230623400039 71,090
000293785400030 11,299
000181488900014 13,308
000293785400032 57,099
000293785400031 48,524
000293785400034 44,991
000293785400033 49,393
000293785400036 57,908
000181488900013 10,576
000293785400035 46,003
000293785400038 64,491
000224969400051 59,835
000293785400037 52,859
000293785400039 59,456
000230623400041 71,600
000230623400040 72,159
000230623400043 71,205
000230623400042 55,562
000338649800035 59,127
000230623400045 60,264
000338649800034 31,013
000230623400044 84,707
000230623400047 68,419
000338649800037 55,773
000338649800036 63,971
000230623400046 70,286
000230623400049 68,062
000230623400048 66,442
000338649800039 52,586
000338649800038 11,226
000338649800042 80,653
000338649800041 70,642
000338649800044 81,793
000338649800043 67,895
000338649800046 68,730
000338649800045 75,837
000338649800048 85,039
000338649800047 76,260
000338649800040 73,360
000338649800049 95,673
000230623400050 74,385
000338649800050 64,881
000293785400041 52,977
000293785400040 55,150
000293785400043 57,153
000293785400042 48,198
000293785400045 47,798
000170241000035 48,764
000293785400044 65,540
000170241000038 58,603
000170241000039 50,935
000170241000036 63,372
000170241000037 50,908
000231101400039 56,011
000231101400036 47,599
000231101400035 13,892
000231101400038 51,250
000231101400037 55,504
000231101400034 46,903
000293512100024 9,513
000293512100039 53,847
000293512100038 54,714
000293512100037 55,760
000293512100036 54,409
000293512100035 52,901
000087913400021 15,578
000293512100034 51,563
000293512100033 58,869
000293512100032 14,199
000293512100031 55,454
000087913400029 65,445
000087913400028 58,404
000293512100049 53,134
000293512100048 61,421
000293512100047 72,920
000087913400032 46,378
000293512100046 58,724
000087913400031 47,336
000293512100045 68,420
000087913400030 48,477
000293512100044 57,402
000293512100043 60,180
000087913400036 47,753
000293512100042 57,698
000293512100041 57,465
000087913400035 47,196
000293512100040 53,615
000087913400034 40,350
000087913400033 48,944
000087913400039 42,576
000087913400038 50,878
000087913400037 57,115
000349836700001 10,340
000087913400043 52,220
000087913400042 35,088
000087913400041 54,638
000087913400040 47,461
000087913400044 51,279
000341174800040 83,148
000341174800041 57,802
000341174800042 66,273
000341174800043 76,216
000084835300049 63,235
000084835300056 64,800
000084835300057 85,093
000084835300058 77,411
000084835300059 70,124
000084835300052 57,274
000084835300053 74,014
000084835300054 55,893
000084835300055 68,853
000084835300050 63,886
000084835300051 65,896
000231101400050 44,243
000231101400052 46,619
000231101400051 52,910
000314741200047 66,345
000314741200046 71,503
000314741200045 73,769
000314741200044 77,793
000314741200043 107,517
000231101400047 49,932
000231101400046 46,568
000314741200042 82,016
000314741200041 72,306
000231101400049 51,002
000314741200040 83,518
000231101400048 39,977
000231101400043 40,624
000084835300060 69,950
000231101400042 56,871
000084835300061 81,315
000231101400045 56,658
000231101400044 45,863
000084835300062 51,926
000231101400041 46,506
000231101400040 48,941
000299210600030 33,400
000299210600031 39,894
000359714000041 74,946
000299210600038 60,970
000299210600039 76,639
000299210600036 65,583
000299210600037 65,319
000299210600034 44,748
000084835300027 8,114
000299210600035 58,679
000299210600032 36,228
000299210600033 37,541
000359714000040 82,176
000299210600041 55,421
000299210600042 57,578
000299210600040 81,493
000299210600049 77,899
000299210600047 82,040
000299210600048 69,880
000299210600045 83,020
000299210600046 77,248
000084835300039 19,761
000299210600043 57,463
000299210600044 77,266
000084835300045 50,632
000084835300046 57,978
000084835300047 58,233
000084835300048 56,215
000084835300041 15,822
000084835300042 18,255
000084835300043 9,013
000084835300044 68,258
000084835300040 13,412
000180830900047 45,236
000180830900048 48,776
000180830900045 40,119
000180830900046 44,251
000180830900043 48,983
000180830900044 33,876
000180830900042 13,735
000180830900049 51,828
000341174800037 86,478
000253671900045 69,835
000341174800038 73,090
000253671900046 66,411
000253671900047 58,351
000341174800035 74,845
000253671900048 70,012
000341174800036 95,450
000253671900049 63,484
000341174800039 97,628
000341174800030 66,026
000341174800033 69,763
000341174800034 64,965
000253671900043 56,789
000341174800031 65,965
000341174800032 69,122
000253671900044 51,417
000180830900056 59,306
000180830900057 58,547
000180830900054 50,936
000180830900055 49,182
000180830900052 59,101
000180830900053 54,522
000253671900056 77,440
000253671900057 65,312
000341174800027 51,424
000253671900058 69,180
000341174800028 61,571
000299210600029 39,026
000341174800029 57,504
000180830900050 50,049
000180830900051 56,980
000253671900050 77,800
000253671900051 82,310
000253671900052 83,560
000253671900053 78,393
000253671900054 71,205
000253671900055 67,247
000227836000047 85,743
000227836000046 67,990
000227836000045 61,171
000227836000044 79,271
000227836000043 68,886
000227836000042 52,168
000227836000041 70,410
000227836000040 90,611
000227836000048 78,482
000292255400061 52,704
000292255400060 61,332
000227836000036 55,120
000227836000035 61,473
000227836000034 66,554
000227836000033 67,615
000227836000032 45,986
000227836000031 66,312
000227836000039 68,658
000227836000038 67,913
000227836000037 68,170
000359714000026 70,870
000356869100036 55,606
000356869100035 57,225
000356869100038 52,151
000356869100037 45,650
000356869100039 60,410
000292255400049 46,771
000292255400047 62,450
000292255400048 52,198
000292255400045 37,796
000292255400046 50,695
000359714000029 69,122
000292255400044 12,457
000356869100034 51,816
000359714000028 48,005
000359714000027 75,389
000167320600060 56,183
000167320600062 49,376
000167320600061 51,540
000167320600064 48,510
000167320600063 63,514
000359714000037 83,524
000263066800035 46,501
000356869100046 58,192
000359714000036 89,847
000263066800034 48,582
000359714000035 60,963
000263066800033 39,643
000263066800032 50,701
000359714000034 64,110
000359714000033 67,380
000263066800039 54,341
000359714000032 80,555
000263066800038 51,171
000359714000031 76,166
000263066800037 11,838
000263066800036 35,750
000359714000030 69,704
000292255400058 75,635
000292255400059 45,192
000356869100041 40,039
000292255400056 50,013
000292255400057 76,914
000356869100040 70,264
000292255400054 63,059
000356869100043 51,615
000356869100042 50,460
000292255400055 57,803
000292255400052 48,422
000356869100045 58,935
000359714000039 58,322
000359714000038 74,557
000356869100044 64,095
000292255400053 48,456
000167320600055 43,915
000292255400050 64,293
000167320600054 65,706
000292255400051 52,429
000167320600057 57,073
000167320600056 48,219
000167320600059 53,243
000167320600058 54,792
000167320600051 38,117
000167320600050 67,180
000167320600053 58,117
000167320600052 59,600
000263066800046 55,202
000263066800045 59,057
000263066800044 54,719
000263066800043 65,414
000263066800049 59,320
000263066800048 51,657
000263066800047 63,420
000308912900055 46,834
000308912900053 63,584
000311606000050 75,791
000308912900054 58,218
000308912900051 62,771
000263066800042 52,244
000263066800041 53,779
000308912900052 73,698
000272117900040 49,974
000263066800040 69,532
000272117900041 54,042
000272117900042 51,022
000308912900050 47,598
000272117900043 50,084
000272117900044 59,320
000272117900045 49,711
000272117900046 44,827
000167320600048 43,107
000272117900047 55,398
000272117900048 47,053
000167320600047 60,914
000272117900049 46,996
000167320600049 45,922
000308912900048 57,594
000308912900049 46,346
000308912900046 62,864
000308912900047 60,762
000308912900044 50,088
000308912900045 52,781
000308912900043 68,698
000263066800053 44,235
000263066800052 37,602
000263066800051 61,194
000263066800050 47,835
000272117900033 38,361
000272117900034 34,258
000272117900035 47,729
000272117900036 29,122
000272117900037 27,233
000272117900038 11,205
000272117900039 44,522
000311606000039 74,242
000311606000038 75,077
000311606000037 48,997
000311606000036 79,168
000311606000035 51,813
000308912900037 62,399
000311606000034 59,200
000311606000033 52,582
000311606000032 38,027
000311606000031 43,516
000167320600020 16,151
000347810300050 89,848
000287144200049 85,567
000311606000049 65,007
000287144200048 77,343
000287144200047 82,890
000311606000048 93,860
000347810300052 73,076
000347810300051 80,730
000311606000047 60,154
000287144200046 81,763
000311606000046 58,902
000311606000045 64,864
000311606000044 72,601
000311606000043 89,834
000167320600019 10,279
000311606000042 58,941
000311606000041 67,118
000167320600018 11,821
000311606000040 53,695
000272117900050 53,193
000272117900051 69,358
000272117900052 55,924
000167320600015 14,588
000167320600016 6,438
000287144200041 63,119
000287144200040 89,320
000287144200045 84,293
000287144200044 92,093
000287144200043 95,294
000287144200042 72,923
000347810300041 71,122
000347810300040 76,908
000347810300043 72,012
000347810300042 79,539
000347810300045 80,357
000347810300044 90,097
000352613700047 58,576
000352613700048 51,388
000352613700043 63,313
000352613700044 47,905
000352613700045 50,955
000352613700046 50,701
000352613700040 56,441
000352613700041 54,606
000352613700042 62,136
000347810300047 60,511
000347810300046 51,204
000347810300049 75,936
000347810300048 91,643
000347810300032 35,265
000347810300034 41,925
000347810300033 38,986
000347810300036 39,632
000347810300035 44,336
000347810300038 69,394
000347810300037 59,739
000347810300039 70,668
000352613700036 47,913
000352613700037 54,106
000352613700038 45,896
000352613700039 55,710
000352613700034 48,017
000262852200038 43,292
000262852200039 66,921
000262852200036 58,748
000262852200037 61,227
000262852200034 61,636
000262852200035 51,619
000233600200039 64,434
000233600200037 41,184
000233600200038 50,328
000233600200035 59,649
000233600200036 48,465
000233600200033 52,601
000233600200034 51,476
000233600200031 52,197
000233600200032 10,431
000233600200040 51,447
000233600200041 62,888
000233600200046 58,536
000233600200044 45,720
000233600200045 65,896
000233600200042 66,201
000233600200043 50,024
000283254700042 98,961
000283254700041 78,447
000283254700040 75,257
000262852200047 64,048
000283254700044 58,159
000262852200048 84,573
000283254700043 65,182
000262852200045 62,109
000262852200046 93,096
000262852200043 72,393
000262852200044 77,351
000262852200041 77,707
000262852200042 71,804
000262852200040 77,108
000283254700039 59,395
000283254700038 78,326
000283254700037 65,736
000283254700036 78,575
000283254700031 62,525
000283254700030 40,714
000283254700035 69,706
000283254700034 62,261
000283254700033 65,403
000283254700032 61,358
000247602700029 52,703
000247602700028 45,844
000090067600051 64,973
000090067600052 49,262
000090067600050 35,102
000090067600046 51,932
000090067600047 49,401
000090067600044 46,750
000090067600045 42,723
000090067600042 53,869
000090067600043 41,238
000090067600040 50,099
000090067600041 39,577
000090067600048 57,429
000090067600049 43,975
000090067600035 40,034
000090067600036 42,262
000090067600034 36,903
000090067600039 40,904
000090067600037 44,032
000090067600038 80,783
000277877100039 46,065
000277877100038 49,506
000277877100037 41,233
000277877100036 58,970
000277877100035 41,233
000277877100034 54,483
000277877100033 61,135
000277877100032 58,565
000277877100031 12,656
000277877100030 40,620
000320592900043 71,163
000320592900042 79,083
000320592900041 71,230
000320592900040 74,362
000320592900046 75,300
000320592900045 88,853
000320592900044 71,696
000247602700045 51,876
000320592900032 65,114
000320592900031 68,650
000247602700044 51,099
000320592900030 64,773
000320592900036 60,567
000247602700041 43,853
000320592900035 68,871
000247602700040 48,154
000320592900034 66,819
000247602700043 65,335
000247602700042 68,247
000320592900033 64,204
000320592900039 76,355
000320592900038 68,362
000320592900037 57,318
000247602700034 53,481
000247602700033 44,209
000247602700036 37,562
000247602700035 57,845
000247602700030 13,252
000247602700032 57,011
000247602700031 46,314
000247602700038 61,708
000247602700037 64,687
000247602700039 41,802
000297787700047 56,049
000297787700048 46,129
000297787700045 42,116
000297787700046 52,442
000297787700049 63,315
000185801000038 54,276
000185801000039 61,040
000185801000041 69,919
000185801000042 69,906
000185801000040 74,555
000297787700043 50,222
000297787700044 61,076
000297787700042 14,564
000185801000027 54,035
000185801000028 67,026
000185801000029 68,043
000185801000034 74,225
000185801000035 58,665
000185801000036 69,125
000185801000037 60,978
000185801000030 59,971
000185801000031 77,456
000185801000032 55,950
000185801000033 85,507
000297787700060 76,558
000297787700058 57,020
000297787700059 54,907
000297787700056 59,985
000297787700057 44,635
000297787700050 61,408
000297787700051 59,554
000297787700054 67,518
000297787700055 53,213
000297787700052 56,272
000297787700053 74,820
000168982500049 53,906
000168982500044 69,165
000168982500043 55,137
000168982500042 59,411
000168982500041 40,760
000168982500048 73,624
000168982500047 68,726
000168982500046 60,949
000168982500045 76,789
000168982500040 13,530
000359002300044 70,520
000175000300039 59,202
000168982500039 16,257
000168982500038 10,828
000359002300040 88,986
000359002300041 91,309
000359002300042 79,918
000359002300043 91,026
000168982500037 7,533
000175000300046 52,961
000175000300047 55,607
000175000300048 11,795
000175000300049 60,077
000175000300042 12,632
000175000300043 11,328
000175000300044 41,682
000175000300045 45,045
000175000300040 29,148
000175000300057 79,876
000175000300058 60,105
000175000300059 53,401
000168982500055 65,712
000175000300053 55,121
000168982500054 75,846
000175000300054 55,756
000349774300001 61,328
000175000300055 50,899
000168982500053 69,589
000175000300056 40,828
000349774300002 49,066
000168982500052 65,354
000168982500059 65,321
000175000300050 46,573
000168982500058 61,422
000168982500057 57,057
000175000300051 52,527
000168982500056 59,788
000175000300052 35,362
000168982500051 57,122
000168982500050 76,267
000170432600051 60,733
000282334500038 49,258
000282334500039 51,809
000247720900033 77,615
000247720900032 72,652
000282334500032 46,002
000170432600057 45,141
000247720900035 56,925
000170432600056 65,723
000247720900034 53,801
000282334500033 54,206
000247720900037 72,262
000282334500030 51,301
000170432600059 80,155
000247720900036 69,250
000282334500031 60,704
000170432600058 39,835
000247720900039 89,510
000282334500036 46,599
000170432600053 49,388
000247720900038 78,512
000170432600052 57,499
000282334500037 44,738
000170432600055 47,232
000282334500034 49,631
000170432600054 63,875
000282334500035 73,145
000170432600060 65,839
000170432600062 53,028
000170432600061 44,200
000282334500040 60,201
000247720900040 87,831
000247720900042 74,642
000247720900041 68,463
000247720900044 97,936
000247720900043 75,577
000282334500043 66,819
000282334500044 42,421
000170432600067 49,900
000282334500041 68,579
000282334500042 72,625
000170432600064 55,757
000170432600063 51,558
000170432600066 52,681
000282334500045 51,162
000282334500046 62,337
000170432600065 60,802
000307058700050 57,788
000307058700047 57,403
000307058700046 56,164
000307058700049 60,478
000307058700048 52,825
000307058700043 58,903
000307058700042 49,454
000307058700045 48,368
000307058700044 76,609
000307058700041 53,776
000307058700040 59,817
000282334500029 8,403
000307058700039 72,368
000170432600049 40,411
000307058700036 15,622
000307058700035 44,862
000170432600048 51,440
000307058700038 47,503
000170432600047 43,781
000307058700037 58,412
000170432600042 35,545
000307058700034 45,808
000170432600043 43,853
000307058700033 38,948
000268255100052 51,158
000174561700043 57,910
000174561700044 60,993
000268255100053 47,644
000268255100050 51,544
000174561700041 40,313
000174561700042 65,970
000268255100051 50,996
000268255100056 48,199
000174561700047 50,822
000174561700048 52,613
000268255100057 51,888
000268255100054 65,935
000174561700045 54,548
000174561700046 54,846
000268255100055 47,030
000174561700040 54,707
000345763400039 50,147
000345763400038 58,985
000345763400037 48,367
000345763400036 50,802
000170241000041 57,122
000345763400035 60,016
000170241000042 61,421
000345763400034 49,542
000170241000040 56,432
000345763400033 60,627
000345763400032 46,780
000170241000045 67,688
000170241000046 53,697
000345763400031 42,608
000170241000043 49,765
000170241000044 50,125
000170241000049 57,597
000277877100045 47,845
000277877100044 66,772
000268255100058 59,730
000174561700049 71,827
000170241000047 52,673
000268255100059 68,231
000170241000048 55,261
000277877100043 47,509
000277877100042 63,174
000277877100041 39,551
000277877100040 66,812
000268255100061 65,727
000174561700036 46,838
000174561700037 55,366
000174561700034 44,039
000174561700035 12,164
000180165800042 40,386
000180165800041 49,156
000180165800044 58,068
000180165800043 54,641
000268255100060 56,209
000180165800040 42,865
000345763400046 64,322
000180165800049 52,850
000345763400045 51,377
000345763400044 47,857
000345763400043 61,542
000180165800046 64,501
000180165800045 62,535
000345763400042 60,162
000345763400041 68,939
000180165800048 49,503
000345763400040 53,347
000180165800047 56,069
000174561700038 44,890
000174561700039 50,931
000268255100045 14,446
000268255100046 52,238
000268255100044 35,859
000174561700050 60,335
000174561700051 50,798
000291397800053 71,159
000291397800052 69,567
000291397800055 73,397
000291397800054 57,623
000291397800051 80,553
000291397800050 87,969
000268255100049 59,836
000268255100047 47,920
000268255100048 56,244
000300931100049 54,795
000300931100041 50,133
000300931100042 66,233
000300931100043 51,797
000300931100044 66,774
000300931100045 40,371
000300931100046 51,102
000300931100047 42,730
000300931100048 47,801
000175000300060 54,032
000175000300061 59,191
000175000300062 47,707
000300931100040 49,407
000300931100052 78,964
000228524600028 57,137
000228524600029 55,913
000300931100050 59,012
000300931100051 54,577
000359002300033 71,974
000175307200029 19,292
000359002300034 64,451
000359002300035 61,417
000359002300036 80,393
000359002300037 89,586
000228524600031 46,648
000359002300038 79,168
000228524600030 61,698
000359002300039 79,523
000228524600035 68,593
000228524600034 64,937
000228524600033 52,840
000180165800033 59,973
000180165800032 47,127
000228524600032 78,435
000228524600039 60,832
000359002300030 61,675
000228524600038 65,664
000228524600037 47,514
000359002300031 76,314
000359002300032 70,644
000228524600036 69,342
000233777800039 43,094
000180165800039 56,726
000180165800038 45,761
000233777800038 58,301
000233777800037 64,045
000233777800036 63,824
000180165800035 57,871
000180165800034 13,342
000180165800037 47,270
000175307200030 10,850
000175307200031 43,697
000180165800036 45,996
000175307200032 58,691
000175307200033 68,835
000175307200034 60,210
000175307200035 71,561
000175307200036 54,232
000175307200037 67,327
000175307200038 51,558
000175307200039 46,373
000300931100038 45,179
000300931100039 49,626
000228524600042 80,673
000228524600041 82,120
000228524600040 73,976
000359002300029 68,649
000233777800042 51,937
000233777800041 52,170
000233777800040 63,301
000228524600043 61,944
000233777800046 63,007
000233777800045 51,526
000300931100035 47,002
000233777800044 81,418
000300931100036 14,016
000233777800043 52,589
000300931100037 56,293
000233777800049 69,601
000233777800048 78,643
000233777800047 65,012
000175307200040 68,476
000175307200041 51,627
000175307200042 70,492
000175307200043 55,111
000175307200044 63,243
000175307200045 60,722
000175307200046 54,473
000245983100035 14,073
000245983100036 46,367
000245983100034 42,128
000245983100039 35,815
000245983100037 50,239
000245983100038 50,401
000184615700044 36,621
000184615700045 48,266
000184615700042 49,060
000184615700043 50,034
000184615700040 43,523
000184615700041 52,091
000184615700048 58,244
000184615700049 56,330
000184615700046 51,331
000184615700047 47,341
000245983100046 56,032
000245983100047 35,615
000245983100044 42,694
000245983100045 47,110
000245983100048 50,202
000245983100049 48,669
000245983100042 59,350
000245983100043 55,189
000245983100040 54,228
000184615700050 62,441
000245983100041 47,368
000326293200053 65,090
000326293200052 62,161
000291397800049 61,012
000167995200051 48,629
000167995200050 55,965
000291397800046 74,262
000291397800045 72,754
000291397800048 56,785
000291397800047 65,426
000291397800042 71,044
000291397800041 76,875
000291397800044 61,907
000291397800043 62,796
000167995200042 57,326
000275108400040 79,328
000167995200041 64,474
000167995200040 57,339
000275108400041 76,632
000167995200049 56,341
000167995200048 56,214
000167995200047 45,580
000167995200046 62,047
000167995200045 51,259
000167995200044 51,141
000167995200043 37,775
000275108400037 68,723
000275108400036 91,486
000304145600070 64,724
000275108400039 80,493
000275108400038 73,457
000275108400031 64,017
000275108400030 65,564
000275108400033 75,068
000275108400032 69,275
000275108400035 70,854
000275108400034 59,674
000167995200039 49,998
000167995200038 39,517
000167995200037 58,615
000304145600069 46,587
000304145600065 79,603
000304145600066 61,877
000304145600067 53,543
000304145600068 46,707
000304145600061 51,899
000304145600062 58,672
000304145600063 68,171
000304145600064 55,266
000275108400028 63,030
000275108400027 49,031
000275108400029 62,721
000167995200028 18,212
000165429800012 37,628
000165429800013 10,625
000301481800046 86,721
000301481800045 66,581
000301481800044 68,777
000301481800043 83,477
000317341400004 70,101
000355276600039 60,387
000317341400003 59,921
000301481800049 78,179
000301481800048 65,337
000317341400002 57,553
000355276600038 59,068
000317341400001 69,356
000355276600037 40,605
000301481800047 68,071
000317341400006 58,294
000317341400005 55,861
000301481800053 71,993
000301481800052 77,913
000301481800051 85,183
000301481800050 55,783
000301481800042 71,154
000301481800041 70,125
000301481800040 68,429
000174607800040 65,339
000174607800042 70,129
000174607800041 59,123
000174607800044 48,870
000174607800043 73,047
000174607800046 56,093
000174607800045 56,177
000174607800048 62,732
000174607800047 59,628
000186970100050 40,793
000174607800049 52,651
000186970100052 46,827
000186970100051 52,462
000186970100043 46,185
000186970100042 55,649
000186970100045 55,247
000301481800055 81,426
000301481800054 83,149
000186970100044 57,187
000186970100047 42,557
000186970100046 44,573
000186970100049 53,324
000186970100048 41,568
000174607800051 68,357
000174607800050 61,856
000174607800053 60,065
000174607800052 80,203
000186970100041 46,476
000186970100040 53,425
000186970100032 9,620
000186970100034 46,244
000186970100033 34,298
000186970100036 45,410
000317341400048 52,275
000317341400047 54,035
000186970100035 43,466
000186970100038 46,614
000317341400045 52,848
000186970100037 14,379
000186970100039 57,706
000317341400049 57,734
000317341400051 58,244
000306323500046 46,357
000317341400050 62,837
000306323500047 13,387
000306323500048 57,302
000306323500049 59,782
000285921600040 94,582
000285921600043 87,446
000285921600041 71,236
000285921600042 77,193
000174607800033 12,678
000174607800032 20,605
000174607800034 13,725
000174607800037 53,346
000174607800036 35,429
000174607800039 47,419
000174607800038 62,678
000355276600050 64,879
000285921600032 71,463
000285921600033 62,141
000285921600030 62,126
000285921600031 56,248
000285921600036 76,852
000306323500060 56,170
000285921600037 63,380
000306323500061 62,199
000285921600034 73,812
000285921600035 75,749
000285921600038 47,963
000285921600039 74,131
000355276600047 69,386
000317341400055 62,184
000317341400054 51,610
000355276600046 57,624
000317341400053 57,650
000355276600045 47,552
000355276600044 53,127
000317341400052 50,986
000317341400059 54,646
000317341400058 56,233
000355276600049 64,622
000317341400057 51,037
000317341400056 70,376
000355276600048 64,640
000355276600043 65,504
000355276600042 55,475
000355276600041 51,228
000355276600040 62,467
000306323500053 51,563
000306323500054 47,834
000306323500055 61,484
000306323500056 61,990
000306323500050 61,129
000306323500051 68,772
000306323500052 43,896
000285921600029 67,112
000285921600028 67,668
000306323500057 52,514
000306323500058 50,342
000317341400060 61,920
000306323500059 56,085
000316039800041 62,950
000316039800040 55,419
000316039800043 77,800
000316039800042 66,954
000316039800045 75,033
000316039800044 62,914
000316039800047 94,320
000316039800046 82,544
000316039800049 72,223
000316039800048 80,474
000185236000041 63,209
000185236000042 76,725
000185236000043 61,854
000185236000044 56,465
000185236000040 65,988
000185236000049 6,785
000185236000045 69,391
000185236000046 64,293
000185236000047 70,354
000185236000048 67,638
000316039800039 71,746
000185236000033 54,295
000185236000038 63,123
000185236000039 77,085
000185236000034 61,667
000185236000035 53,190
000185236000036 74,286
000279867100050 76,939
000185236000037 67,331
000279867100051 84,276
000279867100052 74,302
000279867100053 61,243
000279867100054 71,968
000316039800050 73,651
000316039800052 64,284
000316039800051 80,965
000186370800036 58,047
000186370800037 61,196
000186370800038 58,630
000325126100061 48,734
000325126100060 43,015
000186370800039 73,428
000186370800033 37,726
000186370800034 55,199
000186370800035 64,793
000186370800047 71,957
000186370800048 75,734
000186370800049 57,514
000307010700029 62,469
000186370800040 61,090
000186370800041 71,314
000186370800042 64,657
000186370800043 72,626
000186370800044 71,926
000186370800045 81,870
000186370800046 70,085
000279867100040 54,744
000279867100041 68,919
000279867100042 64,823
000279867100043 56,484
000279867100044 62,986
000279867100045 63,248
000279867100046 68,269
000279867100047 90,326
000279867100048 49,838
000307010700033 66,228
000307010700034 62,102
000279867100049 65,206
000307010700031 48,884
000307010700032 61,012
000307010700030 63,059
000307010700039 86,816
000307010700037 82,028
000307010700038 78,715
000307010700035 74,813
000307010700036 71,196
000320929400045 62,183
000320929400046 61,075
000320929400047 69,828
000320929400048 54,119
000307010700044 53,449
000307010700042 76,219
000307010700043 80,108
000307010700040 68,307
000307010700041 72,359
000320929400050 84,911
000320929400051 65,977
000320929400052 66,942
000320929400053 92,944
000320929400054 92,081
000320929400055 77,899
000320929400056 73,275
000320929400057 72,285
000320929400058 71,405
000320929400059 63,914
000320929400049 74,867
000230788800065 76,718
000297313900041 65,435
000297313900040 49,155
000230788800064 73,282
000230788800063 68,203
000297313900043 58,765
000230788800062 67,189
000165429800040 54,280
000297313900042 59,023
000230788800061 51,147
000297313900045 50,728
000320929400060 78,971
000230788800060 57,471
000297313900044 48,631
000297313900047 53,030
000297313900046 50,742
000177192800057 57,096
000177192800056 59,556
000177192800055 49,504
000370964100002 45,205
000177192800054 50,668
000165429800049 63,786
000370964100001 63,384
000304145600049 59,613
000297313900049 61,911
000165429800045 59,295
000297313900048 46,519
000165429800046 41,436
000165429800047 51,309
000304145600045 64,348
000165429800048 73,591
000304145600046 45,059
000165429800041 73,824
000230788800069 40,383
000165429800042 57,660
000230788800068 58,970
000230788800067 95,282
000165429800043 51,706
000165429800044 51,775
000230788800066 70,427
000297313900052 52,697
000230788800054 54,129
000331552600047 52,984
000331552600048 70,443
000297313900051 56,647
000230788800053 34,793
000230788800052 43,974
000331552600045 62,074
000297313900054 58,497
000304145600060 56,287
000230788800051 61,787
000297313900053 59,431
000331552600046 64,966
000230788800050 61,543
000297313900056 55,509
000331552600043 44,509
000297313900055 46,682
000331552600044 54,081
000331552600041 63,467
000331552600042 57,924
000331552600040 60,921
000177192800053 63,402
000177192800052 53,991
000297313900050 56,516
000177192800051 32,959
000177192800050 44,141
000177192800046 56,975
000177192800045 44,497
000177192800044 64,531
000177192800043 56,312
000304145600058 47,673
000165429800038 28,901
000304145600059 46,392
000177192800049 36,094
000165429800039 53,620
000177192800048 49,236
000177192800047 56,756
000165429800034 13,338
000304145600055 63,664
000165429800035 13,582
000304145600056 11,359
000304145600057 42,604
000230788800059 55,855
000165429800037 39,599
000230788800058 63,615
000304145600050 34,412
000230788800057 59,458
000230788800056 60,823
000331552600049 54,843
000165429800032 13,778
000230788800055 64,245
000165429800033 16,032
000299033100052 54,411
000175163800062 12,448
000230788800043 9,070
000299033100053 58,712
000331552600037 63,260
000230788800042 8,883
000175163800061 13,802
000299033100050 69,378
000230788800041 10,293
000299033100051 45,899
000230788800040 7,940
000299033100056 69,328
000325126100045 20,040
000299033100057 45,254
000325126100044 8,446
000299033100054 57,298
000325126100043 12,389
000299033100055 67,406
000325126100042 14,501
000325126100049 47,772
000299033100058 66,824
000230788800049 8,295
000325126100047 14,590
000325126100046 12,736
000230788800046 5,395
000230788800045 12,128
000331552600038 57,797
000331552600039 61,575
000175163800051 64,037
000325126100052 49,179
000175163800050 54,782
000325126100051 49,132
000165429800050 66,431
000325126100050 76,709
000165429800051 71,441
000325126100056 60,823
000175163800055 59,443
000299033100045 59,607
000325126100055 50,789
000299033100046 46,424
000175163800054 64,747
000325126100054 44,411
000175163800053 65,011
000299033100043 14,961
000325126100053 52,512
000175163800052 80,256
000299033100044 52,576
000175163800059 9,199
000175163800058 71,499
000175163800057 84,870
000175163800056 59,550
000297313900038 44,951
000299033100049 62,585
000325126100059 67,898
000230788800039 7,013
000299033100047 42,163
000325126100058 65,262
000230788800038 12,281
000297313900039 46,179
000299033100048 45,965
000325126100057 63,731
000230788800037 4,797
000165429800052 75,669
000165429800053 64,664
000165429800054 69,485
000303451900039 69,854
000181988900039 51,850
000303451900038 65,214
000303451900037 82,225
000303451900036 63,639
000181988900035 39,904
000230296600041 47,456
000303451900035 75,000
000303451900034 58,219
000230296600040 79,536
000181988900036 32,329
000303451900033 58,054
000181988900037 32,973
000181988900038 34,113
000230296600045 72,828
000230296600044 68,840
000230296600043 56,753
000230296600042 56,421
000230296600049 83,788
000230296600048 57,921
000230296600047 71,535
000230296600046 46,078
000303451900042 68,877
000303451900041 49,554
000303451900040 54,048
000317843300001 47,883
000303451900049 67,123
000303451900048 85,642
000303451900047 82,566
000230296600052 60,011
000303451900046 60,030
000303451900045 66,878
000230296600051 62,898
000303451900044 86,657
000230296600050 71,319
000303451900043 75,432
000230296600054 62,876
000230296600053 61,918
000360968400034 60,894
000360968400033 50,883
000360968400036 49,272
000360968400035 54,558
000360968400038 56,102
000360968400037 44,104
000181988900053 52,509
000177192800042 12,462
000181988900050 67,548
000177192800041 35,665
000181988900051 66,993
000177192800040 51,918
000181988900052 41,612
000177192800039 41,774
000177192800037 44,401
000177192800036 38,795
000184615700029 42,351
000181988900046 56,319
000181988900047 56,728
000181988900048 53,083
000181988900049 60,870
000181988900042 52,709
000181988900043 45,802
000181988900044 62,323
000181988900045 58,584
000230296600038 60,226
000230296600037 67,649
000230296600036 44,989
000181988900040 10,843
000230296600035 64,374
000181988900041 56,327
000184615700033 40,138
000184615700034 32,741
000184615700031 32,167
000230296600039 55,006
000184615700032 41,587
000184615700030 49,067
000177192800025 16,964
000184615700039 54,630
000184615700037 50,725
000184615700038 52,201
000184615700035 12,933
000184615700036 51,356
000265412900036 74,617
000265412900037 72,326
000265412900034 61,825
000265412900035 67,846
000265412900033 50,013
000265412900038 74,275
000265412900039 57,059
000331477800040 83,654
000331477800046 93,276
000331477800045 78,041
000331477800042 74,206
000331477800041 94,532
000331477800044 87,216
000331477800043 56,859
000087503800053 51,790
000087503800052 58,512
000087503800051 50,848
000087503800050 41,767
000087503800046 48,012
000087503800045 55,138
000087503800044 44,614
000087503800043 55,027
000087503800049 39,977
000087503800048 44,377
000087503800047 59,177
000087503800042 60,035
000087503800041 44,743
000087503800040 8,172
000087503800039 59,435
000087503800038 41,256
000087503800030 10,453
000265412900040 51,531
000265412900047 70,365
000265412900048 87,114
000265412900045 80,281
000265412900046 67,178
000265412900043 68,297
000265412900044 76,892
000265412900041 93,225
000265412900042 58,193
000265412900049 67,984
000262104900034 78,549
000249233500044 66,848
000262104900033 72,237
000249233500045 79,225
000249233500042 55,246
000262104900032 64,993
000262104900031 76,648
000249233500043 81,515
000249233500040 73,442
000262104900030 81,820
000249233500041 84,907
000345770600054 90,014
000262104900039 79,645
000345770600053 75,422
000345770600052 81,401
000262104900038 72,641
000345770600051 70,157
000262104900037 64,242
000345770600050 91,987
000262104900036 85,040
000262104900035 54,282
000345770600045 69,665
000345770600044 68,620
000255398800052 75,973
000345770600043 89,603
000262104900029 66,745
000345770600042 68,074
000262104900028 50,826
000255398800051 51,782
000345770600041 76,071
000255398800050 63,720
000262104900027 44,344
000345770600040 69,326
000345770600049 78,351
000345770600048 94,930
000345770600047 55,362
000345770600046 73,753
000255398800043 64,275
000345770600034 41,202
000255398800042 54,040
000255398800041 70,476
000255398800040 70,539
000255398800049 77,540
000255398800048 57,615
000345770600039 63,645
000255398800047 85,440
000345770600038 69,585
000255398800046 49,956
000345770600037 60,476
000345770600036 62,089
000255398800045 81,885
000255398800044 80,186
000345770600035 55,916
000262104900042 83,155
000262104900041 69,540
000262104900040 78,640
000088169400025 14,363
000255398800039 60,325
000255398800038 49,117
000255398800037 60,838
000086387700046 72,006
000086387700045 52,347
000086387700044 55,894
000086387700043 57,673
000086387700042 48,655
000086387700041 42,598
000086387700040 42,876
000088169400032 11,279
000088169400037 39,035
000088169400038 57,778
000088169400039 65,102
000232338600035 61,804
000088169400033 51,346
000232338600036 61,414
000232338600037 66,922
000088169400034 55,942
000088169400035 44,941
000232338600038 58,794
000232338600039 56,595
000088169400036 37,533
000086387700049 57,177
000086387700048 37,804
000086387700047 55,611
000086387700056 50,716
000086387700055 54,745
000086387700054 62,311
000086387700053 48,336
000086387700052 62,100
000086387700051 44,246
000086387700050 60,474
000088169400040 53,966
000088169400041 53,661
000088169400042 50,808
000088169400043 59,064
000088169400044 49,081
000088169400045 59,446
000088169400046 53,238
000232338600050 75,557
000232338600051 67,308
000232338600052 51,393
000232338600053 62,500
000260094500052 62,619
000260094500051 41,459
000260094500050 44,214
000232338600040 59,914
000232338600041 59,836
000232338600042 75,575
000232338600043 60,263
000232338600044 74,062
000232338600045 62,453
000232338600046 64,628
000232338600047 58,913
000232338600048 53,043
000232338600049 71,879
000260094500041 44,687
000260094500040 59,947
000260094500049 61,534
000260094500048 49,558
000260094500047 54,252
000260094500046 51,374
000260094500045 46,428
000260094500044 51,193
000260094500043 47,341
000260094500042 56,232
000260094500038 43,198
000260094500037 53,163
000260094500036 14,016
000260094500035 10,506
000260094500034 11,307
000260094500033 8,838
000260094500039 48,016
000179494700028 15,341
000179494700027 11,183
000179494700029 40,544
000253453600043 75,460
000281084800032 67,845
000281084800033 55,110
000253453600042 60,995
000253453600041 78,675
000281084800034 45,597
000281084800035 66,018
000253453600040 69,759
000281084800036 60,753
000253453600047 67,828
000281084800037 67,104
000253453600046 63,318
000281084800038 58,539
000253453600045 75,342
000253453600044 78,503
000281084800039 57,671
000281084800030 49,980
000281084800031 56,031
000281084800029 52,108
000253453600039 79,252
000253453600038 68,427
000253453600037 96,090
000253453600036 58,542
000253453600035 58,259
000281084800026 16,405
000281084800027 59,886
000253453600034 40,064
000281084800028 47,358
000179494700042 78,578
000179494700041 67,977
000179494700040 67,603
000179494700045 61,837
000179494700044 64,573
000179494700043 59,981
000227334600036 62,980
000227334600037 56,591
000227334600035 15,257
000227334600038 64,161
000227334600039 69,372
000179494700039 50,340
000179494700038 64,459
000179494700037 60,618
000179494700036 50,208
000179494700031 62,236
000179494700030 54,296
000179494700035 57,524
000179494700034 63,062
000179494700033 78,594
000179494700032 53,972
000301837000038 40,081
000227334600040 54,541
000301837000037 15,410
000319497600001 53,865
000301837000039 43,685
000227334600043 61,561
000227334600044 66,374
000227334600041 89,103
000301837000036 62,565
000227334600042 59,838
000227334600047 62,366
000227334600048 65,297
000227334600045 65,594
000227334600046 71,762
000281084800040 56,445
000281084800041 48,784
000227334600049 69,217
000226814900048 59,611
000227334600050 66,729
000226814900043 37,620
000301837000049 60,503
000227334600051 62,052
000301837000048 68,772
000226814900042 53,625
000226814900041 47,043
000226814900040 56,969
000227334600054 67,569
000301837000045 49,220
000226814900047 60,255
000301837000044 54,818
000226814900046 60,240
000227334600052 84,493
000301837000047 42,083
000226814900045 50,167
000301837000046 51,155
000227334600053 83,108
000226814900044 58,543
000301837000041 58,291
000301837000040 57,797
000301837000043 53,830
000301837000042 62,321
000226814900039 52,270
000226814900038 52,888
000226814900037 37,636
000226814900032 14,201
000226814900036 54,956
000226814900035 46,277
000226814900034 39,280
000226814900033 64,359
000301837000052 44,080
000301837000051 58,793
000301837000054 51,016
000301837000053 52,402
000301837000050 50,166
000165379800025 15,741
000165379800034 10,920
000165379800039 52,903
000264796200044 82,036
000264796200045 88,251
000264796200042 64,817
000264796200043 75,857
000264796200046 73,215
000264796200040 91,997
000264796200041 68,341
000331477800039 58,231
000331477800038 66,651
000231230100035 53,409
000231230100036 52,705
000231230100037 11,208
000231230100038 45,241
000231230100039 48,956
000231230100033 47,921
000231230100034 44,384
000331477800035 62,451
000331477800034 55,971
000331477800037 71,041
000331477800036 69,756
000331477800031 70,769
000331477800030 36,309
000331477800033 73,391
000331477800032 64,245
000165379800045 38,506
000189026000042 76,253
000189026000043 68,241
000165379800046 48,875
000165379800043 48,302
000189026000044 58,783
000189026000045 58,774
000165379800044 39,228
000189026000046 76,144
000165379800041 44,575
000165379800042 52,331
000189026000047 63,626
000189026000048 83,904
000165379800040 52,430
000165379800049 43,351
000165379800047 58,622
000189026000040 64,366
000165379800048 51,815
000189026000041 76,273
000189026000034 46,888
000189026000035 66,212
000165379800052 62,313
000189026000036 54,008
000189026000037 53,485
000165379800050 41,825
000189026000038 63,480
000165379800051 50,991
000189026000039 54,072
000250395000051 88,702
000250395000052 80,426
000250395000050 70,415
000231230100046 60,559
000231230100047 36,319
000231230100048 64,355
000231230100049 42,117
000231230100040 43,831
000231230100041 51,734
000231230100042 55,075
000231230100043 56,758
000231230100044 55,536
000231230100045 45,728
000250395000057 84,465
000250395000058 69,575
000250395000055 76,815
000250395000056 75,492
000250395000053 55,225
000250395000054 95,985
000324894600041 54,635
000250395000041 61,518
000264796200039 64,489
000324894600042 62,020
000324894600043 50,986
000324894600048 60,654
000264796200033 59,100
000264796200034 58,785
000324894600049 54,604
000264796200032 57,964
000264796200037 69,615
000324894600044 56,069
000264796200038 66,334
000324894600045 61,196
000264796200035 56,696
000324894600046 44,832
000264796200036 75,255
000324894600047 58,284
000231230100050 45,463
000231230100051 60,223
000231230100052 33,562
000250395000048 71,374
000250395000049 82,765
000250395000046 47,739
000250395000047 55,908
000250395000044 61,984
000250395000045 62,760
000250395000042 58,083
000250395000043 73,235
000324894600051 55,948
000324894600052 45,414
000324894600053 69,647
000324894600050 45,226
000265024400051 61,429
000265024400050 51,047
000265024400048 56,639
000265024400047 49,600
000165103200053 54,087
000265024400049 64,523
000182886500050 53,432
000265024400040 65,097
000265024400042 52,554
000265024400041 55,284
000265024400044 55,418
000165103200051 56,144
000265024400043 63,994
000165103200052 60,505
000265024400046 61,676
000165103200050 67,303
000265024400045 61,954
000165103200044 60,231
000265024400037 49,250
000165103200045 51,239
000265024400036 16,101
000265024400039 61,535
000165103200042 44,888
000165103200043 41,713
000265024400038 53,300
000165103200048 49,828
000165103200049 60,350
000165103200046 43,839
000165103200047 62,185
000165103200040 46,307
000265024400033 50,071
000265024400032 38,906
000165103200041 50,692
000265024400034 46,292
000165103200039 50,257
000279343800034 68,413
000279343800033 49,959
000279343800036 59,648
000279343800035 87,775
000279343800038 58,955
000279343800037 51,436
000279343800039 56,756
000220103600047 71,724
000220103600046 60,280
000220103600049 78,994
000220103600048 73,107
000220103600043 66,272
000220103600042 60,256
000220103600045 67,584
000220103600044 72,062
000220103600041 58,287
000220103600040 68,641
000220103600039 68,794
000220103600038 58,641
000169780300042 36,293
000169780300043 67,230
000169780300040 64,980
000169780300041 54,113
000168563000042 65,335
000325988400060 70,916
000168563000041 56,551
000168563000044 60,396
000168563000043 63,447
000168563000040 58,457
000168563000049 66,738
000220103600023 9,550
000168563000046 75,494
000168563000045 65,429
000168563000048 62,820
000168563000047 66,625
000168563000053 65,831
000168563000052 49,160
000168563000055 64,110
000325988400050 72,743
000325988400051 75,223
000168563000054 61,004
000325988400052 66,975
000220103600014 12,380
000325988400053 88,051
000220103600013 8,717
000168563000051 87,112
000325988400054 80,909
000168563000050 57,600
000325988400055 79,923
000325988400056 74,186
000325988400057 76,042
000325988400058 80,245
000325988400059 99,644
000168563000056 72,949
000262481400033 64,997
000169780300028 61,033
000262481400032 48,506
000169780300029 61,641
000262481400031 42,742
000325988400040 34,888
000262481400030 40,531
000325988400041 51,440
000262481400037 52,036
000262481400036 59,405
000325988400042 38,397
000262481400035 44,451
000325988400043 35,784
000325988400044 34,697
000262481400034 57,033
000325988400045 65,530
000325988400046 54,692
000325988400047 48,028
000262481400039 49,252
000325988400048 63,317
000262481400038 46,215
000325988400049 57,362
000169780300031 66,138
000169780300032 47,563
000169780300030 40,653
000262481400040 59,284
000169780300039 39,762
000262481400044 52,555
000262481400043 67,608
000262481400042 53,859
000169780300037 41,621
000169780300038 51,553
000262481400041 72,015
000169780300035 48,114
000169780300036 44,954
000169780300033 48,381
000169780300034 58,853
000168563000039 12,849
000168563000038 15,412
000168563000035 24,322
000168563000037 13,802
000168563000036 8,354
000220103600065 6,835
000220103600064 8,090
000220103600067 11,292
000220103600066 8,853
000220103600063 5,213
000324894600004 65,222
000324894600005 66,359
000324894600001 58,989
000324894600002 68,623
000324894600003 50,268
000266246700042 54,686
000266246700041 65,895
000220103600053 68,813
000262481400029 13,626
000266246700044 55,696
000266246700043 60,201
000220103600050 72,435
000266246700046 79,170
000266246700045 60,371
000220103600052 70,839
000169780300019 12,841
000220103600051 81,657
000266246700040 71,035
000266246700039 49,172
000266246700038 50,529
000266246700031 51,908
000266246700033 56,691
000266246700032 13,133
000266246700035 51,313
000266246700034 53,643
000266246700037 62,540
000266246700036 57,776
000239008000048 52,449
000239008000044 52,672
000239008000045 52,206
000239008000046 62,394
000239008000047 49,883
000239008000040 46,983
000239008000041 50,776
000239008000042 51,708
000239008000043 53,377
000239008000037 43,164
000239008000038 40,316
000239008000039 49,561
000346536500070 58,575
000239008000033 9,527
000239008000034 45,886
000239008000035 54,176
000239008000036 49,158
000346536500064 62,579
000346536500065 60,941
000346536500066 49,615
000346536500067 50,452
000346536500060 62,772
000346536500061 61,997
000346536500062 61,299
000346536500063 53,749
000346536500068 55,056
000346536500069 43,781
000270987600047 76,501
000270987600048 81,006
000270987600045 61,382
000341483800070 59,876
000341483800071 56,812
000270987600046 60,005
000270987600049 95,218
000270987600040 76,143
000363213400044 51,294
000363213400045 71,442
000270987600043 104,902
000270987600044 64,412
000270987600041 62,217
000270987600042 76,441
000363213400042 79,087
000363213400043 51,476
000363213400040 64,116
000363213400041 63,527
000270987600036 64,154
000270987600037 66,675
000270987600034 34,213
000270987600035 70,055
000270987600038 66,633
000270987600039 93,738
000255868300040 53,120
000255868300042 57,019
000255868300041 47,163
000255868300044 49,204
000255868300043 69,872
000255868300046 68,853
000255868300045 41,511
000255868300047 48,328
000249233500039 96,189
000249233500037 64,674
000249233500038 69,894
000249233500035 62,685
000249233500036 71,916
000363213400035 45,210
000249233500033 51,299
000249233500034 56,758
000363213400036 50,789
000363213400033 50,178
000363213400034 57,477
000249233500032 54,543
000363213400039 58,544
000363213400037 49,906
000363213400038 50,489
000255868300031 42,826
000363213400031 65,192
000255868300033 10,749
000363213400032 65,549
000255868300032 44,709
000255868300035 57,706
000255868300034 48,823
000363213400030 68,727
000255868300037 49,716
000255868300036 51,317
000255868300039 45,839
000255868300038 66,493
000279343800041 75,974
000279343800040 81,969
000279343800043 98,519
000279343800042 67,828
000279343800045 76,470
000279343800044 72,532
000279343800047 55,678
000329440800039 57,683
000279343800046 70,475
000346536500010 14,581
000279343800049 76,357
000346536500011 12,478
000279343800048 65,715
000329440800036 47,964
000329440800035 47,399
000329440800038 42,559
000329440800037 50,326
000329440800043 60,460
000329440800042 46,353
000329440800045 49,492
000329440800044 59,684
000329440800041 54,408
000329440800040 51,742
000279343800050 83,865
000329440800047 59,388
000329440800046 57,197
000329440800048 58,777
000346536500006 21,032
000346536500007 13,348
000346536500008 18,687
000346536500009 17,913
000346536500004 10,676
000346536500005 14,720
000341483800058 56,862
000341483800059 53,990
000174211600030 17,719
000341483800056 53,791
000341483800057 53,545
000174211600033 52,968
000174211600034 49,377
000174211600031 13,829
000174211600032 5,503
000174211600037 53,357
000174211600038 60,462
000174211600035 54,331
000182886500041 42,667
000174211600036 52,019
000182886500040 48,730
000182886500043 68,931
000182886500042 44,709
000174211600039 65,121
000182886500045 57,303
000182886500044 53,466
000182886500047 50,388
000182886500046 57,931
000182886500049 56,284
000182886500048 65,093
000341483800061 37,639
000341483800062 39,326
000341483800060 62,065
000341483800065 52,168
000341483800066 46,578
000341483800063 74,611
000341483800064 55,072
000174211600040 57,740
000341483800069 75,993
000174211600041 66,021
000341483800067 68,308
000341483800068 44,923
000174211600044 59,111
000174211600045 45,288
000174211600042 58,847
000174211600043 58,909
000174211600048 62,620
000174211600046 69,667
000329440800034 70,528
000174211600047 77,725
000329440800033 55,212
000182886500034 12,181
000182886500033 39,698
000182886500036 44,811
000182886500035 57,472
000182886500038 55,734
000182886500037 52,411
000182886500039 60,912
000264559800036 54,998
000264559800037 65,369
000346536500055 101,258
000264559800038 58,585
000264559800039 45,096
000346536500056 61,016
000264559800032 53,000
000264559800033 42,816
000264559800034 45,791
000264559800035 50,963
000264559800030 46,188
000264559800031 55,111
000346536500057 55,141
000346536500058 47,619
000346536500059 59,465
000264559800029 52,995
000264559800028 14,590
000174211600028 20,339
000174211600029 13,588
000360968400039 53,184
000360968400041 47,527
000360968400040 54,614
000360968400043 75,586
000360968400042 49,024
000360968400045 62,030
000360968400044 58,618
000360968400046 57,644
000264559800043 57,633
000264559800044 58,210
000264559800045 59,642
000264559800040 59,907
000264559800041 47,676
000264559800042 45,404
000175163800040 10,080
000175163800044 59,246
000175163800043 58,365
000175163800042 43,268
000175163800048 56,785
000175163800047 58,651
000175163800046 59,596
000175163800045 50,687
000175163800049 61,953
000175163800039 11,556
000175163800038 25,666
000086022200056 14,822
000086022200055 64,587
000086022200050 62,130
000086022200054 80,383
000086022200053 77,725
000086022200052 59,643
000086022200051 52,136
000086022200047 72,267
000259090800048 61,983
000086022200046 69,723
000259090800047 75,434
000086022200045 52,858
000175565000058 55,909
000259090800049 68,879
000086022200044 66,764
000175565000059 39,867
000259090800044 65,255
000259090800043 71,519
000259090800046 59,183
000086022200049 58,814
000259090800045 73,098
000086022200048 56,522
000259090800040 57,028
000175565000052 59,965
000175565000053 58,502
000175565000050 58,641
000259090800042 62,770
000259090800041 67,206
000175565000051 61,302
000175565000056 45,097
000175565000057 61,391
000175565000054 52,231
000175565000055 49,214
000165548600121 67,356
000292732000034 60,999
000292732000035 59,441
000165548600120 73,120
000292732000036 59,034
000292732000037 46,776
000165548600125 65,615
000292732000031 47,862
000165548600124 73,852
000165548600123 62,065
000292732000032 15,289
000165548600122 71,913
000292732000033 46,798
000086022200043 69,736
000086022200042 64,193
000086022200041 62,631
000254394000039 10,313
000086022200040 50,059
000086022200036 12,348
000086022200035 18,132
000086022200039 48,112
000086022200038 34,380
000086022200037 9,325
000259090800051 72,698
000259090800050 63,772
000259090800053 78,592
000259090800052 73,756
000165548600110 57,686
000165548600114 59,252
000165548600113 54,566
000165548600112 59,912
000165548600111 56,154
000165548600118 75,287
000088383800053 84,775
000165548600117 84,452
000254394000029 39,796
000165548600116 58,237
000165548600115 60,771
000088383800050 72,956
000088383800052 69,713
000088383800051 80,577
000165548600119 68,519
000086022200025 21,677
000165548600103 10,696
000165548600102 12,807
000165548600107 50,602
000165548600106 15,882
000165548600105 14,325
000165548600104 8,189
000165548600109 60,657
000165548600108 58,436
000329441500030 67,055
000088383800029 11,681
000088383800021 18,392
000088383800022 17,168
000329441500029 50,917
000329441500040 72,646
000329441500041 76,003
000329441500035 60,564
000329441500036 84,148
000329441500037 61,386
000329441500038 92,509
000329441500031 47,379
000329441500032 82,342
000329441500033 82,079
000329441500034 86,444
000088383800011 15,288
000329441500039 81,996
000175565000038 34,265
000175565000039 42,225
000175565000037 29,499
000254394000051 70,532
000254394000050 67,914
000254394000053 49,373
000254394000052 49,758
000175565000032 39,803
000175565000033 50,681
000329441500042 77,090
000088383800047 52,392
000088383800046 59,537
000329441500043 85,500
000329441500044 60,393
000088383800049 73,356
000088383800048 60,555
000088383800043 70,458
000088383800042 61,509
000088383800045 62,714
000088383800044 48,456
000088383800041 57,485
000088383800040 58,161
000175565000049 58,537
000254394000044 55,827
000254394000043 46,279
000254394000046 38,086
000175565000047 34,506
000254394000045 39,125
000175565000048 45,861
000254394000040 51,720
000254394000042 51,018
000254394000041 15,464
000175565000041 38,895
000175565000042 43,317
000175565000040 36,347
000292732000038 52,201
000175565000045 62,438
000292732000039 58,330
000175565000046 45,901
000175565000043 13,692
000175565000044 68,681
000292732000045 50,737
000292732000046 60,648
000088383800039 66,727
000292732000047 61,880
000292732000048 72,874
000292732000041 47,458
000088383800036 58,600
000292732000042 59,639
000292732000043 60,242
000088383800038 62,194
000088383800037 55,004
000292732000044 50,354
000088383800032 7,456
000088383800031 11,910
000292732000040 59,815
000088383800033 10,131
000254394000048 49,175
000254394000047 56,301
000088383800030 10,697
000254394000049 47,005
000221505900036 69,602
000221505900035 49,305
000221505900034 52,665
000221505900039 78,077
000221505900038 60,883
000221505900037 63,429
000221505900043 79,320
000221505900042 52,922
000221505900041 65,577
000221505900040 76,048
000221505900047 56,445
000221505900046 78,573
000221505900045 66,448
000221505900044 82,901
000221505900048 67,902
000181044700041 61,968
000181044700042 50,932
000181044700043 57,128
000181044700044 79,599
000181044700040 48,658
000181044700049 50,667
000181044700045 59,897
000181044700046 77,526
000181044700047 62,639
000181044700048 58,400
000181044700052 76,163
000181044700053 55,219
000181044700050 72,929
000181044700051 79,437
000182272300032 66,744
000182272300033 59,928
000182272300030 14,044
000182272300031 64,060
000182272300036 60,607
000182272300037 65,963
000182272300034 59,983
000182272300035 59,546
000182272300038 60,421
000182272300039 51,937
000173159300054 36,009
000173159300055 37,895
000173159300050 33,886
000173159300051 43,910
000173159300052 52,194
000173159300053 36,439
000182272300029 14,761
000182272300050 34,165
000182272300051 36,785
000182272300052 41,674
000347102300050 60,753
000347102300052 39,888
000347102300051 74,334
000173159300036 61,624
000173159300037 64,918
000173159300038 65,439
000173159300039 89,984
000173159300032 63,524
000173159300033 47,583
000173159300034 50,930
000173159300035 66,048
000347102300054 64,629
000347102300053 66,135
000173159300030 7,279
000259090800039 65,313
000259090800038 54,738
000182272300040 70,815
000182272300043 65,797
000182272300044 75,430
000182272300041 57,483
000182272300042 68,450
000182272300047 14,750
000182272300048 36,667
000165548600131 13,487
000347102300041 47,872
000182272300045 59,622
000165548600130 17,644
000347102300040 51,340
000173159300047 64,300
000165548600136 12,501
000165548600135 16,906
000173159300049 40,563
000182272300049 46,460
000165548600133 11,931
000173159300043 84,960
000347102300047 57,608
000173159300044 60,375
000347102300046 59,118
000347102300049 56,865
000173159300045 69,564
000173159300046 76,986
000347102300048 54,906
000347102300043 50,496
000347102300042 52,005
000173159300040 62,901
000347102300045 43,355
000173159300041 73,195
000347102300044 56,399
000173159300042 76,327
000306506500044 69,632
000306506500043 77,827
000306506500046 80,746
000306506500045 48,894
000306506500040 69,404
000306506500042 73,507
000306506500041 81,985
000306506500048 65,077
000306506500047 79,034
000306506500033 68,802
000306506500032 62,909
000306506500035 66,464
000306506500034 60,275
000173159300029 8,785
000173159300028 24,773
000306506500037 62,124
000306506500036 65,827
000306506500039 67,444
000306506500038 80,431
000326293200039 57,500
000326293200038 72,180
000277149000035 41,555
000277149000036 59,901
000277149000037 52,407
000326293200040 56,245
000277149000038 76,353
000277149000039 54,796
000326293200044 79,171
000326293200043 54,671
000326293200042 86,233
000326293200041 62,493
000326293200048 72,890
000326293200047 64,511
000326293200046 66,369
000326293200045 68,373
000326293200049 63,538
000326293200051 75,295
000326293200050 67,328
000277149000050 73,971
000277149000051 76,422
000277149000052 79,351
000277149000053 76,556
000277149000054 66,736
000277149000044 69,730
000277149000045 84,330
000277149000046 68,153
000277149000047 83,199
000277149000040 55,485
000277149000041 70,125
000277149000042 44,092
000277149000043 61,340
000277149000048 86,704
000277149000049 81,862
000290487200035 77,646
000179080400032 38,985
000289724600034 70,028
000290487200036 80,317
000289724600033 59,622
000290487200033 59,233
000289724600036 61,902
000235486100058 9,037
000290487200034 61,519
000289724600035 65,074
000290487200039 68,439
000289724600038 66,169
000289724600037 50,745
000290487200037 80,485
000290487200038 74,661
000289724600039 60,325
000230938200043 42,771
000230938200044 48,962
000230938200045 42,055
000230938200046 43,155
000290487200031 72,400
000230938200040 47,541
000290487200032 67,790
000230938200041 54,847
000230938200042 51,858
000290487200030 62,587
000230938200039 18,440
000235486100052 71,079
000235486100053 75,526
000235486100050 89,028
000235486100051 54,260
000235486100054 57,631
000289724600032 58,619
000179080400041 13,845
000289724600031 57,102
000179080400042 39,911
000179080400043 36,263
000179080400044 74,864
000290487200044 59,063
000179080400045 52,539
000179080400046 46,101
000179080400047 53,339
000179080400048 51,878
000179080400049 47,640
000230938200054 56,299
000230938200055 48,911
000290487200042 59,340
000230938200050 50,835
000290487200043 74,910
000230938200051 42,397
000230938200052 50,026
000290487200040 80,475
000290487200041 86,423
000230938200053 55,067
000230938200047 56,688
000230938200048 41,337
000230938200049 59,600
000179080400050 50,869
000179080400051 56,709
000179080400052 60,089
000179080400053 50,805
000235486100038 50,476
000235486100039 58,240
000235486100037 30,742
000176892600054 50,046
000176892600053 58,511
000176892600052 58,542
000176892600051 64,052
000176892600050 49,998
000235486100049 70,254
000235486100047 89,322
000235486100048 56,860
000239630200050 96,620
000239630200051 56,312
000230938200026 11,227
000235486100041 70,223
000235486100042 60,467
000235486100040 67,744
000235486100045 76,435
000235486100046 64,919
000235486100043 56,535
000235486100044 65,363
000239630200045 89,416
000239630200046 73,369
000239630200043 57,703
000239630200044 75,675
000239630200049 96,960
000239630200047 58,135
000239630200048 40,513
000239630200041 57,038
000239630200042 70,875
000176892600039 15,581
000239630200040 60,336
000176892600038 14,499
000239630200038 64,200
000239630200039 57,346
000239630200036 63,086
000239630200037 77,426
000176892600049 47,558
000176892600048 53,082
000176892600047 48,028
000176892600046 59,484
000176892600045 51,349
000176892600044 60,168
000176892600043 53,752
000176892600042 41,214
000176892600041 46,840
000176892600040 58,672
000187710000033 64,653
000187710000034 71,176
000187710000031 61,453
000187710000032 55,363
000187710000030 68,702
000239998200029 58,946
000245438300040 57,026
000187710000037 69,146
000187710000038 73,563
000187710000035 72,610
000187710000036 74,021
000245438300045 84,148
000245438300044 77,638
000245438300043 77,657
000245438300042 63,120
000245438300041 68,701
000187710000028 62,362
000187710000029 58,705
000187710000026 50,135
000187710000027 52,154
000187710000025 46,203
000239998200046 59,521
000239998200047 66,590
000239998200048 54,699
000239998200049 63,322
000239998200040 50,282
000239998200041 45,067
000239998200042 54,349
000239998200043 58,020
000239998200044 54,611
000239998200045 57,404
000239998200037 15,295
000239998200038 56,002
000239998200039 36,156
000239998200031 53,948
000239998200032 50,596
000179080400054 61,000
000179080400055 62,151
000227313200039 58,306
000227313200038 49,203
000319556100036 61,184
000319556100035 69,512
000319556100038 70,693
000319556100037 68,884
000319556100039 77,159
000227313200034 43,387
000289724600045 61,367
000289724600044 72,384
000290487200029 49,247
000227313200048 50,133
000319556100041 66,418
000319556100040 70,778
000227313200049 13,615
000319556100043 63,057
000319556100042 69,772
000319556100045 84,925
000319556100044 59,762
000319556100047 62,735
000319556100046 77,772
000319556100049 77,337
000177697300042 48,617
000319556100048 65,285
000177697300043 45,765
000177697300044 48,890
000177697300045 41,401
000177697300046 16,651
000177697300047 51,979
000177697300048 57,643
000177697300049 57,873
000227313200046 39,456
000227313200047 68,587
000181044700039 47,474
000227313200044 43,963
000227313200045 44,027
000227313200042 44,659
000289724600041 87,439
000227313200043 47,265
000289724600040 67,390
000227313200040 46,716
000289724600043 92,954
000181044700036 13,048
000227313200041 41,600
000289724600042 78,913
000181044700037 15,978
000319556100050 71,581
000227313200059 46,765
000177697300050 46,794
000177697300051 41,769
000177697300052 56,272
000177697300053 45,334
000177697300054 62,810
000177697300055 37,364
000177697300056 41,470
000227313200050 67,798
000177697300057 42,061
000177697300058 44,306
000177697300059 49,439
000227313200057 64,590
000227313200058 70,888
000227313200055 42,514
000227313200056 52,978
000227313200053 46,585
000227313200054 41,218
000227313200051 45,714
000227313200052 48,912
000177697300060 53,273
000177697300061 50,259
000245438300037 67,521
000227313200060 58,419
000227313200061 46,335
000245438300036 71,455
000245438300035 66,948
000245438300034 73,499
000245438300033 73,957
000245438300032 69,435
000245438300031 47,749
000245438300039 57,686
000227313200062 51,983
000245438300038 65,008
000227313200063 46,939
000286933600049 52,105
000167618700050 39,651
000286933600044 46,972
000286933600046 50,697
000286933600045 8,566
000286933600048 65,143
000286933600047 60,367
000167618700059 50,464
000337350200038 80,439
000337350200039 91,030
000337350200036 65,967
000337350200037 53,458
000167618700055 56,043
000337350200034 61,704
000337350200035 81,695
000167618700056 45,663
000337350200032 74,561
000167618700057 43,941
000337350200033 98,894
000167618700058 59,408
000167618700051 49,992
000337350200030 61,196
000167618700052 49,837
000337350200031 71,667
000167618700053 54,343
000167618700054 55,204
000167618700060 52,727
000167618700061 47,473
000085444700029 13,683
000286933600053 48,218
000286933600052 51,999
000286933600055 49,260
000235688100051 50,321
000235688100050 53,997
000286933600054 65,664
000286933600057 57,145
000286933600056 55,340
000286933600058 61,182
000246693100052 55,161
000337350200029 80,286
000337350200027 64,792
000337350200028 61,287
000286933600051 62,348
000337350200026 61,191
000286933600050 51,085
000258436700029 12,676
000246693100050 69,817
000258436700028 45,317
000246693100051 50,717
000232786000039 51,379
000232786000037 36,359
000232786000038 53,634
000232786000035 42,083
000232786000036 16,033
000167618700048 42,790
000167618700049 44,862
000232786000048 43,252
000232786000049 50,044
000167618700044 50,672
000232786000046 58,409
000167618700045 56,477
000232786000047 69,994
000232786000044 55,474
000167618700047 52,207
000232786000045 65,660
000232786000042 39,745
000232786000043 52,907
000167618700041 41,348
000167618700042 38,166
000232786000040 44,712
000167618700043 49,719
000232786000041 46,622
000232786000050 51,195
000331107700032 61,417
000331107700031 65,303
000331107700030 57,271
000168074000041 51,095
000168074000040 56,821
000331107700036 73,393
000168074000049 55,670
000168074000048 44,390
000331107700035 68,654
000168074000047 51,502
000331107700034 72,073
000331107700033 72,880
000168074000046 64,717
000168074000045 47,734
000168074000044 54,925
000331107700039 80,846
000168074000043 54,158
000331107700038 72,194
000168074000042 52,168
000331107700037 72,879
000168074000039 64,724
000168074000038 41,428
000239998200050 55,337
000168074000037 39,463
000239998200051 48,390
000168074000036 43,194
000239998200052 51,667
000168074000035 57,201
000331107700029 53,962
000331107700028 49,290
000258436700037 43,800
000258436700036 63,834
000258436700035 49,000
000258436700034 44,352
000258436700033 51,973
000258436700032 50,046
000258436700031 40,278
000258436700030 60,502
000246693100049 81,410
000237312100049 47,774
000237312100048 39,285
000237312100047 59,971
000246693100041 56,800
000237312100046 57,521
000246693100042 68,643
000237312100045 47,033
000237312100044 54,081
000246693100043 62,957
000237312100043 59,573
000246693100044 67,227
000246693100045 74,776
000237312100042 41,100
000237312100041 45,943
000246693100046 61,829
000246693100047 74,472
000237312100040 10,507
000246693100048 59,839
000258436700039 47,479
000246693100040 68,166
000258436700038 53,844
000331107700043 62,083
000258436700043 48,786
000331107700042 68,702
000258436700042 54,805
000331107700041 77,539
000258436700041 56,837
000331107700040 77,182
000258436700040 62,996
000246693100038 42,142
000246693100039 38,993
000168074000050 46,791
000237312100054 55,823
000237312100053 63,868
000246693100034 39,656
000237312100052 50,240
000246693100035 35,968
000246693100036 31,988
000237312100051 71,580
000237312100050 50,828
000246693100037 35,464
000165548600012 10,452
000331107700044 77,401
000337350200041 95,532
000337350200040 102,131
000284584200040 72,492
000284584200042 76,331
000284584200041 68,316
000284584200047 69,133
000284584200044 66,317
000284584200043 73,020
000284584200046 73,952
000284584200045 69,902
000284584200037 75,028
000284584200036 50,125
000284584200039 50,671
000284584200038 79,300
000284584200033 55,891
000284584200035 64,545
000284584200034 63,831
000224304000053 57,775
000224304000052 52,767
000224304000054 17,523
000299726000037 76,787
000299726000036 79,932
000299726000039 67,894
000224304000051 63,826
000299726000038 83,035
000224304000050 50,676
000299726000033 60,441
000299726000032 65,739
000299726000035 72,459
000299726000034 66,047
000085444700055 48,822
000224304000037 13,733
000224304000036 50,135
000224304000039 55,652
000224304000038 17,577
000299273400051 72,560
000299273400052 48,591
000299273400050 54,857
000085444700050 48,148
000085444700053 48,877
000085444700054 48,657
000085444700051 54,172
000085444700052 58,064
000224304000046 37,721
000224304000045 53,536
000224304000048 50,589
000224304000047 54,157
000224304000042 46,711
000224304000041 38,197
000224304000044 60,543
000224304000043 63,456
000224304000049 57,398
000299726000040 72,510
000299726000042 63,375
000299726000041 73,296
000299726000047 85,828
000224304000040 44,562
000299726000044 71,971
000299726000043 97,043
000299726000046 78,451
000299726000045 101,574
000235688100042 46,333
000235688100041 53,235
000235688100040 55,601
000235688100049 51,545
000235688100048 65,957
000235688100047 44,305
000235688100046 58,952
000235688100045 41,163
000235688100044 38,720
000235688100043 38,009
000299273400039 56,019
000085444700046 41,898
000085444700047 61,829
000085444700044 62,914
000085444700045 38,746
000085444700048 60,019
000085444700049 38,908
000224304000029 15,233
000235688100039 79,807
000299273400042 44,687
000235688100038 14,363
000299273400043 54,902
000235688100037 42,294
000299273400040 63,950
000299273400041 47,046
000299273400048 42,145
000299273400049 51,038
000299273400046 65,540
000085444700042 52,801
000085444700043 45,600
000299273400047 60,207
000299273400044 69,019
000085444700040 43,496
000299273400045 56,583
000085444700041 37,504
000177009700029 50,925
000177009700028 12,533
000177009700027 11,517
000178791200060 43,170
000178791200061 49,722
000178791200062 52,892
000178791200063 49,034
000178791200064 55,711
000178791200065 53,014
000178791200066 47,183
000250788500037 43,387
000250788500036 54,476
000250788500039 54,073
000250788500038 61,082
000177009700035 64,952
000177009700034 52,187
000177009700033 68,267
000250788500031 48,437
000177009700032 71,527
000177009700039 72,620
000250788500033 50,304
000177009700038 82,322
000250788500032 12,873
000177009700037 61,098
000250788500035 46,988
000177009700036 67,337
000250788500034 62,506
000178791200050 50,944
000178791200051 37,776
000177009700031 72,202
000177009700030 59,256
000178791200056 53,518
000178791200057 60,033
000178791200058 42,146
000178791200059 60,524
000178791200052 60,078
000178791200053 43,073
000178791200054 37,016
000178791200055 59,978
000250788500047 64,807
000178791200049 13,418
000250788500040 54,690
000177009700046 7,774
000250788500042 83,399
000177009700044 75,983
000250788500041 70,185
000177009700043 61,054
000250788500044 64,023
000250788500043 76,160
000250788500046 56,836
000250788500045 49,208
000177009700042 49,446
000177009700041 54,219
000177009700040 65,544
000178791200045 35,734
000178791200046 54,201
000178791200047 34,644
000178791200048 31,688
000178791200044 28,054
000262587900037 43,703
000262587900036 37,252
000262587900039 41,772
000262587900038 72,864
000237593200053 35,151
000237593200052 72,510
000086869600040 44,376
000237593200054 74,876
000086869600043 57,955
000086869600044 40,739
000237593200051 54,526
000086869600041 57,038
000168963800038 35,912
000237593200050 76,996
000086869600042 45,948
000168963800039 51,448
000168963800036 46,859
000168963800037 52,581
000168963800034 55,364
000168963800035 66,958
000168963800033 45,208
000262587900033 53,548
000179361600053 42,879
000179361600052 48,908
000179361600051 53,748
000289784900039 40,526
000262587900035 60,101
000179361600050 38,539
000289784900038 59,384
000262587900034 13,895
000289784900037 58,879
000289784900036 73,068
000289784900035 54,451
000289784900034 59,625
000361707000034 38,063
000086869600036 37,709
000086869600037 46,742
000086869600034 47,968
000361707000036 40,985
000361707000035 39,900
000086869600035 45,007
000361707000038 65,964
000361707000037 40,651
000086869600038 49,419
000086869600039 49,161
000361707000039 45,166
000086869600032 50,681
000086869600033 41,670
000086869600030 45,018
000086869600031 47,092
000289784900044 56,989
000289784900043 49,175
000289784900042 64,433
000289784900041 60,471
000289784900040 57,201
000361707000041 47,574
000289784900048 71,468
000361707000040 49,637
000289784900047 69,995
000289784900046 43,308
000361707000043 48,267
000361707000042 49,130
000289784900045 50,019
000361707000045 56,105
000270302600036 67,210
000361707000044 60,718
000270302600035 73,829
000361707000047 54,211
000270302600034 59,832
000361707000046 50,327
000270302600033 70,079
000270302600032 66,536
000361707000049 62,966
000361707000048 66,867
000270302600031 47,628
000270302600039 79,281
000270302600038 59,476
000270302600037 75,488
000179361600039 53,595
000179361600038 12,691
000179361600037 65,953
000361707000050 57,068
000270302600045 78,511
000270302600044 75,187
000270302600043 94,007
000270302600042 91,629
000270302600041 78,046
000270302600040 64,065
000179361600049 67,200
000179361600048 42,723
000179361600047 46,514
000179361600042 47,254
000179361600041 45,383
000179361600040 61,394
000179361600046 48,366
000179361600045 55,726
000179361600044 53,946
000179361600043 43,517
000288215200041 70,859
000288215200040 54,929
000288215200045 65,928
000288215200044 62,730
000288215200043 56,654
000288215200042 49,315
000288215200049 60,560
000248150200035 41,497
000288215200048 60,296
000248150200036 9,802
000288215200047 47,811
000288215200046 68,583
000248150200039 56,077
000248150200037 51,412
000248150200038 42,307
000288215200050 59,299
000237593200039 62,273
000349834700001 11,778
000237593200038 50,744
000086869600029 52,206
000237593200035 10,754
000237593200034 11,006
000086869600027 40,625
000086869600028 65,584
000086869600020 14,845
000262587900050 60,971
000237593200049 80,132
000237593200046 70,601
000262587900048 74,751
000237593200045 60,236
000262587900047 47,993
000237593200048 61,392
000237593200047 68,356
000262587900049 62,132
000237593200042 73,587
000237593200041 57,905
000237593200044 65,256
000237593200043 56,101
000237593200040 40,291
000168963800047 44,789
000168963800045 57,661
000168963800046 54,225
000288215200038 66,832
000168963800043 58,445
000288215200037 49,494
000168963800044 62,899
000168963800041 45,939
000288215200036 55,850
000168963800042 65,482
000288215200035 48,411
000262587900044 54,775
000262587900043 56,682
000168963800040 51,102
000262587900046 70,666
000288215200039 55,735
000262587900045 56,886
000262587900040 54,295
000262587900042 45,612
000262587900041 41,565
000242581100050 54,283
000242581100051 80,215
000242581100052 55,918
000242581100053 67,907
000242581100054 59,356
000242581100055 71,166
000242581100056 73,805
000242581100057 66,997
000242581100058 59,686
000242581100059 64,160
000167464100012 8,928
000242581100042 18,714
000242581100043 11,081
000242581100048 37,529
000242581100049 33,798
000270131800038 54,954
000187385200003 11,952
000270131800037 56,579
000270131800039 83,671
000227957300046 41,284
000227957300045 40,708
000227957300044 49,695
000227957300043 41,797
000227957300049 46,669
000227957300048 55,432
000227957300047 17,522
000270131800036 23,124
000270131800031 39,296
000242581100060 79,707
000242581100061 79,518
000242581100062 71,778
000242581100063 82,744
000242581100064 58,911
000227957300053 48,961
000248150200050 62,649
000227957300052 37,265
000227957300051 51,889
000227957300050 42,829
000227957300057 49,019
000248150200042 48,704
000248150200043 56,197
000227957300056 48,896
000227957300055 50,100
000248150200040 49,745
000248150200041 47,414
000227957300054 49,775
000248150200046 55,069
000248150200047 54,816
000248150200044 59,846
000227957300059 79,665
000227957300058 39,025
000248150200045 53,374
000248150200048 55,567
000248150200049 34,605
000270131800050 54,431
000284118000033 64,457
000284118000034 59,622
000284118000031 54,027
000284118000032 18,348
000284118000037 51,779
000284118000038 57,038
000284118000035 43,119
000284118000036 54,717
000270131800049 64,649
000270131800048 54,904
000270131800045 42,892
000270131800044 44,548
000270131800047 47,342
000270131800046 51,028
000270131800041 51,402
000270131800040 62,469
000270131800043 57,954
000270131800042 50,262
000233756500036 14,769
000233756500037 45,117
000233756500038 52,012
000233756500039 43,689
000233756500033 42,551
000233756500034 38,252
000233756500035 32,556
000089430900045 53,620
000089430900046 55,801
000284118000039 45,903
000089430900047 48,571
000089430900048 44,506
000089430900040 50,913
000089430900041 68,734
000089430900042 42,219
000089430900043 60,901
000089430900044 54,382
000284118000040 61,555
000284118000041 49,614
000284118000044 63,128
000284118000045 51,801
000284118000042 60,817
000284118000043 59,470
000284118000048 48,877
000284118000049 73,541
000284118000046 59,271
000284118000047 43,129
000089430900034 57,421
000089430900035 56,983
000300047100049 55,443
000089430900036 49,096
000089430900037 46,541
000089430900038 43,871
000300047100047 48,608
000089430900039 44,118
000300047100048 71,189
000300047100045 54,894
000300047100046 50,942
000089430900030 11,856
000089430900031 7,833
000089430900032 14,730
000089430900033 42,799
000300047100043 66,152
000300047100044 57,076
000300047100041 47,555
000300047100042 12,157
000089430900024 15,161
000089430900027 12,088
000089430900028 11,481
000089430900029 11,173
000233756500047 53,367
000233756500048 46,085
000233756500049 60,050
000233756500043 57,993
000233756500044 43,399
000233756500045 53,719
000233756500046 66,239
000233756500040 46,067
000233756500041 59,419
000233756500042 49,773
000187385200050 46,546
000300047100054 58,786
000300047100052 61,574
000300047100053 61,828
000300047100050 54,239
000300047100051 65,875
000167464100048 56,505
000167464100047 68,849
000167464100046 55,674
000167464100045 77,077
000221083000044 75,177
000221083000045 78,485
000221083000042 80,532
000167464100049 71,973
000221083000043 68,679
000227957300060 47,422
000221083000040 74,951
000221083000041 52,299
000227957300061 60,171
000167464100040 62,453
000167464100044 76,864
000167464100043 58,716
000167464100042 49,636
000167464100041 59,529
000167464100057 18,107
000167464100056 58,287
000273748100049 72,254
000273748100048 72,073
000187385200015 16,129
000167464100051 58,821
000167464100050 66,384
000167464100055 70,374
000167464100054 62,120
000167464100053 72,590
000167464100052 52,018
000187385200047 55,782
000187385200046 48,451
000273748100039 53,899
000273748100038 73,667
000187385200049 55,018
000273748100037 49,882
000187385200048 48,782
000187385200043 44,559
000273748100047 75,341
000187385200042 47,482
000273748100046 87,679
000187385200045 39,790
000273748100045 58,242
000187385200044 65,961
000273748100044 76,681
000273748100043 48,570
000167464100022 8,665
000273748100042 73,656
000167464100021 11,361
000187385200041 59,203
000273748100041 80,490
000273748100040 60,235
000187385200040 59,387
000221083000037 45,908
000167464100037 15,027
000221083000038 59,596
000187385200039 42,417
000167464100036 13,370
000221083000035 59,065
000167464100035 13,370
000221083000036 65,364
000167464100034 11,563
000187385200036 61,518
000221083000033 50,252
000221083000034 59,063
000187385200035 47,372
000167464100039 59,629
000187385200038 47,558
000187385200037 33,894
000167464100038 50,327
000221083000032 46,663
000273748100036 64,360
000187385200032 57,319
000273748100035 51,933
000187385200034 47,388
000187385200033 12,248
000221083000039 76,716
000170068200050 64,742
000170068200052 59,806
000170068200051 58,650
000170068200053 72,088
000274901100029 43,156
000274901100028 54,044
000274901100032 63,414
000296052500048 47,861
000296052500047 46,242
000274901100031 45,554
000274901100034 62,150
000274901100033 66,922
000296052500049 54,728
000274901100036 38,966
000296052500044 47,896
000274901100035 62,371
000296052500043 58,793
000274901100038 61,202
000296052500046 62,492
000296052500045 45,356
000274901100037 57,500
000296052500040 64,556
000296052500042 49,348
000296052500041 52,319
000274901100030 64,224
000170068200041 47,925
000170068200040 62,085
000170068200043 76,268
000170068200042 62,553
000170068200045 60,956
000170068200044 68,465
000170068200047 67,456
000170068200046 70,428
000170068200049 60,926
000170068200048 84,915
000296052500039 59,524
000274901100027 42,392
000170068200034 10,893
000170068200033 19,810
000170068200036 14,093
000170068200035 18,102
000170068200038 61,083
000170068200037 42,458
000170068200039 55,355
000173143100039 66,253
000173143100035 37,573
000173143100036 44,482
000173143100037 54,629
000173143100038 10,223
000229185000039 65,790
000229185000038 72,323
000229185000037 53,261
000229185000036 61,093
000173143100046 50,470
000173143100047 49,492
000173143100048 57,841
000173143100049 43,280
000173143100042 59,069
000229185000035 65,537
000173143100043 54,214
000173143100044 55,808
000280562500029 63,640
000173143100045 43,710
000173143100040 38,087
000173143100041 46,527
000280562500038 79,478
000280562500037 71,750
000280562500036 54,253
000280562500035 58,187
000280562500034 81,037
000280562500033 48,607
000280562500032 70,687
000280562500031 51,681
000173143100053 57,139
000173143100054 60,886
000173143100055 55,359
000280562500039 79,380
000173143100050 38,213
000173143100051 44,593
000173143100052 61,497
000280562500030 70,175
000280562500044 82,944
000280562500043 72,481
000280562500042 69,827
000229185000051 64,093
000229185000050 64,553
000350097300051 71,811
000350097300050 98,292
000350097300052 81,810
000280562500041 78,638
000280562500040 66,089
000229185000049 66,022
000229185000048 88,310
000229185000047 76,627
000229185000042 64,234
000229185000041 64,264
000229185000040 53,013
000229185000046 75,092
000350097300048 79,508
000229185000045 62,699
000350097300047 77,818
000229185000044 53,949
000229185000043 69,203
000350097300049 91,874
000350097300044 74,155
000350097300043 85,850
000350097300046 69,623
000350097300045 81,023
000350097300040 58,527
000350097300042 69,912
000350097300041 61,390
000350097300039 51,199
000350097300038 62,050
000350097300031 14,840
000296230500051 57,064
000296230500050 57,346
000274020500041 58,477
000274020500040 45,175
000274020500042 52,935
000296230500049 60,557
000089071700052 50,177
000089071700051 48,206
000089071700050 51,008
000296230500040 54,410
000089071700049 60,642
000089071700048 43,084
000089071700047 51,756
000089071700046 63,311
000089071700045 37,177
000089071700044 65,427
000089071700043 48,350
000089071700042 48,175
000296230500048 40,444
000296230500047 42,356
000296230500046 53,013
000296230500045 48,406
000296230500044 46,279
000296230500043 72,785
000296230500042 57,945
000296230500041 57,809
000296230500039 51,302
000296230500038 53,242
000296230500037 55,729
000296230500036 14,236
000305982900062 83,318
000305982900063 66,341
000305982900060 87,696
000305982900061 77,834
000180938000030 9,906
000180938000033 8,951
000180938000032 9,297
000180938000035 57,096
000180938000037 59,874
000305982900055 72,830
000180938000036 58,165
000305982900056 69,633
000180938000039 68,353
000305982900053 73,046
000180938000038 81,321
000305982900054 66,273
000305982900059 82,069
000305982900057 71,160
000305982900058 61,860
000305982900051 55,914
000305982900052 57,934
000305982900050 47,020
000089071700041 52,789
000089071700040 45,173
000089071700038 54,023
000089071700037 56,570
000089071700036 53,966
000089071700035 44,046
000305982900048 50,604
000305982900049 51,391
000180938000029 13,193
000089071700039 64,789
000342988600057 81,332
000342988600056 71,972
000342988600055 74,955
000342988600054 61,329
000342988600053 77,439
000342988600052 87,353
000342988600051 79,948
000342988600050 69,510
000342988600049 75,867
000342988600048 85,392
000342988600047 87,016
000342988600046 64,396
000342988600045 72,628
000342988600044 55,771
000342988600043 54,416
000342988600042 50,390
000180938000040 62,267
000180938000042 55,377
000180938000041 68,822
000180938000044 57,186
000296052500055 54,454
000296052500054 47,762
000180938000043 68,517
000180938000046 61,167
000180938000045 70,382
000296052500056 50,824
000296052500051 44,868
000342988600041 69,268
000180938000048 47,434
000180938000047 74,164
000296052500050 44,698
000296052500053 59,548
000296052500052 50,215
000249394500042 68,714
000249394500043 56,322
000249394500044 58,628
000249394500045 61,361
000249394500046 60,514
000184733900052 41,998
000295782800049 96,711
000316053400030 54,089
000249394500047 77,000
000184733900053 49,890
000184733900050 46,416
000249394500048 59,222
000249394500049 75,559
000184733900051 38,588
000169246400034 12,988
000169246400033 14,062
000169246400036 12,572
000295782800040 70,887
000316053400029 51,757
000169246400037 12,878
000169246400039 60,012
000295782800046 66,953
000295782800045 57,808
000184733900054 31,615
000295782800048 65,160
000295782800047 64,749
000184733900055 40,936
000295782800042 67,195
000249394500050 65,770
000295782800041 58,431
000295782800044 59,178
000249394500051 63,711
000295782800043 68,266
000249394500052 85,292
000249394500053 64,905
000249394500054 81,529
000249394500055 74,097
000169284700040 48,192
000249394500056 79,781
000184733900041 83,672
000184733900042 57,748
000184733900040 54,560
000169246400045 49,889
000169246400044 65,033
000169246400047 77,528
000169246400046 72,730
000169246400041 65,258
000169246400040 69,337
000169246400043 60,933
000169246400042 62,033
000295782800051 72,643
000295782800050 64,182
000169284700038 61,716
000169246400049 61,330
000169246400048 68,236
000169284700039 53,446
000184733900045 68,745
000295782800056 90,990
000184733900046 69,795
000184733900043 48,796
000169284700037 59,757
000184733900044 73,096
000295782800053 81,289
000184733900049 41,607
000295782800052 80,633
000295782800055 72,933
000184733900047 50,845
000295782800054 85,364
000188918000040 44,988
000169246400050 61,928
000188918000043 42,739
000188918000044 42,148
000188918000041 56,466
000188918000042 55,248
000169246400055 67,906
000169246400052 70,595
000169246400051 69,359
000169246400054 57,370
000169246400053 78,097
000169246400059 37,926
000188918000036 50,931
000188918000037 57,547
000188918000034 45,874
000316053400042 73,430
000188918000035 13,995
000188918000038 43,358
000188918000039 68,351
000169246400061 35,473
000169246400060 31,338
000316053400040 58,578
000316053400041 66,556
000169246400063 37,863
000169246400062 46,172
000169246400065 35,935
000169246400064 43,293
000316053400039 57,176
000316053400033 47,157
000316053400034 55,650
000316053400031 51,435
000316053400032 61,900
000316053400037 56,536
000316053400038 61,828
000316053400035 54,686
000316053400036 49,041
000176467200046 59,127
000326042600044 65,128
000176467200045 46,616
000326042600043 64,117
000176467200047 57,264
000176467200042 55,654
000176467200041 59,885
000176467200044 57,312
000176467200043 54,018
000176467200040 60,712
000281030300040 87,285
000255592400032 51,691
000170802900058 45,675
000170802900059 46,812
000274020500039 49,599
000255592400031 60,899
000255592400030 63,756
000170802900056 33,980
000170802900057 57,246
000184733900030 73,982
000184733900031 57,355
000255592400039 66,570
000273344900042 71,928
000255592400038 67,418
000273344900041 83,209
000255592400037 69,204
000273344900040 66,039
000170802900054 45,022
000255592400036 74,920
000255592400035 61,166
000170802900055 60,659
000255592400034 55,810
000255592400033 50,054
000176467200029 17,323
000274020500030 41,238
000184733900034 57,063
000274020500032 43,303
000184733900035 54,988
000274020500031 49,358
000184733900032 72,623
000274020500034 51,106
000274020500033 61,057
000184733900033 50,272
000274020500036 69,831
000184733900038 55,770
000274020500035 57,138
000184733900039 55,427
000184733900036 61,945
000274020500038 63,311
000274020500037 57,216
000184733900037 54,307
000255592400043 78,163
000274020500029 58,989
000326042600033 79,674
000176467200035 45,231
000255592400042 49,416
000326042600032 52,917
000176467200034 56,281
000274020500028 15,515
000170802900067 55,662
000255592400041 82,038
000176467200037 57,527
000326042600035 60,876
000170802900068 65,418
000255592400040 78,080
000326042600034 64,755
000176467200036 45,384
000326042600037 59,468
000176467200031 14,218
000326042600036 42,849
000176467200030 11,175
000326042600039 61,467
000176467200033 50,169
000326042600038 48,143
000176467200032 44,843
000273344900032 52,925
000170802900061 63,068
000273344900031 66,382
000170802900062 67,780
000273344900030 56,216
000170802900060 44,965
000176467200039 58,066
000273344900036 95,804
000170802900065 60,158
000273344900035 77,524
000176467200038 57,199
000170802900066 60,450
000273344900034 79,733
000170802900063 57,777
000255592400045 57,815
000255592400044 77,979
000170802900064 62,529
000273344900033 77,851
000273344900039 76,967
000273344900038 80,227
000273344900037 69,421
000326042600040 50,076
000326042600042 45,042
000274020500027 38,931
000326042600041 71,002
000249394500041 51,095
000273344900029 69,983
000172150700038 55,983
000086901600055 67,585
000273344900028 69,105
000086901600056 61,093
000172150700039 65,150
000273344900027 60,415
000086901600053 64,871
000172150700036 62,994
000086901600054 75,163
000172150700037 54,640
000273344900026 66,253
000086901600051 64,863
000172150700034 67,542
000086901600052 68,047
000172150700035 59,404
000172150700032 15,625
000086901600050 68,913
000172150700033 13,763
000172150700030 11,065
000172150700031 12,090
000086901600059 54,339
000086901600057 55,004
000086901600058 58,937
000282090200036 53,499
000282090200037 60,761
000282090200038 74,051
000282090200039 69,899
000282090200033 34,769
000282090200034 71,654
000282090200035 61,281
000281030300034 70,281
000282090200047 89,609
000282090200048 80,804
000281030300035 72,441
000281030300036 80,921
000281030300037 58,592
000281030300038 77,942
000282090200043 76,046
000281030300039 64,574
000282090200044 56,659
000282090200045 72,886
000282090200046 83,693
000282090200040 90,684
000282090200041 69,464
000282090200042 71,075
000172150700056 44,067
000172150700057 56,569
000172150700054 43,311
000172150700055 47,678
000172150700052 32,115
000172150700053 47,513
000281030300030 82,744
000281030300031 85,013
000281030300032 83,142
000281030300033 47,511
000281030300026 65,476
000281030300027 68,512
000281030300028 47,849
000281030300029 68,671
000172150700047 67,150
000172150700048 80,185
000172150700045 69,585
000172150700046 77,224
000172150700043 84,374
000172150700044 67,332
000172150700041 70,364
000172150700042 63,433
000172150700040 56,608
000249467900046 41,157
000249467900045 40,904
000249467900044 48,129
000249467900043 63,166
000249467900042 56,770
000249467900041 62,617
000249467900040 45,237
000086901600014 14,557
000188918000050 51,518
000249467900035 51,851
000249467900034 60,261
000249467900033 59,200
000249467900032 16,123
000249467900031 32,380
000249467900039 39,468
000249467900038 50,492
000249467900037 52,569
000249467900036 52,353
000188918000047 57,875
000188918000048 52,302
000086901600028 16,187
000188918000045 60,322
000188918000046 36,241
000188918000049 52,356
000169284700050 72,820
000370962800001 58,843
000169284700049 33,634
000169284700045 54,845
000169284700046 43,843
000169284700047 52,857
000086901600039 15,583
000169284700048 61,772
000169284700041 44,251
000169284700042 51,870
000086901600038 12,900
000169284700043 47,136
000169284700044 47,943
000086901600044 60,425
000086901600045 50,404
000086901600043 35,757
000086901600040 10,268
000086901600041 9,043
000086901600048 60,382
000086901600049 55,811
000169284700053 3,376
000086901600046 63,846
000086901600047 61,977
000276202200043 57,339
000276891100040 71,710
000276202200044 50,984
000276891100041 85,115
000276202200045 68,031
000276202200046 49,402
000276891100042 74,012
000276891100043 69,869
000276202200040 53,163
000276202200041 58,974
000276202200042 63,811
000276202200033 57,224
000276891100030 61,652
000276202200034 47,553
000276202200035 49,278
000276891100033 67,677
000276202200036 45,491
000276891100034 75,454
000276202200037 63,213
000276891100031 60,117
000276202200038 56,139
000276891100032 67,396
000276202200039 43,901
000276891100037 67,826
000276891100038 57,481
000276891100035 68,783
000276891100036 65,916
000276891100039 80,044
000248118300056 54,243
000248118300057 76,088
000248118300058 61,681
000248118300059 63,299
000248118300052 59,396
000248118300053 77,393
000248118300054 82,988
000248118300055 75,085
000248118300050 54,680
000248118300051 46,028
000252214400040 76,188
000252214400041 77,473
000252214400042 52,140
000173028800027 12,227
000252214400043 63,742
000173028800028 12,886
000252214400044 55,343
000252214400045 81,377
000252214400046 82,064
000252214400047 86,731
000248118300063 51,320
000248118300060 62,891
000248118300061 74,620
000173028800029 16,104
000248118300062 67,170
000220823800030 64,212
000220823800031 64,600
000173028800030 17,478
000173028800031 14,184
000173028800038 60,621
000173028800039 47,490
000252214400032 50,234
000173028800036 63,469
000252214400033 57,412
000173028800037 62,237
000252214400034 56,134
000252214400035 71,801
000173028800034 48,735
000173028800035 51,488
000252214400036 69,993
000252214400037 62,216
000252214400038 63,104
000173028800033 49,135
000220823800032 65,035
000252214400039 84,961
000220823800033 59,992
000220823800034 50,834
000220823800035 61,307
000220823800036 60,109
000220823800037 59,584
000220823800038 70,417
000220823800039 53,945
000248118300049 74,684
000248118300045 40,122
000220823800040 58,918
000248118300046 40,359
000220823800041 65,509
000248118300047 35,309
000220823800042 72,991
000173028800041 59,990
000173028800042 67,999
000173028800040 55,562
000173028800047 71,597
000173028800048 70,199
000173028800045 61,124
000173028800046 69,064
000173028800043 62,663
000173028800044 62,222
000220823800043 66,891
000220823800044 64,211
000248118300042 31,172
000220823800045 6,352
000248118300044 39,432
000170450200041 57,124
000170450200042 71,678
000170450200043 69,599
000170450200044 55,797
000170450200045 58,492
000170450200046 72,225
000170450200047 68,408
000170450200048 64,696
000236906000027 61,357
000236906000026 46,536
000166771700026 12,553
000170450200040 61,627
000255644400046 45,880
000170450200031 17,850
000255644400044 51,354
000170450200032 16,351
000255644400045 44,885
000170450200033 12,768
000170450200035 32,043
000170450200036 55,927
000170450200037 53,938
000170450200038 64,801
000170450200039 61,077
000166771700035 9,343
000166771700038 48,446
000166771700039 49,880
000166771700036 48,238
000166771700037 56,674
000255644400042 56,451
000255644400043 38,407
000255644400040 56,909
000255644400041 61,938
000255644400035 56,714
000255644400036 58,011
000255644400033 40,924
000255644400034 44,299
000236906000041 72,537
000255644400039 37,295
000236906000040 65,114
000255644400037 57,980
000255644400038 51,045
000236906000042 56,197
000236906000039 71,695
000256676400038 48,158
000256676400037 44,246
000256676400036 11,474
000255644400031 56,422
000255644400032 48,534
000256676400039 37,151
000255644400030 40,234
000236906000030 61,702
000236906000034 58,036
000236906000033 65,405
000236906000032 65,094
000236906000031 55,020
000236906000038 53,085
000236906000037 62,669
000236906000036 56,016
000236906000035 56,197
000236906000029 52,803
000236906000028 59,303
000256676400029 54,816
000086988400040 60,701
000086988400031 54,843
000086988400030 46,937
000086988400033 47,766
000086988400032 39,063
000086988400035 45,282
000086988400034 52,399
000086988400037 48,660
000086988400036 57,164
000086988400039 48,940
000086988400038 64,030
000240348700039 53,565
000240348700032 10,000
000240348700033 57,806
000240348700034 74,758
000240348700035 47,321
000240348700036 45,143
000240348700037 44,357
000240348700038 41,002
000086988400020 11,832
000240348700040 54,614
000240348700041 48,396
000086988400028 52,402
000086988400027 29,407
000086988400029 68,091
000276891100027 49,592
000276891100028 66,919
000276891100029 55,768
000240348700042 58,291
000240348700043 52,752
000240348700044 47,579
000240348700045 52,508
000240348700046 53,968
000240348700047 72,664
000275366100029 32,193
000225733500059 76,818
000225733500058 70,149
000318997400035 56,443
000225733500055 68,786
000225733500054 70,030
000318997400034 50,290
000225733500057 58,543
000225733500056 63,145
000318997400039 50,232
000225733500051 72,011
000318997400038 47,837
000225733500050 81,169
000225733500053 60,509
000318997400037 51,146
000225733500052 67,980
000318997400036 49,168
000225733500048 59,508
000225733500047 67,878
000225733500049 64,679
000318997400042 62,921
000318997400041 49,396
000318997400040 44,043
000318997400046 58,488
000225733500044 46,055
000225733500043 42,793
000318997400045 65,809
000225733500046 58,887
000318997400044 64,678
000225733500045 76,136
000318997400043 74,375
000225733500040 39,600
000225733500042 34,964
000318997400048 59,495
000318997400047 67,681
000225733500041 41,093
000260462100036 60,850
000260462100037 66,873
000260462100034 69,547
000260462100035 45,126
000275366100053 67,506
000260462100038 53,042
000260462100039 62,420
000275366100051 78,141
000275366100052 88,564
000275366100050 67,330
000171851800038 35,491
000171851800039 67,050
000171851800036 42,255
000171851800037 59,881
000171851800034 12,741
000171851800035 13,297
000171851800033 36,265
000166771700041 49,825
000166771700042 53,060
000275366100039 52,938
000166771700040 57,000
000166771700045 49,618
000275366100037 60,147
000166771700046 49,956
000275366100038 70,306
000166771700043 51,695
000275366100035 42,084
000275366100036 44,266
000166771700044 33,532
000275366100033 42,952
000166771700049 58,837
000275366100034 39,891
000275366100031 45,227
000166771700047 45,938
000275366100032 29,696
000166771700048 56,342
000275366100030 37,281
000260462100050 66,371
000260462100051 57,152
000260462100047 67,033
000260462100048 66,638
000260462100045 91,371
000260462100046 41,192
000260462100043 84,756
000260462100044 64,922
000260462100041 70,051
000260462100042 69,646
000275366100048 66,640
000275366100049 44,187
000275366100046 59,155
000275366100047 64,836
000275366100044 74,989
000275366100045 67,101
000260462100049 78,498
000275366100042 51,165
000275366100043 71,965
000275366100040 55,854
000275366100041 61,036
000260462100040 71,811
000223233600033 64,779
000223233600032 45,544
000223233600035 61,508
000223233600034 58,127
000223233600037 59,297
000223233600036 71,448
000223233600039 60,068
000223233600038 52,310
000309733300036 50,574
000309733300039 57,197
000309733300037 38,243
000309733300038 42,257
000223233600040 57,996
000223233600042 59,835
000223233600041 66,072
000223233600044 53,821
000223233600043 83,926
000223233600046 58,579
000223233600045 66,853
000223233600048 58,379
000223233600047 84,483
000309733300046 101,397
000309733300047 68,212
000309733300044 63,742
000309733300045 80,603
000309733300048 70,212
000309733300049 91,324
000309733300042 57,314
000087782900021 12,857
000309733300043 67,138
000309733300040 66,441
000309733300041 54,113
000171851800052 37,619
000171851800050 39,684
000171851800051 71,284
000170689000039 51,146
000170689000038 52,239
000170689000037 60,309
000170689000036 74,968
000170689000042 76,702
000170689000041 75,447
000309733300055 82,900
000170689000040 56,737
000170689000046 57,398
000170689000045 76,189
000170689000044 58,611
000170689000043 62,197
000309733300050 76,319
000309733300053 69,339
000309733300054 81,046
000309733300051 79,124
000309733300052 71,355
000171851800041 45,866
000171851800042 42,093
000171851800040 58,012
000302062600040 66,663
000302062600042 48,490
000170689000048 68,645
000302062600041 50,476
000170689000047 64,129
000302062600037 50,123
000302062600036 14,243
000302062600039 46,341
000302062600038 48,950
000171851800049 39,900
000171851800047 36,742
000171851800048 48,727
000171851800045 70,140
000171851800046 44,126
000171851800043 49,722
000171851800044 49,448
000307501000048 88,816
000185536700045 47,513
000185536700046 43,291
000237778900040 59,635
000307501000049 83,320
000237778900041 62,369
000185536700047 61,970
000237778900042 58,426
000185536700048 45,761
000185536700041 13,329
000225193100049 46,533
000185536700042 42,267
000185536700043 56,718
000225193100048 62,677
000225733500039 41,812
000185536700044 61,569
000225733500038 32,398
000225193100047 41,225
000293167900037 78,013
000225193100046 43,842
000237778900047 47,315
000225193100045 41,844
000237778900048 55,505
000293167900036 51,729
000302062600050 47,880
000170689000016 7,963
000293167900039 69,183
000237778900049 81,198
000225193100044 46,028
000170689000015 11,767
000293167900038 76,707
000225193100043 49,498
000225193100042 39,929
000185536700049 40,211
000237778900043 58,607
000237778900044 73,223
000225193100041 48,444
000237778900045 84,093
000225193100040 52,855
000237778900046 70,139
000302062600048 53,554
000087782900050 46,108
000302062600047 49,586
000087782900051 64,327
000087782900052 53,309
000087782900053 52,577
000302062600049 61,763
000302062600044 55,263
000293167900033 61,325
000302062600043 49,872
000302062600046 52,225
000293167900035 65,200
000293167900034 57,678
000302062600045 60,970
000087782900058 47,193
000307501000040 65,530
000307501000041 70,545
000087782900059 58,710
000307501000042 68,603
000185536700040 41,780
000307501000043 61,396
000087782900054 50,155
000307501000044 71,444
000307501000045 79,823
000087782900055 62,474
000087782900056 59,047
000307501000046 78,677
000087782900057 64,696
000307501000047 84,425
000307501000037 50,342
000237778900050 55,706
000307501000038 80,990
000237778900051 82,950
000307501000039 84,025
000237778900052 66,003
000237778900053 78,389
000293167900047 79,186
000237778900054 71,160
000225193100053 43,394
000185536700039 33,042
000225193100052 51,173
000237778900055 63,687
000237778900056 73,384
000225193100051 63,589
000225193100050 52,305
000293167900040 67,932
000087782900061 49,491
000170689000031 24,603
000087782900062 57,667
000303799800031 44,249
000293167900042 64,229
000293167900041 63,612
000293167900044 55,414
000293167900043 53,507
000170689000034 11,855
000293167900046 74,252
000170689000033 8,352
000293167900045 86,565
000087782900060 55,266
000170689000032 15,062
000303799800038 75,616
000307501000030 47,805
000303799800039 70,290
000303799800036 65,997
000307501000031 44,377
000303799800037 61,749
000307501000032 41,378
000303799800034 62,847
000307501000033 69,969
000087782900065 53,849
000303799800035 66,855
000307501000034 61,000
000303799800032 70,374
000307501000035 65,885
000307501000036 89,145
000303799800033 54,293
000307501000028 44,129
000307501000029 49,029
000302006100039 76,635
000302006100037 72,019
000302006100038 93,120
000302006100035 79,957
000302006100036 67,393
000302006100033 59,373
000302006100034 71,501
000302006100031 61,106
000303799800041 63,635
000302006100032 54,047
000303799800042 66,530
000302006100030 41,740
000303799800040 76,373
000303799800047 63,746
000303799800045 100,285
000303799800046 84,712
000303799800043 76,224
000303799800044 80,141
000185536700056 50,673
000237778900030 11,570
000185536700052 54,835
000225193100039 43,133
000225193100038 53,412
000185536700053 54,770
000185536700054 58,258
000225193100037 14,589
000185536700055 62,168
000225193100036 43,295
000237778900036 44,050
000274901100039 67,827
000237778900037 38,333
000237778900038 38,304
000237778900039 39,842
000302006100046 72,862
000237778900034 43,910
000302006100044 89,275
000237778900035 42,479
000302006100045 76,451
000302006100042 86,406
000302006100043 98,095
000302006100040 64,351
000302006100041 71,478
000185536700050 45,427
000185536700051 55,009
000274901100041 49,673
000274901100040 51,722
000294209400027 57,820
000325106000028 70,989
000325106000029 70,094
000325106000035 79,875
000325106000034 64,623
000325106000033 59,151
000325106000032 49,972
000294209400039 63,844
000325106000039 85,396
000325106000038 87,987
000325106000037 72,258
000325106000036 77,348
000294209400040 86,294
000294209400041 88,578
000325106000031 69,671
000325106000030 49,790
000325106000044 89,369
000325106000043 67,228
000294209400028 61,720
000294209400029 57,632
000294209400030 69,984
000294209400035 85,949
000294209400036 88,245
000294209400037 65,728
000294209400038 70,383
000294209400031 72,186
000325106000042 54,541
000325106000041 84,712
000294209400032 76,528
000294209400033 57,882
000325106000040 107,437
000294209400034 51,994
000240798800037 44,515
000240798800038 61,137
000240798800039 54,932
000240798800033 15,451
000240798800036 61,216
000088701200031 47,409
000088701200032 51,150
000088701200033 47,303
000088701200034 41,966
000088701200030 55,470
000240798800048 58,401
000240798800049 60,011
000240798800044 70,444
000240798800045 79,094
000240798800046 76,942
000240798800047 65,441
000240798800040 71,806
000240798800041 65,672
000240798800042 63,496
000240798800043 67,498
000347178400033 67,415
000347178400034 73,976
000347178400035 68,236
000347178400036 85,042
000347178400037 75,109
000347178400038 55,672
000347178400039 54,536
000347178400030 55,466
000347178400031 60,448
000347178400032 64,453
000184843600041 68,656
000184843600040 59,857
000184843600043 60,076
000184843600042 70,516
000184843600045 84,127
000366422600040 62,344
000184843600044 71,611
000184843600047 53,858
000184843600046 75,104
000366422600044 42,230
000184843600048 79,619
000366422600043 65,050
000366422600042 55,525
000366422600041 60,663
000366422600047 51,805
000366422600046 62,971
000366422600045 49,612
000347178400029 58,540
000088701200028 50,114
000088701200029 36,192
000088701200024 67,589
000088701200025 45,438
000088701200026 53,993
000088701200027 48,550
000088701200022 7,269
000088701200023 42,341
000088701200015 16,775
000347178400044 91,126
000347178400040 72,152
000347178400041 78,559
000347178400042 91,430
000347178400043 84,624
000227494500052 67,580
000227494500049 64,504
000227494500041 55,319
000227494500042 66,871
000227494500043 42,209
000227494500044 64,062
000227494500045 52,903
000227494500046 50,875
000227494500047 76,449
000227494500048 65,946
000227494500050 65,148
000227494500051 51,673
000227494500038 51,976
000227494500039 70,720
000184843600032 66,796
000184843600031 36,979
000184843600034 68,324
000184843600033 56,590
000184843600036 65,282
000184843600035 52,741
000184843600038 67,905
000184843600037 77,466
000184843600039 63,610
000333979900049 59,230
000333979900048 85,534
000227494500034 51,158
000333979900047 108,154
000227494500035 63,784
000333979900046 82,532
000227494500036 55,957
000227494500037 70,894
000333979900045 71,980
000333979900044 77,925
000333979900043 51,582
000333979900042 69,792
000333979900041 69,936
000333979900040 67,856
000227494500040 59,033
000177819100048 53,769
000177819100049 68,885
000177819100046 49,817
000177819100047 44,974
000333979900039 80,726
000333979900038 71,433
000333979900037 64,147
000333979900036 57,377
000177819100051 44,810
000177819100052 50,183
000177819100050 49,088
000177819100037 36,720
000177819100038 17,773
000177819100039 52,517
000245242900050 77,247
000180284000044 57,409
000180284000043 50,006
000180284000042 54,573
000180284000041 31,805
000180284000040 53,742
000245242900047 53,615
000245242900046 68,753
000245242900045 60,810
000245242900044 68,693
000245242900043 81,276
000245242900042 52,960
000177819100040 48,863
000177819100041 55,776
000177819100044 58,403
000177819100045 50,088
000245242900049 64,368
000177819100042 42,488
000245242900048 64,894
000177819100043 51,634
000177819100028 16,504
000185924500046 48,220
000185924500044 82,276
000185924500045 63,047
000185924500042 64,089
000185924500043 77,021
000185924500040 67,216
000185924500041 66,324
000253311700048 48,684
000253311700049 51,918
000253311700042 60,700
000253311700043 64,820
000253311700040 41,648
000253311700041 56,890
000253311700046 37,581
000253311700047 54,091
000253311700044 75,888
000253311700045 70,399
000323370600039 56,812
000323370600034 72,656
000323370600033 40,345
000323370600036 57,891
000323370600035 63,271
000323370600038 51,980
000323370600037 60,489
000245242900056 61,383
000245242900055 77,191
000228810900050 53,773
000245242900054 74,348
000245242900053 82,974
000323370600041 62,512
000245242900052 73,079
000228810900052 58,097
000245242900051 78,809
000228810900051 55,360
000323370600040 63,414
000296494700055 56,760
000296494700054 63,187
000296494700057 63,525
000296494700056 58,131
000296494700059 69,010
000296494700058 53,885
000323370600043 63,235
000323370600042 51,178
000323370600045 75,884
000323370600044 56,991
000323370600047 56,774
000296494700051 54,309
000323370600046 49,358
000296494700050 43,697
000296494700053 47,379
000296494700052 58,123
000228810900043 44,241
000228810900042 37,830
000228810900045 45,892
000228810900044 38,734
000228810900041 53,950
000228810900040 52,609
000228810900047 54,349
000228810900046 49,055
000228810900049 48,661
000228810900048 58,454
000229190700054 60,876
000229190700053 46,105
000229190700052 44,504
000296494700060 67,940
000229190700051 48,961
000229190700050 47,938
000296494700062 44,417
000296494700061 56,748
000250918600059 74,716
000250918600058 91,657
000250918600060 72,070
000228810900039 51,700
000228810900036 45,883
000228810900038 62,997
000228810900037 22,074
000229190700049 60,765
000229190700048 51,012
000229190700047 54,140
000229190700046 44,461
000229190700045 41,713
000229190700044 36,910
000229190700043 43,149
000366422600033 40,187
000229190700042 53,578
000229190700041 49,101
000229190700040 39,956
000366422600037 54,554
000366422600036 67,015
000366422600035 54,810
000366422600034 51,956
000185924500039 63,907
000366422600039 53,278
000185924500037 69,500
000366422600038 62,360
000185924500038 67,052
000185924500035 60,188
000185924500036 55,412
000185924500033 39,722
000185924500034 54,238
000185924500032 47,961
000278318600017 6,071
000296494700044 66,047
000296494700043 32,508
000229190700039 56,134
000296494700046 67,693
000229190700038 13,262
000296494700045 52,953
000229190700037 47,381
000229190700036 61,054
000296494700048 56,621
000229190700035 45,460
000296494700047 51,294
000229190700034 47,807
000229190700033 53,803
000296494700049 53,915
000229190700032 45,248
000229190700031 44,095
000229190700030 46,245
000296494700042 29,646
000278318600031 52,542
000253313100050 65,839
000257308300051 61,309
000278318600030 55,193
000322586700039 42,116
000253313100052 73,825
000278318600033 63,225
000257308300050 63,420
000253313100051 56,671
000278318600032 44,671
000278318600035 47,406
000253313100054 68,565
000253313100053 87,828
000278318600034 60,532
000278318600037 70,690
000278318600036 74,610
000278318600039 61,893
000278318600038 61,819
000322586700040 48,568
000322586700041 44,006
000322586700042 39,265
000322586700047 48,932
000322586700048 54,200
000322586700049 54,505
000322586700043 53,712
000322586700044 42,888
000322586700045 43,983
000322586700046 56,357
000253313100049 72,556
000278318600029 61,452
000253313100048 74,994
000253313100041 64,627
000253313100043 63,715
000253313100042 60,259
000253313100045 68,946
000278318600026 56,247
000253313100044 64,921
000278318600025 48,227
000253313100047 68,175
000278318600028 60,238
000253313100046 70,989
000278318600027 56,970
000250918600049 70,601
000250918600048 60,281
000250918600047 56,817
000250918600057 89,376
000250918600056 65,509
000253313100037 41,486
000250918600055 76,870
000250918600054 65,934
000250918600053 43,493
000250918600052 72,918
000250918600051 59,549
000250918600050 67,838
000253313100030 43,835
000253313100032 43,804
000253313100031 48,042
000253313100034 45,033
000253313100033 34,069
000253313100036 39,449
000253313100035 28,638
000254567200051 78,156
000254567200050 63,578
000278318600040 55,292
000250918600046 50,453
000250918600045 52,616
000250918600044 68,590
000250918600043 68,262
000086762000060 62,575
000086762000062 67,591
000086762000061 75,575
000086762000059 70,296
000086762000058 52,555
000086762000055 66,721
000086762000054 48,126
000086762000057 67,832
000086762000056 78,612
000086762000051 75,214
000086762000050 66,684
000086762000053 79,151
000086762000052 70,387
000322586700050 44,603
000322586700051 59,105
000322586700052 58,661
000322586700053 57,227
000322586700058 57,710
000322586700059 54,636
000322586700054 54,988
000322586700055 70,675
000322586700056 44,665
000322586700057 50,630
000086762000048 68,530
000086762000047 63,299
000086762000049 54,123
000086762000044 13,273
000086762000043 8,807
000086762000046 40,830
000086762000045 57,264
000086762000042 12,097
000086762000041 11,299
000086762000033 18,582
000165296000036 48,131
000165296000037 49,241
000172405900050 52,266
000165296000034 30,855
000165296000035 60,098
000165296000038 80,531
000165296000039 60,408
000220975100053 73,378
000220975100050 49,013
000165296000032 10,760
000165296000033 14,449
000172405900051 85,317
000220975100052 74,179
000172405900052 64,208
000165296000031 10,766
000220975100051 67,237
000165296000022 8,907
000274625800041 59,702
000274625800040 40,391
000274625800043 58,310
000274625800042 47,164
000274625800045 54,912
000274625800044 60,693
000274625800046 49,387
000165296000011 10,293
000274625800039 52,695
000274625800034 50,679
000274625800033 67,624
000274625800036 54,751
000274625800035 55,577
000274625800038 60,232
000274625800037 48,395
000254567200040 61,818
000087085700049 68,902
000087085700047 60,446
000087085700048 85,951
000087085700045 49,790
000087085700046 63,937
000254567200049 60,071
000254567200048 70,170
000087085700043 73,452
000254567200047 67,300
000087085700044 55,983
000087085700041 68,880
000254567200046 72,240
000087085700042 70,944
000254567200045 51,700
000254567200044 86,002
000254567200043 79,792
000087085700040 49,729
000254567200042 60,483
000254567200041 53,715
000087085700038 53,738
000087085700039 48,842
000087085700036 58,894
000087085700037 45,958
000254567200039 71,899
000254567200038 47,837
000087085700035 29,447
000254567200037 88,458
000087085700032 14,310
000254567200036 36,108
000087085700033 16,088
000254567200035 42,821
000087085700030 15,700
000254567200034 39,538
000087085700031 9,677
000254567200033 44,206
000254567200032 28,453
000329163300032 74,614
000329163300033 86,611
000329163300034 93,506
000329163300035 58,375
000172405900039 63,766
000172405900038 53,292
000165296000050 58,483
000172405900035 11,187
000165296000051 65,748
000172405900036 13,123
000172405900033 15,895
000172405900034 12,077
000172405900032 21,015
000165296000047 53,158
000165296000048 69,615
000165296000045 60,955
000165296000046 56,858
000329163300029 84,261
000165296000049 79,003
000329163300025 59,509
000329163300026 70,400
000329163300027 69,850
000329163300028 65,119
000329163300021 70,288
000329163300022 68,913
000329163300023 63,710
000329163300024 59,358
000329163300030 73,837
000329163300031 120,385
000172405900048 54,767
000172405900049 73,119
000172405900046 67,252
000165296000040 62,971
000172405900047 64,474
000172405900044 59,234
000087085700052 64,440
000172405900045 68,026
000087085700053 76,395
000172405900042 64,580
000165296000043 85,864
000087085700050 85,047
000172405900043 56,519
000087085700051 58,203
000165296000044 59,222
000172405900040 68,684
000165296000041 59,541
000172405900041 57,579
000165296000042 62,365
000297744200052 63,633
000276635000032 59,882
000297744200053 61,807
000276635000033 76,297
000297744200050 83,097
000276635000030 53,201
000297744200051 67,636
000276635000031 60,748
000297744200056 78,150
000297744200057 79,779
000297744200054 65,958
000297744200055 100,972
000297744200058 67,382
000276635000038 50,248
000276635000039 78,662
000276635000036 68,813
000276635000037 92,743
000276635000034 73,105
000276635000035 64,351
000297744200042 45,741
000297744200045 66,105
000297744200046 73,947
000297744200043 57,190
000297744200044 58,309
000297744200049 63,738
000276635000029 36,705
000297744200047 71,570
000297744200048 63,592
000349545400001 67,540
000276635000043 59,749
000278859200033 51,670
000276635000044 69,171
000276635000041 83,586
000276635000042 79,972
000276635000040 70,081
000278859200039 49,436
000278859200038 15,662
000276635000047 87,695
000278859200037 41,589
000278859200036 43,189
000276635000045 70,020
000278859200035 40,604
000276635000046 76,016
000278859200034 44,033
000278859200044 53,519
000278859200043 59,816
000278859200042 54,030
000278859200041 48,487
000278859200040 61,414
000244039400043 75,598
000244039400042 57,609
000244039400041 68,683
000244039400040 59,123
000278859200049 61,487
000278859200048 60,981
000278859200047 52,802
000278859200046 49,072
000278859200045 61,492
000263295400047 67,950
000244039400049 62,426
000263295400045 57,264
000263295400046 56,977
000244039400048 54,497
000263295400043 77,738
000244039400047 61,115
000244039400046 62,130
000263295400044 57,844
000263295400041 44,901
000244039400045 74,603
000244039400044 64,551
000263295400042 63,039
000263295400040 65,464
000278859200052 53,413
000278859200051 50,774
000278859200050 62,110
000253311700039 46,513
000253311700037 47,947
000253311700038 44,922
000263295400038 52,224
000263295400039 52,518
000263295400036 51,542
000263295400037 48,428
000263295400034 63,269
000263295400035 63,523
000253311700035 49,313
000263295400032 58,581
000263295400033 63,035
000253311700036 39,889
000253311700033 45,962
000263295400030 44,313
000263295400031 15,053
000253311700034 13,297
000180284000029 12,045
000180284000028 16,710
000220975100039 9,667
000220975100036 44,683
000220975100035 50,636
000220975100038 10,860
000220975100037 49,058
000180284000039 73,241
000180284000038 56,587
000180284000037 55,235
000180284000036 47,730
000180284000035 33,429
000180284000034 49,259
000180284000033 38,039
000180284000032 42,564
000180284000031 51,188
000180284000030 79,787
000244039400039 64,782
000244039400038 79,441
000244039400037 53,629
000220975100047 40,382
000244039400036 64,226
000220975100046 58,022
000220975100049 48,528
000220975100048 55,992
000244039400033 23,498
000220975100043 61,610
000183042400053 51,089
000220975100042 46,220
000220975100045 51,278
000220975100044 49,678
000183042400050 51,333
000220975100041 40,591
000183042400051 56,587
000220975100040 64,356
000183042400052 46,079
000183042400046 44,507
000183042400047 55,211
000183042400048 51,597
000183042400049 68,477
000267545200031 57,527
000267545200030 63,589
000244564700038 13,201
000267545200033 73,369
000244564700039 70,886
000267545200032 56,656
000267545200035 82,998
000267545200034 62,260
000267545200037 72,019
000267545200036 70,754
000267545200039 74,281
000267545200038 67,697
000183042400042 47,609
000183042400043 42,722
000183042400044 45,732
000183042400045 44,157
000183042400040 51,416
000183042400041 47,921
000183042400039 43,833
000183042400036 13,643
000183042400037 11,901
000183042400038 40,580
000267545200028 58,912
000267545200027 31,057
000267545200029 60,695
000361357700053 74,082
000361357700052 65,711
000361357700051 64,164
000361357700050 59,616
000267545200040 60,595
000267545200042 70,350
000267545200041 74,312
000267545200043 72,673
000276459600041 55,910
000276459600042 56,224
000182111400041 70,157
000182111400040 67,569
000276459600040 59,494
000182111400047 47,620
000182111400046 69,652
000182111400043 77,859
000276459600045 72,632
000276459600046 56,148
000182111400042 68,899
000182111400045 82,554
000276459600043 42,293
000182111400044 79,024
000276459600044 50,510
000220404300034 63,873
000220404300035 58,165
000220404300032 55,151
000220404300033 70,315
000220404300038 63,831
000220404300039 65,841
000220404300036 59,280
000182111400030 12,057
000220404300037 61,909
000182111400036 61,551
000182111400035 69,269
000182111400038 67,826
000182111400037 62,516
000182111400031 8,876
000182111400034 58,847
000182111400033 60,226
000182111400039 75,177
000220404300041 66,606
000238452800057 55,571
000238452800058 42,328
000220404300042 71,464
000238452800059 52,309
000220404300040 64,950
000220404300045 47,027
000238452800053 40,883
000220404300046 60,184
000244564700050 50,868
000238452800054 48,598
000220404300043 52,887
000244564700051 40,588
000238452800055 53,996
000220404300044 57,338
000238452800056 48,660
000244564700052 36,679
000171485700052 75,276
000171485700053 77,517
000171485700050 66,179
000171485700051 88,858
000238452800060 62,188
000238452800061 44,840
000238452800062 57,404
000182111400029 14,355
000182111400028 11,214
000238452800046 11,635
000238452800047 13,666
000238452800048 62,046
000238452800049 54,948
000244564700040 56,214
000244564700041 54,999
000244564700042 29,089
000171485700041 63,489
000244564700043 39,875
000171485700042 60,079
000171485700043 55,089
000244564700044 50,547
000244564700045 56,845
000171485700044 53,879
000244564700046 53,574
000244564700047 53,762
000244564700048 46,450
000171485700040 66,494
000244564700049 59,691
000276459600038 49,872
000171485700049 70,195
000276459600039 65,881
000276459600036 56,579
000276459600037 63,899
000276459600034 54,411
000171485700045 60,123
000171485700046 63,955
000276459600035 50,231
000171485700047 66,078
000171485700048 38,418
000238452800050 44,663
000238452800051 45,350
000238452800052 44,083
000349221300038 48,193
000329163300019 55,148
000349221300039 47,323
000329163300020 56,675
000321965300033 59,222
000321965300032 59,902
000321965300035 50,121
000321965300034 48,033
000321965300037 51,681
000321965300036 53,994
000321965300039 62,928
000321965300038 50,252
000321965300042 64,656
000321965300041 54,895
000321965300044 60,363
000321965300043 71,147
000321965300046 64,645
000321965300045 62,618
000321965300047 52,739
000349221300050 79,130
000349221300051 44,906
000321965300040 50,175
000349221300047 55,716
000349221300046 53,996
000349221300049 66,393
000349221300048 62,500
000349221300041 53,225
000349221300040 53,806
000349221300043 60,224
000349221300042 63,399
000349221300045 58,570
000349221300044 64,340
000322259200052 73,695
000322259200053 55,916
000322259200050 56,544
000322259200051 68,385
000178348400033 60,783
000178348400032 63,839
000178348400035 61,082
000178348400034 55,592
000178348400037 65,002
000178348400036 46,265
000178348400038 66,788
000322259200049 54,800
000322259200047 50,547
000322259200048 54,362
000322259200045 53,431
000322259200046 53,336
000322259200043 64,326
000322259200044 52,391
000322259200041 58,231
000361357700039 70,247
000322259200042 51,874
000322259200040 55,181
000178348400031 51,387
000178348400030 62,390
000178348400024 26,499
000178348400026 14,115
000178348400025 13,790
000178348400027 6,839
000361357700043 50,351
000322259200039 66,645
000178348400029 66,824
000361357700042 63,092
000361357700041 44,477
000361357700040 59,714
000361357700049 64,427
000361357700048 53,447
000361357700047 50,343
000361357700046 64,828
000361357700045 70,341
000361357700044 54,173
000339655100041 49,003
000342075800044 68,573
000339655100040 58,031
000342075800043 64,352
000339655100043 61,772
000342075800045 69,058
000339655100042 59,431
000342075800040 89,212
000339655100045 64,360
000339655100044 47,764
000342075800042 91,753
000339655100046 60,378
000342075800041 69,733
000178348400051 50,771
000178348400050 45,074
000342075800033 47,728
000342075800032 69,146
000339655100032 45,804
000178348400046 58,342
000342075800035 62,571
000339655100031 52,871
000342075800034 62,000
000178348400045 48,751
000339655100034 51,664
000178348400048 43,383
000178348400047 48,241
000339655100033 44,209
000342075800031 80,756
000339655100036 57,343
000339655100035 51,446
000342075800030 61,240
000178348400049 47,405
000342075800037 76,258
000342075800036 70,027
000342075800039 70,368
000342075800038 103,870
000339655100038 66,951
000339655100037 44,206
000339655100039 59,435
000177447600044 38,505
000342446900046 49,375
000177447600045 48,008
000342446900047 50,503
000177447600046 51,216
000177447600047 47,186
000342446900045 49,051
000177447600048 63,488
000177447600049 53,450
000305794500053 60,895
000305794500052 75,529
000305794500051 61,197
000305794500050 61,148
000183619400053 42,593
000183619400052 67,223
000333471000049 46,219
000183619400051 65,785
000305794500056 52,260
000305794500055 63,022
000183619400050 50,842
000305794500054 66,321
000333471000045 47,106
000333471000046 52,506
000333471000047 57,888
000333471000048 61,535
000333471000041 52,913
000183619400049 57,256
000333471000042 54,359
000183619400048 66,259
000333471000043 46,224
000183619400047 64,176
000333471000044 49,371
000183619400046 50,248
000333471000040 36,382
000177447600040 42,396
000177447600041 44,395
000342446900048 51,106
000177447600042 51,898
000177447600043 47,564
000342446900049 41,461
000244069000069 49,104
000177447600036 39,667
000244069000068 47,304
000177447600037 7,452
000177447600038 50,496
000244069000067 39,478
000244069000066 47,396
000177447600039 50,443
000244069000065 54,597
000183619400045 54,256
000183619400044 54,398
000183619400043 40,165
000183619400042 34,577
000183619400041 48,663
000183619400040 42,968
000183619400039 39,892
000183619400038 12,770
000183619400037 9,836
000183619400036 41,239
000183619400035 42,563
000244069000064 50,623
000244069000063 60,943
000333471000050 40,141
000244069000062 58,066
000244069000061 34,680
000244069000060 17,987
000342446900060 56,526
000244069000074 75,748
000244069000073 61,738
000244069000072 64,015
000244069000071 49,044
000244069000070 46,453
000342446900057 66,460
000342446900058 62,116
000342446900055 66,629
000342446900056 65,285
000342446900053 50,536
000342446900054 66,350
000342446900051 49,568
000342446900052 54,396
000342446900050 55,826
000333471000038 54,277
000333471000039 62,377
000177447600050 49,511
000177447600051 38,131
000177447600052 59,002
000342446900059 59,315
000177447600053 66,660
000177447600054 67,819
000298091400053 70,158
000298091400052 58,249
000298091400055 63,978
000298091400054 66,276
000298091400057 44,668
000298091400056 55,188
000298091400059 59,776
000298091400058 64,943
000241867200046 67,724
000241867200045 66,341
000241867200044 87,589
000298091400051 46,251
000298091400050 47,732
000241867200043 76,908
000241867200042 61,997
000241867200041 79,066
000241867200040 73,865
000298091400049 58,126
000298091400042 67,419
000298091400044 51,678
000298091400043 16,252
000298091400046 68,027
000234546300041 55,272
000298091400045 42,715
000234546300042 67,107
000298091400048 43,923
000298091400047 52,653
000234546300040 40,454
000305794500039 46,735
000241867200036 66,961
000241867200035 63,091
000305794500038 37,470
000241867200034 58,354
000241867200033 52,832
000305794500036 35,860
000241867200039 79,458
000241867200038 70,453
000241867200037 57,177
000241867200032 59,439
000241867200031 13,344
000241867200030 14,204
000305794500049 56,542
000305794500048 62,850
000305794500047 60,504
000305794500042 48,151
000305794500041 41,337
000305794500046 54,660
000305794500045 51,763
000305794500044 59,172
000305794500043 17,105
000234378700027 81,353
000171485700038 14,602
000171485700039 40,131
000171485700037 22,188
000234378700029 48,103
000234378700028 49,344
000229619300042 14,411
000229619300043 41,385
000229619300044 65,217
000229619300045 46,494
000229619300046 57,570
000229619300047 53,412
000229619300048 61,447
000229619300049 53,695
000174756500050 61,079
000229619300040 34,953
000229619300041 9,293
000229619300053 60,853
000229619300054 48,935
000229619300055 52,994
000229619300056 52,958
000229619300057 48,985
000174756500046 47,601
000174756500045 45,234
000174756500044 55,287
000174756500043 70,962
000174756500042 48,157
000174756500041 71,602
000174756500040 57,660
000268938300026 39,529
000268938300025 35,478
000174756500049 71,606
000268938300029 41,262
000229619300050 53,630
000174756500048 58,342
000268938300028 46,721
000229619300051 57,986
000174756500047 77,253
000268938300027 42,206
000229619300052 43,853
000234378700043 60,594
000234378700042 67,078
000234378700044 54,388
000234378700041 63,388
000234378700040 69,007
000174756500035 47,553
000174756500034 8,747
000174756500033 11,108
000174756500032 9,976
000268938300033 58,694
000174756500031 13,854
000268938300032 61,303
000174756500030 20,243
000268938300031 55,594
000268938300030 43,064
000268938300037 77,045
000268938300036 79,980
000268938300035 58,025
000268938300034 79,667
000174756500039 70,734
000174756500038 58,884
000268938300039 72,493
000174756500037 72,019
000268938300038 88,949
000174756500036 53,785
000234378700036 78,327
000234378700035 70,317
000234378700038 64,477
000234378700037 62,641
000234378700032 66,047
000234378700031 65,046
000234378700034 75,858
000234378700033 58,907
000234378700030 57,204
000268938300040 86,003
000268938300043 94,731
000268938300042 76,695
000268938300041 100,726
000234378700039 71,280
000275117500041 53,620
000275117500040 91,439
000275117500043 70,411
000275117500042 76,354
000275117500045 65,682
000275117500044 72,726
000275117500046 81,362
000308347000039 42,269
000308347000049 79,041
000308347000043 40,869
000308347000044 61,499
000308347000041 62,592
000308347000042 56,359
000308347000047 68,906
000308347000048 79,280
000308347000045 51,462
000308347000046 71,600
000308347000040 66,987
000168152300036 50,026
000168152300035 13,174
000168152300034 17,811
000259854900039 59,500
000168152300039 55,605
000168152300038 57,717
000259854900037 44,614
000223085400012 15,365
000168152300037 61,910
000259854900038 55,949
000308347000054 76,315
000308347000055 75,035
000308347000052 68,070
000308347000053 81,076
000308347000050 80,287
000308347000051 78,131
000168152300047 67,192
000234546300034 57,943
000259854900046 78,370
000168152300046 66,011
000234546300035 60,730
000259854900047 68,133
000168152300045 66,652
000259854900044 79,429
000234546300032 50,414
000259854900045 82,707
000168152300044 45,645
000234546300033 52,330
000234546300038 47,924
000234546300039 44,473
000234546300036 63,008
000259854900048 72,936
000168152300049 58,379
000168152300048 71,512
000234546300037 60,245
000259854900049 71,977
000168152300043 62,409
000259854900042 65,915
000168152300042 62,814
000259854900043 59,454
000168152300041 73,586
000259854900040 77,598
000226694000036 46,118
000168152300040 70,186
000259854900041 56,352
000226694000037 14,442
000226694000038 45,627
000226694000039 56,953
000234546300030 41,534
000234546300031 50,145
000168152300058 36,216
000168152300057 37,583
000168152300056 45,135
000168152300055 46,692
000234546300027 76,078
000234546300028 12,365
000223085400034 37,833
000168152300059 46,692
000223085400036 63,168
000168152300050 77,857
000259854900050 85,010
000223085400035 64,250
000223085400038 60,744
000234546300029 50,418
000223085400037 69,205
000259854900053 66,204
000223085400039 58,271
000168152300053 74,200
000259854900051 80,193
000168152300052 61,599
000259854900052 75,740
000168152300051 60,193
000298033000051 70,536
000326894200050 96,634
000298033000050 88,593
000326894200051 68,005
000326894200052 80,818
000298033000055 60,526
000298033000054 73,697
000298033000053 92,465
000226694000050 52,190
000298033000052 70,357
000226694000051 54,739
000226694000052 64,195
000326894200057 48,638
000168152300061 34,921
000326894200058 60,386
000168152300060 41,714
000226694000053 74,215
000326894200053 102,661
000326894200054 85,191
000326894200055 75,120
000326894200056 67,291
000298033000058 74,291
000298033000057 74,155
000298033000056 91,853
000298033000044 65,415
000298033000043 62,650
000226694000040 41,540
000226694000041 44,969
000226694000042 55,320
000226694000043 49,569
000226694000044 55,545
000226694000045 65,070
000226694000046 46,097
000226694000047 57,741
000226694000048 65,472
000226694000049 49,036
000298033000048 82,279
000298033000047 60,596
000298033000046 60,079
000298033000045 65,957
000298033000049 88,255
000326894200041 51,768
000346189000060 50,899
000326894200046 85,578
000326894200047 58,735
000326894200048 81,994
000346189000061 45,602
000326894200049 70,100
000326894200042 64,676
000326894200043 82,720
000326894200044 56,198
000326894200045 71,735
000346189000052 48,778
000346189000053 49,470
000346189000050 48,830
000346189000051 59,890
000346189000056 57,657
000346189000057 55,353
000346189000054 48,012
000346189000055 67,620
000239960500026 7,846
000346189000058 70,335
000239960500025 19,112
000346189000059 55,014
000239960500029 64,871
000247776700056 58,318
000247776700055 34,615
000247776700054 15,842
000247776700059 37,673
000247776700058 47,631
000247776700057 50,858
000221934300031 9,454
000271655100048 56,509
000271655100045 86,034
000271655100043 68,386
000271655100044 84,187
000271655100041 61,772
000271655100042 60,964
000221934300039 45,660
000271655100040 65,629
000221934300036 63,084
000221934300038 44,444
000221934300037 46,565
000292690500041 54,944
000292690500042 58,381
000292690500045 65,815
000292690500046 73,886
000292690500043 80,337
000292690500044 59,916
000292690500049 75,835
000292690500047 56,705
000292690500048 73,062
000247776700038 47,109
000177305600029 11,529
000177305600027 21,770
000177305600028 14,743
000223085400041 67,969
000088866600039 56,663
000223085400040 61,990
000223085400043 71,651
000177955000046 38,881
000223085400042 70,044
000223085400045 72,413
000177955000044 57,943
000177955000045 45,591
000223085400044 67,792
000223085400047 71,354
000177955000042 58,669
000088866600033 49,033
000088866600034 51,422
000223085400046 54,291
000177955000043 53,877
000223085400049 59,302
000177955000040 54,672
000177955000041 44,589
000223085400048 55,522
000088866600037 35,614
000088866600038 63,967
000336768900051 80,658
000336768900050 56,301
000088866600035 30,487
000088866600036 48,587
000220952300032 63,766
000220952300033 62,351
000333609900049 84,662
000220952300031 50,585
000220952300036 55,927
000220952300037 58,909
000220952300034 58,126
000220952300035 67,904
000333609900043 58,795
000333609900044 57,640
000220952300038 53,660
000333609900041 69,931
000220952300039 64,633
000333609900042 52,258
000333609900047 77,223
000333609900048 65,399
000333609900045 77,788
000333609900046 75,203
000292690500052 69,356
000223085400050 72,223
000292690500053 55,818
000292690500050 59,758
000223085400051 66,608
000292690500051 68,681
000333609900050 93,659
000333609900051 86,762
000292690500054 75,293
000292690500055 102,131
000088866600044 43,734
000088866600045 58,230
000088866600042 61,037
000088866600043 57,974
000220952300040 52,557
000088866600046 53,867
000220952300043 71,273
000220952300044 45,524
000220952300041 72,220
000220952300042 67,592
000088866600040 54,012
000088866600041 48,752
000333609900054 88,035
000333609900055 74,153
000333609900052 73,786
000333609900053 88,073
000333609900056 67,186
000257308300036 65,716
000221934300043 47,326
000336768900034 39,936
000336768900033 47,762
000257308300035 67,284
000221934300042 48,076
000257308300034 76,103
000221934300045 65,900
000336768900032 43,026
000257308300033 51,979
000336768900031 42,635
000221934300044 37,625
000336768900038 60,084
000336768900037 48,238
000221934300041 47,339
000336768900036 55,261
000336768900035 52,682
000221934300040 10,603
000221934300047 47,376
000257308300039 58,781
000221934300046 50,379
000221934300049 55,306
000257308300038 46,725
000221934300048 49,441
000257308300037 57,621
000306053100055 46,641
000306053100054 59,749
000306053100053 42,022
000306053100052 70,966
000306053100051 53,174
000336768900039 68,962
000257308300047 67,107
000177955000039 52,337
000221934300054 49,674
000336768900045 75,642
000336768900044 50,033
000257308300046 60,378
000221934300053 61,225
000257308300045 67,296
000336768900043 78,407
000177955000037 46,058
000177955000038 40,429
000257308300044 72,027
000336768900042 76,757
000221934300050 64,857
000257308300043 67,836
000336768900049 89,333
000177955000035 57,083
000177955000036 41,364
000336768900048 82,723
000257308300042 64,937
000257308300041 63,229
000221934300052 58,407
000336768900047 61,482
000177955000033 10,907
000257308300040 78,407
000177955000034 46,188
000336768900046 82,394
000221934300051 55,088
000306053100050 60,622
000177955000032 10,952
000336768900041 60,603
000336768900040 59,717
000257308300049 82,732
000257308300048 79,851
000306053100047 49,819
000306053100046 52,439
000306053100045 41,141
000306053100044 54,706
000306053100043 46,310
000247776700063 55,744
000247776700062 46,184
000306053100042 63,700
000247776700061 51,660
000306053100041 55,304
000247776700060 46,233
000306053100040 37,220
000247776700067 44,842
000247776700066 68,720
000247776700065 39,450
000247776700064 57,629
000306053100049 50,371
000247776700069 53,642
000247776700068 51,790
000306053100048 48,718
000364270700050 74,001
000364270700051 87,074
000364270700047 75,331
000364270700048 70,092
000364270700045 79,923
000364270700046 86,209
000169644900042 70,005
000364270700043 62,856
000169644900041 68,055
000364270700044 79,440
000169644900040 54,906
000364270700041 59,775
000364270700042 50,193
000169644900046 55,454
000169644900045 51,832
000169644900044 66,056
000169644900043 55,408
000169644900049 66,811
000169644900048 69,902
000364270700049 61,966
000169644900047 62,833
000294900900044 52,360
000294900900043 83,990
000294900900042 55,415
000294900900041 55,752
000294900900048 54,536
000294900900047 70,045
000294900900046 68,238
000294900900045 65,831
000364270700054 89,609
000364270700055 89,948
000169644900051 68,264
000364270700052 63,119
000169644900050 56,089
000364270700053 62,922
000294900900040 57,485
000294900900033 14,676
000294900900037 56,517
000294900900036 53,025
000294900900035 44,880
000294900900034 54,092
000294900900039 52,347
000294900900038 55,280
000246338700039 72,950
000246338700038 53,099
000246338700037 65,757
000246338700036 59,435
000246338700035 70,249
000246338700034 8,283
000364270700040 66,605
000246338700047 69,309
000246338700046 75,134
000246338700045 59,876
000246338700044 59,973
000346189600039 64,326
000246338700043 81,598
000346189600038 59,845
000246338700042 59,318
000346189600037 54,043
000169644900031 16,752
000346189600036 63,477
000246338700041 69,549
000169644900030 15,427
000246338700040 61,584
000346189600035 45,057
000169644900034 15,389
000169644900032 10,821
000169644900039 49,819
000169644900038 56,339
000169644900037 67,071
000169644900036 51,770
000281253500028 13,211
000281253500029 51,900
000346189600049 51,071
000346189600048 53,836
000346189600047 42,045
000346189600046 37,431
000346189600045 60,724
000346189600044 64,420
000346189600043 63,599
000346189600042 67,023
000346189600041 54,069
000346189600040 67,511
000281253500033 49,911
000281253500034 45,205
000281253500035 61,883
000281253500036 55,715
000281253500037 54,284
000281253500038 66,375
000281253500039 43,482
000281253500030 72,774
000281253500031 48,501
000281253500032 55,978
000346189600055 66,712
000346189600054 44,801
000346189600053 64,702
000346189600052 55,144
000346189600051 79,554
000346189600050 77,123
000242624600039 48,714
000271655100038 57,574
000271655100039 69,057
000271655100036 52,302
000271655100037 70,586
000271655100034 56,067
000271655100035 53,585
000242624600031 12,521
000242624600032 53,909
000221912600040 67,923
000242624600033 50,748
000242624600034 55,796
000242624600035 48,140
000242624600036 56,893
000242624600037 47,368
000242624600038 51,300
000221912600045 59,976
000281253500040 64,893
000221912600042 54,617
000221912600041 54,827
000281253500041 61,521
000281253500042 50,085
000221912600044 67,811
000221912600043 59,590
000281253500043 36,935
000242624600030 44,107
000239960500040 66,373
000239960500041 84,577
000239960500044 84,482
000239960500042 70,907
000239960500043 53,448
000357695900029 70,582
000357695900028 77,743
000357695900027 81,906
000357695900026 44,447
000242624600042 69,949
000242624600043 49,534
000242624600044 54,558
000242624600045 68,743
000242624600046 47,901
000239960500037 90,264
000221912600035 60,435
000221912600034 66,282
000239960500038 94,358
000239960500035 71,770
000221912600037 67,997
000221912600036 56,649
000239960500036 76,561
000221912600031 56,998
000221912600033 54,798
000239960500039 64,784
000242624600040 53,341
000242624600041 42,648
000221912600032 57,517
000239960500030 50,324
000221912600039 73,391
000239960500033 60,877
000239960500034 62,816
000221912600038 71,520
000239960500031 76,316
000239960500032 60,651
000225301600055 69,475
000310839500039 48,189
000310839500038 40,074
000225301600054 75,513
000225301600057 60,093
000225301600056 49,085
000310839500035 45,590
000310839500034 13,666
000310839500037 66,101
000310839500036 50,154
000225301600051 44,034
000225301600050 40,039
000225301600053 63,585
000273395400040 53,723
000225301600052 54,094
000225301600044 42,629
000225301600043 57,946
000225301600046 44,825
000225301600045 38,218
000225301600048 47,411
000225301600047 59,964
000225301600049 50,313
000273395400035 67,797
000273395400034 50,524
000273395400033 51,236
000273395400032 48,581
000273395400031 51,708
000225301600040 36,753
000273395400030 44,268
000225301600042 71,436
000225301600041 9,638
000273395400039 59,057
000273395400038 44,104
000273395400037 63,602
000273395400036 70,449
000228986500052 62,808
000228986500051 56,679
000228986500050 41,913
000228986500054 46,395
000228986500053 49,822
000269242400038 53,095
000269242400039 57,470
000269242400036 47,596
000228986500041 49,475
000269242400037 54,579
000228986500040 8,988
000269242400034 56,613
000269242400035 10,301
000228986500045 47,051
000228986500044 55,931
000228986500043 44,809
000228986500042 54,808
000228986500049 35,256
000228986500048 46,889
000228986500047 38,519
000228986500046 43,718
000228986500039 51,991
000269242400049 59,303
000269242400047 63,813
000269242400048 65,347
000269242400045 53,001
000269242400046 60,162
000269242400043 69,184
000269242400044 48,988
000269242400041 74,791
000269242400042 43,488
000228986500038 43,731
000269242400040 63,829
000228986500037 57,765
000228986500025 13,158
000225301600037 57,796
000225301600039 35,046
000225301600038 38,980
000310839500051 45,427
000310839500050 62,306
000273395400029 66,206
000273395400028 49,873
000273395400027 50,807
000273395400026 15,885
000273395400025 43,854
000310839500049 66,488
000310839500046 71,281
000310839500045 69,477
000225301600025 20,104
000310839500048 52,840
000310839500047 60,329
000310839500042 50,128
000310839500041 54,569
000310839500044 69,652
000310839500043 55,714
000310839500040 63,841
000169658200044 51,737
000169658200043 66,203
000169658200042 42,687
000169658200041 50,394
000244934800043 50,805
000244934800042 10,519
000244934800041 56,307
000244934800040 47,039
000169658200045 63,893
000259902300053 54,430
000244934800047 44,765
000259902300052 53,337
000259902300051 57,798
000244934800046 37,734
000244934800045 44,441
000259902300050 64,353
000244934800044 44,450
000339424700001 93,876
000169658200040 49,923
000244934800049 44,511
000244934800048 49,082
000339424700003 66,763
000339424700002 74,562
000244934800050 52,433
000244934800054 51,095
000244934800053 50,587
000244934800052 51,866
000244934800051 39,496
000244934800057 44,676
000244934800056 79,623
000244934800055 43,616
000259902300039 46,508
000259902300038 10,865
000169658200039 50,168
000169658200038 47,984
000259902300049 62,252
000305189000026 50,870
000169658200033 40,899
000305189000027 52,982
000259902300048 61,532
000169658200032 39,957
000169658200031 44,309
000305189000024 60,669
000259902300047 53,485
000088866600020 12,483
000259902300046 54,272
000305189000025 59,491
000169658200030 38,936
000169658200037 55,656
000259902300045 53,276
000169658200036 50,045
000259902300044 61,212
000259902300043 53,413
000169658200035 45,836
000169658200034 76,480
000259902300042 65,784
000259902300041 50,303
000259902300040 61,233
000305189000028 69,408
000305189000029 65,737
000305189000030 57,519
000305189000037 84,220
000305189000038 75,464
000305189000035 84,764
000305189000036 86,320
000305189000033 85,731
000305189000034 86,820
000305189000031 50,050
000305189000032 73,357
000335454300042 90,488
000335454300041 79,825
000305189000039 73,466
000335454300043 63,881
000335454300040 82,652
000335454300039 83,181
000335454300038 65,901
000335454300035 68,191
000335454300034 72,568
000335454300037 63,017
000335454300036 86,267
000335454300031 63,869
000335454300030 75,204
000335454300033 71,665
000335454300032 92,833
000183619400034 40,049
000183619400033 39,368
000335454300029 48,053
000244934800039 55,662
000178634800036 58,709
000178634800037 54,776
000178634800038 54,462
000178634800039 49,868
000238288600049 57,032
000178634800030 46,357
000238288600047 55,291
000238288600048 54,816
000178634800031 11,575
000178634800032 56,362
000178634800033 47,018
000178634800034 49,861
000178634800035 54,029
000238288600041 44,548
000238288600042 64,566
000238288600040 36,398
000339335700038 70,638
000238288600045 58,821
000339335700039 74,789
000238288600046 47,126
000238288600043 58,337
000238288600044 50,190
000339335700037 48,983
000238288600038 38,936
000339335700045 59,007
000339335700046 99,370
000178634800040 32,245
000238288600039 62,206
000339335700043 94,112
000178634800041 34,456
000238288600036 12,434
000339335700044 62,542
000178634800042 48,577
000238288600037 47,926
000339335700041 82,511
000178634800043 72,177
000339335700042 75,465
000178634800044 59,450
000178634800045 47,712
000339335700040 56,626
000178634800046 9,160
000339335700049 98,067
000235839500036 53,914
000238288600035 42,077
000235839500037 67,845
000339335700047 67,809
000235839500038 52,787
000235839500039 52,019
000339335700048 75,348
000235839500043 59,055
000235839500044 76,469
000235839500045 78,661
000235839500046 50,715
000235839500040 72,101
000235839500041 69,489
000235839500042 65,788
000235839500047 53,678
000235839500048 86,966
000235839500049 73,650
000289949600043 5,212
000289949600040 73,824
000289949600042 10,799
000235839500054 60,862
000235839500050 81,881
000235839500051 74,675
000235839500052 77,402
000235839500053 48,204
000176599200029 10,384
000329718600040 51,332
000338199400033 66,469
000338199400032 66,735
000338199400035 69,181
000338199400034 63,771
000338199400031 56,396
000338199400037 73,075
000338199400036 75,443
000338199400039 72,444
000338199400038 79,420
000176599200038 65,421
000176599200039 68,707
000339335700050 60,363
000339335700051 63,759
000176599200033 56,591
000176599200030 7,107
000176599200031 12,791
000176599200036 47,948
000176599200037 55,469
000176599200034 49,084
000176599200035 62,016
000338199400044 74,655
000338199400043 73,568
000338199400046 66,586
000338199400045 75,488
000338199400040 75,803
000176599200040 76,982
000338199400042 75,397
000338199400041 78,780
000238288600052 51,869
000176599200043 64,419
000176599200044 79,986
000176599200041 64,425
000238288600050 70,072
000238288600051 46,838
000176599200042 46,234
000176599200047 57,664
000176599200048 66,846
000176599200045 59,914
000176599200046 59,223
000246842000049 50,696
000246842000048 75,115
000304854000025 46,388
000246842000047 67,180
000246842000046 70,500
000304854000027 38,340
000246842000045 61,702
000246842000044 64,004
000304854000026 38,064
000246842000043 64,463
000304854000029 73,506
000246842000042 66,498
000304854000028 48,076
000246842000041 65,887
000246842000040 57,872
000222631200042 65,727
000222631200043 62,836
000222631200040 73,282
000222631200041 65,873
000246842000039 60,842
000246842000038 57,573
000222631200046 61,393
000222631200047 71,581
000222631200044 57,919
000222631200045 56,163
000222631200031 9,057
000222631200032 70,459
000340508200035 69,292
000340508200036 75,435
000340508200033 82,513
000340508200034 76,492
000340508200031 65,410
000340508200032 85,743
000340508200030 67,486
000340508200028 74,670
000340508200029 81,672
000340508200026 49,032
000340508200027 55,753
000222631200035 61,568
000222631200036 52,185
000222631200033 56,208
000222631200034 56,656
000222631200039 67,927
000222631200037 70,812
000222631200038 62,962
000340508200025 65,191
000246842000052 76,105
000246842000051 79,534
000246842000050 72,854
000289949600036 82,888
000289949600037 72,707
000289949600038 71,744
000289949600039 66,365
000289949600032 88,874
000289949600033 79,567
000289949600034 69,774
000289949600035 80,414
000289949600030 60,610
000289949600031 63,020
000318952000040 64,740
000318952000041 75,638
000318952000042 86,468
000318952000043 64,970
000289949600029 58,621
000289949600026 52,617
000289949600027 62,327
000289949600028 67,998
000318952000037 74,258
000318952000038 106,333
000318952000039 81,711
000318952000033 62,245
000318952000034 81,275
000318952000035 75,335
000318952000036 75,181
000318952000030 61,816
000318952000031 51,479
000318952000032 55,513
000318952000029 62,090
000304854000041 75,881
000304854000040 82,783
000304854000043 68,250
000304854000042 70,795
000304854000034 67,147
000304854000033 66,649
000304854000036 57,852
000304854000035 83,580
000304854000038 77,619
000304854000037 77,061
000304854000039 72,051
000304854000030 71,651
000304854000032 64,503
000304854000031 62,417
000357695900039 64,133
000357695900038 69,175
000357695900037 79,386
000174212900047 57,111
000357695900032 71,086
000357695900031 67,295
000174212900046 57,266
000174212900045 57,376
000357695900030 71,155
000174212900044 43,057
000357695900036 69,212
000175033500037 57,059
000174212900043 42,408
000357695900035 51,124
000175033500038 55,710
000174212900042 46,240
000174212900041 49,089
000175033500039 56,559
000357695900034 65,151
000357695900033 76,114
000174212900040 44,763
000175033500033 70,496
000169112500044 53,986
000169112500043 80,289
000175033500034 60,832
000169112500046 70,425
000175033500035 54,815
000175033500036 55,169
000169112500045 68,389
000169112500048 67,136
000169112500047 50,423
000174212900049 50,733
000174212900048 48,568
000169112500049 73,419
000169112500040 62,721
000169112500042 65,367
000169112500041 80,771
000174212900050 54,488
000236029500033 47,869
000236029500035 12,608
000236029500034 40,924
000188470500035 31,827
000188470500037 63,078
000357695900041 96,262
000357695900040 68,399
000188470500036 55,725
000175033500048 66,647
000188470500039 72,922
000175033500049 71,589
000188470500038 58,841
000174212900053 62,262
000174212900052 75,139
000174212900051 59,834
000175033500044 70,558
000169112500033 11,503
000175033500045 69,905
000175033500046 54,474
000169112500035 54,423
000175033500047 68,957
000169112500034 43,964
000175033500040 74,060
000169112500037 66,670
000169112500036 61,865
000175033500041 74,556
000169112500039 55,964
000175033500042 66,107
000169112500038 71,751
000175033500043 59,223
000236029500037 50,936
000236029500036 45,407
000236029500039 58,918
000236029500038 50,000
000169112500031 10,695
000169112500030 17,311
000188470500040 68,553
000188470500042 73,053
000188470500041 61,190
000188470500044 74,120
000188470500043 80,366
000188470500046 72,407
000188470500045 54,084
000188470500048 71,402
000188470500047 76,712
000188470500049 59,814
000174212900036 44,026
000174212900035 39,536
000174212900034 47,721
000174212900033 30,607
000174212900039 46,075
000174212900038 47,272
000174212900037 11,697
000169112500051 66,141
000169112500050 75,495
000169112500052 67,800
000262290600029 12,216
000262290600039 56,645
000262290600038 71,602
000262290600037 60,438
000262290600036 47,833
000262290600035 45,442
000262290600034 49,498
000262290600033 54,259
000262290600032 52,887
000262290600031 45,271
000262290600030 13,887
000236029500040 40,884
000236029500042 49,806
000236029500041 51,637
000236029500044 47,801
000236029500043 41,751
000236029500046 46,846
000236029500045 38,438
000323112400028 78,866
000323112400029 76,412
000323112400024 56,345
000323112400025 64,279
000323112400026 43,921
000323112400027 59,547
000323112400023 37,000
000236029500048 42,572
000236029500047 54,468
000262290600045 70,986
000262290600044 51,315
000262290600043 53,709
000236029500049 62,826
000262290600042 46,865
000262290600041 75,304
000262290600040 53,825
000236029500050 59,646
000323112400039 84,842
000323112400035 89,077
000323112400036 75,522
000323112400037 76,460
000323112400038 59,263
000323112400031 57,109
000323112400032 44,089
000323112400033 76,505
000323112400034 85,045
000323112400030 65,211
000089772800031 25,116
000089772800033 16,220
000089772800032 15,634
000089772800035 11,722
000089772800034 13,780
000089772800037 62,996
000089772800036 39,092
000089772800039 58,824
000089772800038 45,858
000089772800040 54,229
000314874400051 55,683
000314874400050 55,658
000089772800042 54,590
000089772800041 58,942
000089772800044 67,789
000089772800043 56,399
000089772800046 78,839
000314874400052 59,280
000089772800045 60,238
000089772800048 68,085
000089772800047 62,238
000089772800049 54,182
000314874400049 54,527
000329718600039 68,649
000329718600038 68,581
000329718600037 66,780
000329718600036 62,215
000329718600035 70,823
000329718600034 55,591
000329718600033 61,800
000329718600032 57,555
000329718600031 47,952
000329718600030 69,495
000314874400040 46,683
000314874400044 52,675
000314874400043 49,807
000314874400042 56,921
000314874400041 56,733
000314874400048 45,364
000314874400047 55,566
000314874400046 60,575
000314874400045 60,655
000314874400039 62,961
000314874400038 64,282
000329718600029 51,364
000329718600028 51,836
000329718600027 76,186
000314874400037 52,589
000281203600036 73,927
000281203600035 57,983
000281203600034 69,121
000281203600033 69,690
000281203600032 80,325
000281203600031 63,194
000281203600030 39,884
000279580800043 61,160
000279580800044 78,601
000281203600039 76,075
000281203600038 61,562
000281203600037 71,618
000165632400049 51,011
000165632400048 45,605
000165632400047 40,841
000165632400046 50,943
000165632400045 69,428
000165632400044 57,113
000165632400043 51,890
000165632400042 52,957
000165632400041 39,008
000165632400040 55,968
000165632400039 56,406
000165632400038 51,894
000279580800030 72,728
000165632400037 57,278
000279580800031 79,432
000165632400036 58,954
000165632400035 40,464
000165632400034 49,355
000165632400033 41,036
000165632400032 45,086
000275657100037 64,457
000275657100038 71,374
000275657100039 69,399
000279580800029 58,258
000089772800051 59,209
000089772800050 74,584
000089772800053 45,232
000089772800052 73,852
000279580800028 62,002
000279580800040 75,222
000279580800041 73,284
000279580800042 64,293
000279580800036 95,761
000279580800037 100,908
000279580800038 70,473
000279580800039 81,680
000279580800032 71,043
000279580800033 85,284
000279580800034 72,223
000279580800035 61,552
000275657100050 81,735
000231416600050 74,648
000275657100051 73,259
000231416600051 90,692
000275657100052 58,022
000275657100053 100,762
000275657100054 72,190
000258594900030 15,430
000258594900029 10,488
000338992200040 73,892
000231416600052 59,849
000231416600053 91,642
000231416600054 59,916
000275657100040 52,128
000275657100041 55,913
000275657100042 78,819
000275657100043 51,653
000275657100044 90,865
000275657100045 55,403
000172465000060 49,716
000275657100046 86,483
000275657100047 59,619
000172465000062 54,023
000275657100048 72,588
000172465000061 56,486
000172465000064 52,044
000275657100049 71,120
000172465000063 64,217
000172465000066 67,207
000172465000065 67,292
000338992200032 90,205
000338992200031 60,619
000222828900039 58,353
000338992200030 60,305
000222828900038 51,944
000338992200036 58,700
000222828900037 51,566
000338992200035 77,962
000222828900036 41,663
000222828900035 48,165
000338992200034 69,520
000338992200033 65,622
000222828900034 60,302
000222828900033 48,448
000338992200039 81,455
000222828900032 42,021
000338992200038 90,877
000222828900031 12,829
000222828900030 41,030
000338992200037 94,092
000172465000057 59,924
000172465000056 46,187
000172465000059 74,938
000172465000058 69,652
000172465000051 58,248
000172465000050 62,386
000172465000053 50,620
000172465000052 56,027
000172465000055 50,023
000172465000054 42,582
000172465000048 10,447
000172465000047 40,079
000172465000049 16,872
000172465000044 55,256
000172465000043 48,851
000281203600045 65,726
000281203600044 82,107
000281203600043 71,710
000281203600042 87,094
000281203600041 67,992
000281203600040 66,100
000328121500030 57,865
000328121500029 56,903
000328121500028 61,459
000328121500027 44,980
000240832200039 42,082
000222828900040 58,634
000240832200049 54,365
000240832200048 54,578
000240832200047 37,209
000240832200046 47,950
000240832200045 41,335
000240832200044 42,588
000258594900042 57,282
000328121500044 74,299
000240832200043 41,725
000258594900043 58,126
000258594900044 79,099
000328121500043 67,136
000240832200042 10,868
000240832200041 34,407
000328121500042 66,967
000240832200040 38,794
000222828900044 55,895
000338992200029 67,820
000222828900043 47,172
000338992200028 84,438
000178195400050 64,556
000222828900042 47,296
000338992200027 52,647
000222828900041 58,043
000338992200026 44,156
000328121500041 86,913
000328121500040 77,899
000258594900040 70,591
000258594900041 53,399
000258594900039 64,229
000328121500039 64,460
000258594900031 60,128
000240832200055 49,491
000328121500034 69,027
000258594900032 51,521
000240832200054 45,406
000328121500033 56,846
000240832200053 62,622
000258594900033 53,331
000328121500032 65,133
000240832200052 67,745
000258594900034 55,776
000328121500031 65,427
000240832200051 47,791
000328121500038 78,151
000258594900035 47,988
000258594900036 58,792
000328121500037 84,605
000240832200050 50,481
000328121500036 71,092
000258594900037 51,172
000328121500035 98,547
000258594900038 45,169
000310196200039 86,592
000335199100036 59,895
000335199100037 60,249
000310196200035 63,253
000310196200036 63,486
000335199100038 67,771
000310196200037 69,098
000310196200038 74,224
000335199100039 54,159
000310196200033 75,331
000310196200034 63,178
000335199100043 80,144
000335199100044 82,206
000335199100041 71,062
000335199100042 74,727
000335199100047 91,264
000335199100048 77,983
000335199100045 93,571
000335199100046 73,244
000335199100040 74,509
000310196200040 55,985
000310196200041 65,246
000310196200046 62,156
000310196200047 52,433
000335199100049 85,268
000310196200048 74,336
000310196200042 95,030
000310196200043 80,989
000310196200044 58,387
000310196200045 78,857
000090032500014 8,927
000233133500039 60,365
000349777500001 51,856
000268257000041 53,944
000268257000040 84,972
000268257000043 79,272
000268257000042 65,292
000273783100040 63,182
000233133500054 67,537
000172465000039 19,530
000233133500053 53,422
000090032500039 63,498
000090032500038 52,786
000090032500037 61,817
000233133500050 72,251
000090032500036 56,893
000090032500035 68,650
000233133500052 69,090
000233133500051 68,716
000090032500034 51,538
000090032500033 39,428
000090032500032 11,298
000090032500031 11,091
000233133500047 57,331
000233133500046 53,341
000233133500049 80,185
000233133500048 45,071
000233133500043 65,691
000233133500042 65,162
000233133500045 53,231
000090032500049 63,745
000233133500044 66,862
000090032500048 51,802
000090032500047 63,184
000233133500041 62,202
000090032500046 65,131
000233133500040 65,474
000090032500045 79,182
000090032500044 66,649
000090032500043 68,057
000090032500042 77,272
000090032500041 62,087
000090032500040 79,043
000273783100039 46,827
000273783100038 66,628
000273783100035 52,482
000273783100034 43,828
000273783100037 64,663
000273783100036 57,773
000321285600029 61,970
000273783100031 44,251
000273783100030 50,348
000273783100033 56,326
000273783100032 59,052
000324244900042 53,021
000324244900043 82,852
000324244900040 66,766
000324244900041 80,282
000324244900046 83,587
000324244900047 84,134
000324244900044 76,597
000324244900045 92,099
000169112500029 22,225
000324244900048 73,707
000335199100050 82,657
000335199100051 82,883
000090032500050 67,246
000275117500039 68,789
000321285600032 67,416
000273783100028 55,748
000231416600038 63,413
000273783100027 43,694
000321285600033 67,194
000231416600039 56,922
000282644600048 44,776
000321285600030 74,736
000273783100029 61,886
000321285600031 58,224
000275117500032 61,790
000231416600034 31,930
000321285600036 89,033
000282644600045 79,566
000275117500031 38,489
000321285600037 50,910
000282644600044 72,237
000231416600035 57,047
000321285600034 79,672
000231416600036 66,397
000275117500034 57,310
000282644600047 67,111
000321285600035 74,575
000231416600037 71,019
000282644600046 55,796
000275117500033 50,445
000282644600041 47,087
000275117500036 65,991
000275117500035 70,940
000282644600040 59,924
000321285600038 74,993
000275117500038 80,613
000282644600043 66,437
000321285600039 60,571
000275117500037 89,421
000282644600042 78,375
000324244900032 63,677
000231416600040 64,414
000324244900035 66,762
000324244900036 70,282
000324244900033 60,327
000324244900034 59,330
000324244900039 74,038
000324244900037 77,058
000324244900038 79,275
000321285600040 85,257
000321285600043 82,600
000231416600049 76,442
000282644600038 55,036
000321285600044 76,841
000282644600037 51,776
000321285600041 87,086
000321285600042 71,798
000282644600039 47,216
000231416600045 64,489
000282644600034 52,454
000282644600033 47,566
000231416600046 49,657
000231416600047 62,641
000282644600036 62,458
000231416600048 79,024
000282644600035 51,844
000231416600041 59,564
000231416600042 63,196
000282644600032 42,760
000231416600043 76,304
000231416600044 63,446
000332165100029 69,641
000238848100060 68,883
000238848100061 54,506
000238848100062 66,731
000238848100063 66,454
000238848100064 51,437
000302703900050 58,679
000302703900052 51,492
000302703900051 56,693
000302703900054 64,186
000302703900053 83,935
000260252600047 73,276
000260252600048 64,718
000260252600049 90,602
000227715100039 15,049
000227715100038 10,599
000227715100037 10,621
000227715100036 9,810
000227715100035 15,196
000227715100034 12,251
000227715100033 11,314
000227715100032 7,442
000227715100031 11,647
000332165100040 84,088
000260252600043 79,928
000260252600044 62,496
000260252600045 74,239
000332165100042 65,307
000260252600046 61,412
000332165100041 83,525
000332165100043 82,226
000260252600040 57,316
000260252600041 57,362
000260252600042 71,765
000332165100037 73,528
000332165100036 76,574
000332165100039 65,195
000332165100038 66,557
000227715100028 16,913
000332165100031 85,621
000332165100030 66,054
000260252600050 78,078
000332165100033 50,239
000260252600051 85,639
000332165100032 73,341
000332165100035 76,784
000332165100034 76,474
000167875400042 66,695
000167875400043 64,708
000167875400040 60,103
000167875400041 63,883
000227715100058 69,227
000227715100057 65,224
000227715100056 53,567
000227715100055 63,955
000227715100054 70,252
000227715100053 68,276
000227715100052 57,756
000227715100051 76,057
000227715100050 73,207
000167875400046 74,865
000167875400047 64,589
000167875400044 62,957
000167875400045 65,832
000167875400048 80,235
000167875400049 75,899
000167875400050 68,426
000167875400053 45,238
000260252600036 59,000
000260252600037 63,698
000260252600038 51,854
000167875400051 73,457
000260252600039 51,728
000227715100049 87,514
000167875400052 71,657
000227715100048 62,485
000227715100047 62,214
000227715100046 64,591
000227715100045 53,094
000227715100044 70,811
000227715100043 62,806
000227715100042 61,083
000227715100041 47,771
000227715100040 38,815
000167875400057 11,328
000180559800053 62,468
000180559800054 49,414
000167875400058 15,354
000180559800051 45,856
000260252600035 59,867
000180559800052 53,697
000167875400056 13,939
000180559800050 57,351
000302703900049 54,215
000302703900048 67,120
000180559800048 63,917
000180559800049 43,050
000180559800046 45,761
000180559800047 50,551
000180559800044 49,259
000180559800045 49,729
000302703900041 49,106
000180559800042 48,289
000180559800043 53,429
000302703900040 31,967
000302703900043 52,932
000180559800040 38,789
000180559800041 40,357
000302703900042 53,415
000302703900045 58,595
000302703900044 48,812
000302703900047 56,570
000302703900046 56,508
000302703900038 38,380
000302703900037 37,158
000302703900039 39,280
000180559800039 47,673
000180559800038 8,682
000167875400035 15,986
000167875400036 10,944
000167875400033 15,969
000167875400034 12,792
000167875400039 65,120
000167875400037 56,808
000167875400038 64,151
000300931800052 48,979
000300931800051 63,090
000226214300025 14,619
000300931800050 50,227
000178195400038 62,830
000290265800034 38,076
000178195400039 59,505
000290265800035 56,340
000290265800036 41,480
000290265800037 53,823
000178195400034 20,252
000290265800038 44,011
000178195400035 12,812
000290265800039 59,019
000178195400037 65,087
000178195400033 7,347
000290265800040 56,891
000290265800041 51,214
000290265800042 48,351
000290265800043 60,839
000290265800044 57,149
000178195400049 46,405
000290265800045 45,720
000290265800046 55,923
000290265800047 51,791
000178195400045 63,525
000178195400046 67,162
000178195400047 75,785
000178195400048 67,198
000178195400041 61,001
000178195400042 74,738
000178195400043 69,921
000178195400044 80,423
000178195400040 59,240
000177325400046 62,270
000177325400045 54,956
000177325400044 52,955
000177325400043 50,855
000177325400049 55,350
000177325400048 59,078
000177325400047 71,564
000226214300043 45,972
000226214300042 46,448
000226214300041 51,683
000226214300040 47,483
000226214300047 56,092
000226214300046 58,017
000226214300045 56,873
000226214300044 44,667
000226214300049 48,506
000226214300048 53,292
000300931800038 10,169
000300931800037 38,221
000300931800039 51,456
000177325400042 44,916
000177325400041 46,636
000177325400040 56,617
000300931800041 60,009
000177325400035 15,381
000177325400034 43,026
000300931800040 44,323
000300931800043 51,377
000177325400033 28,092
000177325400032 49,619
000300931800042 51,185
000300931800045 74,760
000177325400039 39,595
000300931800044 45,054
000177325400038 47,503
000177325400037 51,134
000300931800047 63,593
000300931800046 51,283
000177325400036 51,351
000226214300031 58,636
000226214300036 54,154
000226214300035 40,635
000226214300039 11,723
000226214300038 50,176
000226214300037 42,810
000300931800049 66,983
000300931800048 48,701
000177325400031 10,629
000177325400027 38,912
000248624500047 50,616
000248624500043 31,800
000248624500044 59,243
000248624500045 50,623
000248624500046 50,206
000171601400044 65,878
000248624500040 59,308
000171601400045 60,238
000248624500041 50,132
000248624500042 54,455
000171601400040 43,164
000171601400041 59,759
000171601400042 48,437
000171601400043 49,580
000226214300050 55,451
000226214300054 58,670
000226214300053 59,659
000226214300052 46,967
000226214300051 49,779
000226214300055 53,711
000171601400037 42,564
000171601400038 46,343
000171601400039 62,621
000171601400033 69,824
000171601400034 67,145
000171601400035 49,342
000171601400036 54,037
000171601400031 37,045
000171601400032 44,384
000248624500029 36,241
000238848100049 12,572
000238848100050 51,600
000248624500036 57,961
000248624500037 41,207
000248624500038 39,556
000248624500039 53,196
000238848100059 65,088
000248624500032 11,997
000248624500033 56,645
000248624500034 45,453
000248624500035 47,227
000248624500030 52,008
000248624500031 43,118
000238848100051 62,019
000238848100052 48,989
000238848100053 41,798
000238848100054 64,714
000238848100055 42,114
000238848100056 49,816
000238848100057 44,794
000238848100058 50,724
000334867800034 54,010
000334867800035 61,865
000334867800032 53,915
000334867800033 65,059
000334867800038 54,175
000334867800039 49,821
000334867800036 60,056
000334867800037 60,012
000229337800043 68,278
000229337800045 65,802
000229337800044 64,593
000229337800047 60,871
000229337800046 60,087
000229337800049 61,414
000229337800048 60,610
000289000000038 55,074
000289000000039 63,085
000289000000036 64,791
000289000000037 74,151
000289000000035 47,560
000357280800058 55,482
000357280800059 64,431
000357280800060 57,877
000357280800065 78,275
000357280800066 70,473
000357280800067 55,227
000357280800068 60,892
000357280800061 49,898
000357280800062 63,348
000357280800063 60,665
000357280800064 61,295
000357280800054 49,386
000357280800055 59,004
000357280800056 55,303
000357280800057 57,273
000357280800052 53,182
000357280800053 61,777
000220151400048 56,125
000220151400047 46,488
000220151400044 54,102
000220151400043 51,345
000220151400046 47,472
000220151400045 49,540
000220151400040 47,497
000289000000049 57,584
000289000000047 54,094
000220151400042 49,601
000220151400041 36,489
000289000000048 49,136
000289000000041 52,719
000289000000042 57,865
000289000000040 50,810
000289000000045 54,748
000289000000046 61,871
000289000000043 51,284
000289000000044 56,736
000229337800050 62,614
000229337800052 61,860
000229337800051 82,449
000229337800054 71,231
000229337800053 75,808
000229337800056 62,773
000229337800055 67,217
000229337800058 81,807
000229337800057 98,799
000229337800059 70,150
000229476200054 73,090
000229337800060 79,289
000229476200053 72,825
000229476200052 61,128
000229476200051 67,736
000229476200050 67,461
000334867800041 46,427
000334867800042 50,355
000334867800040 59,454
000334867800045 41,037
000229476200056 71,451
000334867800043 51,957
000334867800044 72,748
000229476200055 69,062
000269654600050 65,392
000296021100050 99,176
000296021100051 76,441
000296021100052 86,008
000296021100040 83,543
000296021100041 89,183
000296021100042 73,892
000296021100043 78,875
000296021100044 61,354
000296021100045 81,501
000296021100046 70,608
000296021100047 71,515
000296021100048 79,732
000296021100049 91,944
000186118500037 42,454
000309712300050 60,721
000186118500038 59,369
000186118500039 55,587
000186118500034 50,534
000186118500035 53,419
000186118500036 52,760
000269654600030 35,859
000269654600038 60,754
000269654600037 59,244
000269654600036 45,280
000269654600035 35,103
000269654600034 29,728
000269654600033 40,012
000269654600032 40,022
000269654600031 39,525
000309712300040 49,073
000186118500048 65,023
000186118500049 75,175
000309712300042 57,146
000269654600039 67,607
000309712300041 54,634
000309712300044 57,485
000186118500044 59,326
000186118500045 67,978
000309712300043 58,885
000309712300046 63,651
000186118500046 66,006
000186118500047 62,296
000309712300045 57,539
000186118500040 58,668
000309712300048 55,766
000186118500041 63,678
000309712300047 57,747
000186118500042 72,280
000309712300049 44,965
000186118500043 47,560
000269654600041 76,839
000269654600040 77,165
000256185200050 76,479
000186118500050 48,070
000301225100046 57,525
000269654600049 70,277
000269654600048 92,556
000301225100047 58,102
000269654600047 77,133
000301225100044 62,790
000301225100045 55,314
000269654600046 61,777
000269654600045 90,955
000269654600044 65,035
000301225100048 45,691
000269654600043 61,956
000301225100049 58,084
000269654600042 64,513
000301225100042 66,225
000301225100043 45,567
000301225100040 43,770
000301225100041 46,607
000309712300033 46,491
000309712300032 39,743
000309712300037 51,199
000186118500051 6,589
000309712300036 13,205
000309712300039 45,511
000309712300038 60,807
000256185200041 91,863
000256185200042 52,500
000256185200040 63,072
000257713900047 73,208
000301225100035 47,339
000256185200049 81,068
000257713900046 60,632
000301225100036 8,569
000256185200047 79,649
000257713900045 55,184
000257713900044 55,406
000256185200048 85,310
000301225100034 54,281
000301225100039 63,038
000256185200045 56,399
000257713900043 55,080
000256185200046 71,672
000257713900042 57,382
000256185200043 70,895
000301225100037 59,340
000257713900041 47,118
000257713900040 57,942
000301225100038 61,908
000256185200044 54,672
000224730800044 66,538
000224730800045 73,924
000257713900049 61,588
000257713900048 41,975
000224730800040 55,194
000224730800041 74,097
000224730800042 86,239
000224730800043 72,625
000257713900050 58,897
000256185200038 61,394
000256185200039 57,555
000256185200036 68,722
000256185200037 55,996
000257713900055 50,961
000256185200034 58,602
000257713900054 50,463
000257713900053 59,336
000256185200035 55,275
000257713900052 55,996
000257713900051 66,000
000296021100036 48,202
000296021100037 47,300
000296021100038 70,471
000296021100039 72,999
000257713900039 12,365
000269699100042 47,122
000269699100041 74,124
000269699100040 65,042
000243384300023 7,872
000264802100041 41,149
000264802100042 59,194
000264802100040 46,184
000087732700012 28,184
000264802100043 49,832
000264802100044 46,368
000181519500032 27,469
000181519500033 42,891
000181519500034 47,726
000269699100029 43,205
000087732700023 13,792
000269699100028 14,193
000269699100027 40,177
000087732700025 15,495
000181519500042 52,239
000181519500043 44,834
000181519500044 44,089
000181519500045 48,568
000269699100032 53,863
000269699100031 47,743
000181519500040 41,335
000269699100030 52,606
000181519500041 54,366
000269699100036 64,730
000181519500039 54,401
000087732700038 14,261
000269699100035 47,926
000087732700037 12,504
000269699100034 63,329
000087732700039 41,645
000269699100033 51,584
000181519500035 50,173
000269699100039 61,128
000181519500036 29,626
000269699100038 62,079
000181519500037 20,284
000087732700036 14,330
000181519500038 65,711
000269699100037 63,099
000087732700035 14,061
000240988200039 60,252
000240988200038 59,687
000240988200037 67,133
000240988200036 64,087
000240988200035 58,457
000240988200034 38,743
000240988200032 11,170
000240988200031 10,988
000268257000030 64,181
000181519500050 61,702
000268257000032 52,868
000181519500051 47,713
000268257000031 60,849
000181519500052 58,291
000268257000034 69,743
000268257000033 53,714
000268257000036 58,771
000268257000035 78,152
000268257000038 71,092
000181519500046 54,025
000268257000037 64,402
000181519500047 55,862
000181519500048 59,030
000268257000039 79,585
000181519500049 47,897
000260867700028 47,231
000260867700029 48,961
000260867700027 15,937
000240988200048 44,775
000240988200047 78,982
000240988200046 75,313
000240988200045 58,439
000240988200044 68,662
000240988200043 64,277
000240988200042 73,777
000240988200041 58,920
000240988200040 78,341
000260867700031 57,292
000260867700032 51,721
000260867700033 54,490
000260867700034 66,337
000243384300053 72,254
000243384300052 63,198
000243384300054 69,559
000260867700030 50,260
000260867700039 64,661
000243384300051 66,321
000243384300050 64,162
000260867700035 55,511
000260867700036 56,574
000260867700037 63,308
000260867700038 57,184
000349145200036 55,977
000349145200035 48,876
000349145200034 60,791
000349145200039 52,089
000349145200038 57,055
000264802100029 56,923
000349145200037 59,591
000243384300049 59,656
000243384300046 63,722
000260867700042 46,315
000264802100030 59,237
000264802100031 59,988
000243384300045 55,868
000243384300048 66,950
000243384300047 75,830
000243384300042 52,208
000243384300044 70,845
000260867700040 16,489
000243384300043 49,873
000260867700041 54,461
000264802100038 67,211
000264802100039 50,313
000264802100036 53,678
000264802100037 54,247
000264802100034 61,521
000264802100035 58,610
000264802100032 59,768
000264802100033 59,201
000349145200047 54,701
000349145200046 55,929
000349145200045 47,257
000349145200044 58,450
000349145200043 52,473
000349145200042 56,682
000349145200041 52,218
000349145200040 61,758
000264802100027 48,200
000264802100028 8,163
000177931200050 37,063
000177931200051 51,971
000177931200052 44,824
000172307400037 48,867
000172307400038 49,128
000172307400035 54,266
000172307400036 53,890
000177931200048 43,282
000172307400033 59,509
000177931200049 44,118
000172307400034 53,157
000172307400032 68,289
000177931200044 52,673
000177931200045 57,568
000177931200040 76,968
000177931200041 82,289
000177931200042 66,091
000177931200043 67,517
000225950000033 13,336
000225950000031 32,345
000172307400039 54,022
000172307400048 47,061
000223864000039 60,991
000172307400049 64,085
000223864000038 48,271
000172307400046 35,825
000225950000038 58,794
000225950000039 42,748
000172307400047 44,185
000177931200037 62,636
000364897000037 53,777
000172307400044 63,920
000225950000036 54,765
000177931200038 65,248
000364897000036 60,230
000225950000037 37,980
000172307400045 37,416
000177931200039 72,087
000172307400042 53,535
000364897000039 41,645
000225950000034 46,664
000172307400043 64,581
000225950000035 39,731
000364897000038 50,367
000223864000031 68,494
000172307400040 49,089
000177931200033 70,180
000172307400041 58,674
000177931200034 70,500
000223864000030 44,094
000223864000033 71,227
000364897000035 41,426
000177931200035 67,301
000223864000032 62,388
000364897000034 48,654
000177931200036 72,180
000223864000035 68,560
000223864000034 52,409
000177931200030 16,911
000223864000037 91,620
000177931200031 10,524
000223864000036 71,224
000177931200032 18,923
000225950000043 37,706
000225950000044 55,215
000225950000041 56,091
000225950000042 42,804
000225950000040 36,066
000225950000049 51,245
000223864000029 73,835
000225950000047 66,190
000364897000048 65,473
000364897000047 46,891
000225950000048 50,205
000225950000045 56,162
000364897000049 60,380
000225950000046 39,454
000177931200029 20,817
000364897000044 55,271
000364897000043 55,314
000364897000046 54,493
000172307400050 61,333
000364897000045 57,406
000364897000040 55,266
000364897000042 67,243
000364897000041 51,648
000223864000051 5,929
000223864000050 7,070
000087732700041 49,024
000087732700040 56,846
000087732700043 49,679
000087732700042 61,305
000087732700049 64,751
000087732700048 67,608
000087732700045 72,066
000364897000059 14,046
000087732700044 65,815
000364897000058 20,428
000087732700047 64,740
000087732700046 62,557
000364897000055 16,058
000223864000053 9,235
000364897000054 16,335
000223864000052 5,751
000364897000057 15,351
000364897000056 16,749
000223864000054 9,448
000364897000051 13,445
000364897000050 16,311
000364897000053 12,380
000364897000052 17,375
000333029000025 63,138
000364897000060 14,555
000223864000040 83,973
000087732700052 74,422
000087732700051 68,627
000087732700054 69,714
000087732700053 45,951
000333029000028 64,423
000333029000029 68,917
000087732700050 54,173
000333029000026 61,116
000333029000027 74,470
000314585600034 52,181
000314585600033 64,746
000223864000049 6,377
000087732700056 80,907
000087732700055 58,058
000087732700057 62,323
000223864000042 72,842
000223864000041 61,436
000223864000044 62,556
000314585600039 45,159
000223864000043 75,617
000223864000046 72,484
000314585600038 47,827
000364897000062 13,498
000223864000045 59,914
000314585600037 57,134
000364897000061 16,506
000314585600036 61,536
000314585600035 52,692
000223864000047 68,556
000333029000035 66,908
000333029000036 71,367
000333029000033 67,693
000333029000034 83,825
000333029000031 73,752
000333029000032 81,387
000333029000030 80,445
000333029000039 83,815
000333029000037 83,255
000333029000038 76,325
000225950000009 11,722
000265608800050 45,367
000366591100060 47,614
000366591100063 50,254
000265608800049 63,802
000366591100064 69,347
000265608800047 58,662
000294672200040 46,766
000366591100061 61,381
000265608800048 60,469
000294672200041 68,083
000366591100062 66,983
000265608800045 68,924
000265608800046 46,361
000265608800043 56,774
000366591100065 53,076
000265608800044 45,479
000265608800041 46,908
000265608800042 48,723
000265608800040 43,095
000171028700080 52,169
000294672200042 63,497
000294672200043 57,281
000294672200044 62,769
000294672200045 50,466
000294672200046 39,962
000294672200047 60,767
000085121100056 76,259
000085121100055 65,055
000085121100054 54,150
000085121100053 81,485
000085121100059 9,973
000085121100058 24,737
000085121100057 67,593
000234093600038 37,458
000234093600039 39,286
000234093600037 58,021
000234093600041 41,819
000314585600045 61,521
000234093600042 53,867
000314585600044 64,668
000314585600043 50,640
000314585600042 59,727
000234093600040 56,993
000314585600041 63,164
000314585600040 54,612
000085121100052 72,069
000085121100051 75,453
000314585600047 55,147
000085121100050 73,578
000314585600046 52,914
000089020200011 25,661
000299466800037 42,436
000165831300051 57,575
000165831300050 62,667
000299466800038 13,761
000165831300056 72,297
000234093600031 14,593
000299466800039 47,250
000165831300053 73,839
000165831300052 74,575
000165831300055 60,156
000165831300054 54,576
000085121100061 17,033
000085121100060 8,738
000089020200022 14,961
000225950000050 61,805
000225950000051 60,593
000248339800035 60,705
000248339800034 14,281
000248339800037 38,983
000248339800036 50,486
000248339800033 43,444
000248339800032 28,181
000234093600049 47,378
000089020200033 12,300
000089020200032 15,599
000234093600047 43,652
000089020200031 15,738
000234093600048 65,272
000089020200037 52,152
000234093600045 39,095
000234093600046 60,724
000089020200036 63,172
000234093600043 68,430
000089020200035 52,789
000234093600044 62,550
000089020200034 14,083
000089020200039 57,553
000089020200038 61,701
000248339800039 51,596
000248339800038 51,594
000248339800046 50,421
000248339800045 59,041
000248339800048 60,787
000248339800047 67,006
000089020200040 61,229
000265608800038 49,014
000248339800042 45,832
000265608800039 60,735
000248339800041 45,547
000248339800044 53,690
000265608800036 48,476
000265608800037 55,324
000248339800043 46,384
000294672200030 5,153
000089020200044 65,874
000265608800034 55,048
000089020200043 78,173
000265608800035 51,902
000248339800040 51,269
000089020200042 65,869
000089020200041 77,581
000265608800033 11,199
000089020200048 54,416
000089020200047 74,746
000089020200046 76,472
000089020200045 52,337
000294672200039 56,597
000089020200049 55,124
000294672200031 66,525
000294672200032 66,571
000294672200033 64,017
000294672200034 70,992
000294672200035 50,002
000294672200036 47,475
000248339800049 50,797
000294672200037 45,797
000294672200038 64,731
000089020200051 77,782
000089020200050 55,887
000089020200055 47,135
000089020200054 41,545
000248339800050 62,871
000089020200057 36,182
000089020200056 52,269
000294672200029 57,398
000252576600033 63,360
000315149600042 54,226
000252576600032 49,356
000315149600041 50,344
000252576600031 48,357
000315149600040 38,821
000252576600030 55,791
000315149600046 59,308
000315149600045 44,058
000315149600044 52,700
000315149600043 46,738
000315149600049 48,883
000315149600048 55,774
000315149600047 51,538
000252576600037 59,382
000252576600036 53,566
000252576600035 60,162
000252576600034 51,406
000252576600039 46,934
000252576600038 57,693
000261039300046 93,122
000261039300045 74,898
000261039300044 86,492
000261039300043 82,719
000261039300042 86,806
000261039300041 60,805
000261039300040 65,761
000170616000043 58,624
000170616000044 64,716
000170616000045 63,934
000170616000046 58,174
000170616000047 61,774
000170616000048 44,781
000170616000049 54,660
000252576600029 40,353
000252576600028 10,889
000252576600027 14,950
000261039300039 60,042
000174299500040 58,387
000261039300038 63,985
000174299500041 45,071
000261039300037 61,499
000174299500042 45,885
000261039300036 64,749
000174299500043 59,777
000261039300035 74,630
000174299500044 54,609
000261039300034 61,176
000261039300033 58,442
000261039300032 60,891
000261039300031 53,777
000261039300030 55,857
000170616000040 59,776
000170616000041 54,046
000170616000042 56,792
000170616000033 55,691
000170616000034 50,819
000170616000035 58,434
000170616000036 41,862
000170616000037 52,727
000170616000038 65,818
000170616000039 56,216
000174299500045 47,829
000252576600040 59,271
000315149600053 66,499
000315149600052 74,746
000252576600043 46,886
000315149600051 59,860
000252576600042 55,769
000252576600041 41,176
000315149600050 57,945
000315149600054 56,648
000085121100034 17,142
000085121100038 40,592
000085121100037 12,170
000221767700044 64,676
000085121100036 11,992
000085121100035 16,250
000309446800043 86,592
000309446800042 80,519
000232477000040 47,025
000309446800045 76,814
000309446800044 67,690
000085121100039 62,595
000309446800046 78,016
000232477000047 52,674
000232477000048 52,887
000232477000045 57,704
000232477000046 53,402
000232477000043 53,781
000232477000044 41,931
000232477000041 57,564
000232477000042 54,355
000221767700042 59,962
000221767700043 69,648
000221767700040 65,239
000221767700041 73,471
000232477000049 45,967
000085121100045 64,475
000221767700039 56,432
000085121100044 63,015
000309446800039 80,938
000085121100043 60,406
000221767700037 61,603
000221767700038 57,701
000085121100042 64,245
000221767700035 59,181
000085121100049 80,781
000221767700036 58,274
000085121100048 66,588
000221767700033 57,615
000085121100047 75,512
000221767700034 62,812
000085121100046 52,355
000309446800032 70,043
000232477000050 41,535
000232477000051 53,417
000309446800031 62,699
000309446800034 70,889
000309446800033 68,491
000309446800036 69,000
000309446800035 57,972
000309446800038 64,568
000309446800037 58,109
000309446800041 85,908
000232477000052 50,724
000309446800040 70,281
000232477000053 58,650
000221767700031 58,498
000221767700032 65,400
000221767700030 50,238
000085121100041 55,931
000085121100040 57,288
000366591100052 45,454
000366591100053 47,078
000366591100050 56,668
000366591100051 43,907
000171028700079 54,759
000366591100056 61,217
000366591100057 56,348
000366591100054 59,617
000171028700077 41,987
000171028700078 66,106
000366591100055 53,895
000171028700075 51,830
000171028700076 63,665
000171028700073 59,170
000366591100058 57,954
000366591100059 55,058
000171028700074 38,359
000171028700071 40,117
000171028700072 60,621
000171028700070 44,338
000309446800030 57,816
000085121100024 16,431
000171028700068 37,698
000171028700069 59,388
000171028700066 44,772
000171028700067 52,511
000366591100049 8,482
000171028700065 52,044
000366591100047 8,452
000366591100048 16,327
000232477000036 35,223
000232477000037 37,599
000232477000035 49,977
000232477000038 13,612
000232477000039 48,792
000260674000055 68,636
000260674000054 62,895
000260674000053 66,594
000260674000052 86,464
000260674000051 66,795
000267130600035 16,992
000186230600039 68,537
000267130600034 45,878
000260674000050 84,290
000267130600039 61,163
000306278900032 64,631
000306278900033 67,641
000267130600038 63,369
000306278900034 71,109
000267130600037 43,363
000267130600036 55,179
000306278900035 83,784
000306278900036 73,960
000306278900037 78,984
000306278900038 58,401
000306278900039 79,307
000186230600030 12,523
000306278900040 72,113
000306278900041 91,723
000306278900042 69,863
000178370500061 55,645
000186230600036 53,555
000186230600035 47,865
000178370500062 60,356
000178370500063 50,982
000186230600038 56,884
000186230600037 62,149
000285553800049 59,987
000178370500064 40,242
000186230600032 51,931
000186230600031 13,672
000186230600034 57,703
000186230600033 60,978
000267130600042 55,781
000260674000044 86,190
000306278900029 69,318
000267130600041 56,364
000260674000043 56,871
000267130600040 45,324
000260674000042 59,414
000260674000041 50,777
000267130600046 43,632
000260674000040 57,592
000085245400014 14,592
000267130600045 57,152
000267130600044 49,594
000267130600043 70,656
000267130600049 66,837
000267130600048 55,478
000260674000049 77,743
000267130600047 40,940
000260674000048 49,121
000260674000047 68,338
000260674000046 62,365
000260674000045 72,008
000186230600041 79,791
000186230600040 57,521
000306278900030 62,905
000306278900031 54,557
000186230600046 84,547
000186230600043 56,765
000186230600042 69,540
000186230600045 62,312
000186230600044 78,769
000285553800064 75,983
000285553800062 55,956
000267130600050 54,206
000285553800063 64,315
000085245400028 16,214
000285553800060 76,086
000285553800061 103,936
000178370500048 55,663
000178370500049 55,460
000285553800053 51,635
000285553800054 62,076
000285553800051 67,511
000285553800052 43,504
000285553800057 88,311
000085245400036 45,320
000285553800058 87,190
000285553800055 63,262
000085245400038 44,561
000285553800056 76,538
000178370500060 39,462
000085245400037 10,327
000306278900043 75,477
000306278900044 70,708
000085245400039 44,053
000285553800050 66,436
000227883900028 16,591
000178370500058 45,422
000178370500059 37,065
000178370500050 44,383
000178370500051 47,372
000285553800059 83,242
000178370500052 36,773
000178370500053 61,524
000178370500054 60,840
000178370500055 15,982
000178370500056 57,600
000178370500057 60,804
000223514900049 68,874
000085245400043 52,018
000085245400042 53,527
000223514900048 59,082
000085245400045 69,761
000085245400044 41,544
000085245400047 49,583
000085245400046 49,319
000085245400049 64,266
000085245400048 55,382
000223514900041 75,186
000223514900040 52,113
000223514900043 67,247
000223514900042 62,365
000223514900045 71,019
000174299500028 48,884
000223514900044 71,937
000085245400041 50,317
000174299500029 14,318
000223514900047 83,489
000223514900046 65,462
000085245400040 42,551
000085245400053 40,946
000174299500030 51,412
000174299500031 45,159
000174299500032 55,707
000174299500033 54,379
000340508200040 70,984
000340508200039 75,153
000340508200037 82,750
000223514900050 62,624
000340508200038 90,773
000174299500034 45,756
000174299500035 43,179
000174299500036 44,250
000174299500037 49,186
000085245400050 52,648
000174299500038 58,188
000174299500039 48,856
000085245400052 46,495
000085245400051 63,993
000188266200045 74,924
000188266200043 63,313
000188266200044 79,002
000188266200041 66,600
000188266200042 77,538
000188266200040 54,768
000223514900038 61,287
000223514900037 53,393
000223514900039 72,493
000223514900034 67,221
000223514900033 44,989
000223514900036 70,727
000223514900035 58,298
000229476200043 57,647
000229476200042 63,724
000229476200041 49,189
000229476200040 42,104
000229476200049 66,408
000229476200048 62,491
000229476200047 69,749
000229476200046 47,590
000229476200045 56,351
000229476200044 50,850
000166860100035 37,920
000166860100036 51,861
000166860100039 59,903
000166860100037 42,098
000166860100038 46,772
000229476200039 41,812
000229476200038 29,624
000188266200038 73,602
000188266200039 70,808
000229476200037 39,301
000188266200036 61,072
000166860100042 52,669
000229476200036 34,631
000229476200035 36,614
000166860100043 64,862
000188266200037 54,328
000166860100040 54,377
000188266200034 56,593
000188266200035 49,189
000166860100041 48,420
000166860100046 65,301
000188266200032 51,083
000166860100047 68,021
000188266200033 56,561
000166860100044 62,544
000188266200031 50,624
000166860100045 48,654
000185370900050 69,885
000166860100048 55,381
000166860100049 50,824
000220151400037 49,301
000220151400036 54,626
000220151400039 53,804
000220151400038 56,848
000220151400033 15,004
000220151400032 31,834
000220151400035 53,959
000220151400034 57,712
000267979000028 54,552
000267979000029 59,294
000267979000027 27,965
000227883900036 46,807
000227883900037 59,009
000227883900034 44,995
000299466800040 55,830
000299466800041 60,359
000227883900035 9,682
000299466800046 50,473
000299466800047 38,182
000165831300040 37,842
000299466800048 50,962
000299466800049 48,134
000299466800042 49,976
000299466800043 50,035
000227883900038 46,107
000299466800044 44,509
000227883900039 43,248
000299466800045 55,851
000165831300046 64,048
000165831300045 64,963
000165831300048 63,402
000165831300047 64,338
000165831300042 73,280
000165831300041 69,479
000165831300044 56,881
000165831300043 66,550
000227883900040 53,720
000165831300049 65,106
000227883900047 58,525
000227883900048 49,149
000299466800050 59,685
000299466800051 63,195
000227883900045 52,836
000227883900046 48,053
000299466800052 57,093
000227883900043 35,379
000227883900044 76,045
000244387600029 64,576
000227883900041 45,877
000244387600028 14,688
000227883900042 48,114
000299466800053 46,636
000227883900049 55,647
000165831300035 6,752
000165831300037 49,690
000165831300031 19,837
000165831300030 25,063
000165831300033 13,011
000165831300032 11,056
000244387600027 41,607
000165831300039 42,588
000165831300038 48,099
000244387600039 50,064
000260674000039 57,959
000185370900043 58,833
000244387600030 48,483
000185370900044 65,468
000185370900045 63,232
000185370900046 64,733
000185370900040 56,273
000185370900041 65,446
000165831300022 21,006
000185370900042 57,958
000244387600038 71,412
000244387600037 39,800
000186230600013 15,751
000244387600036 49,528
000244387600035 45,531
000185370900047 70,970
000244387600034 52,104
000244387600033 46,233
000185370900048 71,216
000244387600032 43,165
000185370900049 81,192
000186230600012 7,927
000244387600031 66,662
000186230600029 8,146
000186230600028 9,196
000244387600041 49,616
000244387600040 57,980
000165831300012 9,786
000185370900035 54,590
000186230600025 14,701
000186230600024 10,330
000186230600027 12,029
000186230600026 14,838
000185370900036 58,442
000185370900037 64,003
000185370900038 49,735
000186230600023 11,449
000185370900039 67,639
000244387600042 45,773
000186230600022 8,344
000251086600046 57,756
000251086600042 50,190
000251086600043 65,082
000251086600044 71,845
000251086600045 52,926
000251086600040 49,397
000251086600041 44,208
000251086600035 46,619
000251086600036 56,487
000251086600037 58,095
000251086600038 60,128
000251086600032 10,828
000251086600033 54,058
000251086600034 56,885
000267979000031 57,278
000267979000032 67,040
000267979000030 81,720
000267979000039 82,076
000267979000037 68,162
000267979000038 65,194
000251086600039 45,336
000267979000035 82,548
000267979000036 61,949
000267979000033 80,525
000267979000034 84,139
000319664500048 60,767
000319664500049 62,456
000319664500046 79,749
000319664500047 64,954
000319664500044 70,995
000319664500045 61,950
000319664500042 53,650
000319664500043 51,990
000319664500040 47,624
000319664500041 42,080
000267979000042 60,518
000267979000040 89,504
000267979000041 75,071
000297059700050 60,193
000297059700051 85,055
000297059700052 77,701
000297059700047 72,410
000297059700048 92,910
000297059700049 77,418
000297059700043 81,960
000297059700044 60,267
000297059700045 69,110
000297059700046 92,223
000297059700040 67,248
000220281600058 48,478
000297059700041 60,508
000220281600059 47,049
000297059700042 67,735
000220281600056 58,026
000220281600057 46,213
000220281600054 42,070
000220281600055 45,407
000220281600052 43,770
000220281600053 39,200
000220281600050 47,166
000220281600051 40,106
000172240500049 60,373
000172240500048 63,938
000172240500047 43,627
000223891200033 13,729
000223891200037 58,190
000223891200036 49,844
000223891200035 61,302
000223891200034 51,846
000348639300046 61,551
000348639300047 59,176
000348639300048 54,716
000223891200039 52,350
000223891200038 53,028
000348639300049 53,398
000220281600049 45,054
000348639300044 49,984
000220281600047 38,679
000312488200061 95,731
000312488200060 84,124
000348639300045 63,874
000220281600048 35,580
000172240500046 54,168
000220281600045 11,897
000220281600046 51,210
000172240500045 58,298
000220281600043 26,190
000172240500044 56,431
000172240500043 42,302
000220281600044 47,859
000172240500042 53,473
000220281600041 68,710
000172240500041 47,138
000220281600042 36,409
000172240500040 45,396
000220281600040 47,962
000172240500039 52,196
000223891200040 44,343
000166175600029 10,690
000172240500038 49,949
000166175600028 14,974
000172240500037 41,184
000166175600027 22,121
000223891200044 41,495
000348639300050 56,229
000223891200043 54,753
000348639300051 51,478
000223891200042 44,724
000348639300052 53,689
000223891200041 62,612
000223891200047 60,960
000223891200046 54,908
000223891200045 53,874
000348639300053 46,816
000348639300054 61,806
000348639300055 55,655
000166175600036 52,683
000086625000050 59,847
000166175600035 62,118
000086625000051 64,855
000166175600034 71,593
000166175600033 54,519
000319664500039 49,197
000166175600039 67,534
000319664500037 60,693
000166175600038 62,323
000166175600037 46,970
000319664500038 57,496
000319664500035 45,228
000319664500036 57,596
000312488200049 65,239
000166175600032 41,142
000312488200048 56,988
000166175600031 13,811
000086625000052 54,029
000312488200047 63,064
000166175600030 11,987
000312488200046 80,642
000312488200045 67,129
000312488200044 49,527
000086625000049 62,834
000166175600047 63,875
000166175600046 64,685
000166175600045 60,996
000166175600044 61,209
000166175600049 63,157
000166175600048 64,873
000166175600043 91,576
000166175600042 63,502
000312488200059 64,468
000312488200058 73,255
000166175600041 64,347
000312488200057 75,090
000166175600040 81,612
000312488200056 78,315
000312488200055 94,665
000312488200054 65,834
000312488200053 79,441
000312488200052 74,703
000312488200051 64,831
000312488200050 70,765
000172240500056 6,730
000172240500055 50,613
000172240500054 49,872
000172240500053 60,298
000172240500052 51,503
000172240500051 63,968
000172240500050 66,970
000336457100045 70,331
000336457100046 72,895
000336457100047 70,872
000336457100048 95,052
000336457100049 86,951
000086625000036 56,908
000166175600050 52,029
000086625000037 57,898
000086625000034 13,241
000086625000035 54,267
000086625000032 9,882
000086625000033 11,996
000086625000030 6,579
000086625000031 23,537
000166175600051 56,106
000336457100040 52,752
000336457100041 58,079
000336457100042 69,415
000336457100043 64,874
000336457100044 60,882
000336457100056 75,844
000281461200038 72,763
000281461200037 66,778
000086625000040 79,008
000281461200036 60,649
000281461200035 61,683
000281461200034 59,925
000281461200033 57,266
000281461200032 54,013
000086625000047 51,977
000086625000048 64,365
000086625000045 59,653
000086625000046 61,485
000086625000043 53,434
000086625000044 83,447
000086625000041 69,221
000281461200039 60,345
000086625000042 54,068
000086625000038 59,962
000086625000039 61,015
000336457100050 87,406
000336457100051 90,138
000336457100052 53,122
000336457100053 86,468
000168285500039 61,358
000168285500038 67,014
000281461200046 90,560
000168285500037 62,754
000281461200045 78,583
000281461200044 49,869
000168285500036 15,191
000281461200043 63,473
000168285500035 10,224
000281461200042 81,279
000168285500034 19,428
000168285500033 20,688
000281461200041 59,855
000281461200040 72,666
000168285500049 70,399
000168285500048 62,386
000168285500047 73,655
000168285500046 65,024
000168285500045 39,743
000168285500044 57,740
000168285500043 63,247
000168285500042 65,225
000168285500041 68,673
000168285500040 61,993
000086625000017 10,864
000247968600035 54,679
000308095100050 75,813
000247968600036 86,495
000247968600033 51,162
000226381300051 70,036
000226381300050 57,044
000247968600034 47,245
000308095100054 87,095
000247968600039 33,883
000308095100053 68,973
000308095100052 58,546
000247968600037 62,062
000308095100051 70,261
000247968600038 50,590
000168285500054 68,685
000168285500053 54,850
000168285500052 56,829
000168285500051 58,541
000168285500050 71,490
000184318400029 14,254
000264101700047 62,955
000184318400037 52,544
000264101700048 55,406
000184318400036 46,796
000184318400039 55,580
000264101700045 48,021
000264101700046 52,729
000184318400038 62,297
000264101700043 59,070
000226381300049 70,140
000264101700044 58,548
000184318400032 18,181
000264101700041 61,636
000184318400035 60,686
000264101700042 68,980
000184318400034 67,600
000226381300046 62,113
000308095100047 58,604
000264101700040 61,746
000226381300045 56,811
000308095100046 46,164
000226381300048 60,947
000184318400031 15,439
000226381300047 63,982
000184318400030 16,248
000226381300042 40,493
000247968600032 9,317
000226381300041 42,898
000308095100049 64,415
000226381300044 43,510
000308095100048 54,531
000308095100061 89,724
000308095100060 83,095
000184318400048 71,637
000184318400047 77,907
000184318400049 63,498
000184318400044 56,352
000184318400043 60,905
000184318400046 75,357
000184318400045 73,072
000184318400040 70,882
000226381300057 51,821
000308095100058 71,452
000308095100057 67,405
000226381300056 55,803
000226381300059 60,420
000252432100029 44,456
000308095100056 75,360
000184318400042 58,488
000184318400041 59,181
000308095100055 89,861
000226381300058 40,896
000226381300053 70,972
000226381300052 76,426
000226381300055 61,154
000226381300054 58,497
000308095100059 81,606
000174901900038 66,446
000174901900039 62,571
000174901900036 58,345
000174901900037 55,839
000174901900034 51,912
000174901900035 51,614
000174901900030 13,019
000174901900031 14,635
000241701500049 51,393
000241701500048 61,967
000241701500043 52,207
000241701500042 65,499
000241701500045 62,463
000241701500044 67,185
000241701500047 52,175
000241701500046 71,500
000247968600046 51,905
000226381300040 38,021
000247968600044 41,159
000247968600045 72,713
000174901900049 54,797
000174901900047 63,864
000174901900048 68,669
000174901900045 66,767
000174901900046 68,711
000174901900043 66,222
000174901900044 80,111
000174901900041 52,036
000174901900042 51,598
000241701500038 12,105
000174901900040 55,075
000226381300039 36,310
000226381300038 33,252
000247968600042 53,595
000247968600043 64,057
000247968600040 71,186
000247968600041 70,583
000174901900029 22,436
000293222400045 45,839
000293222400046 42,146
000293222400049 59,251
000293222400048 46,023
000089724800055 51,447
000089724800056 50,639
000274193900029 58,821
000274193900028 58,500
000274193900027 71,410
000170894400037 64,356
000170894400036 43,465
000170894400039 40,235
000089724800050 54,487
000170894400038 45,070
000089724800051 54,120
000089724800052 60,750
000089724800053 56,331
000249377500033 46,284
000089724800054 53,007
000249377500035 39,096
000249377500034 41,483
000249377500037 46,507
000249377500036 12,882
000249377500039 50,296
000249377500038 59,466
000293222400054 42,569
000293222400053 50,181
000293222400056 63,249
000293222400055 48,766
000293222400058 45,270
000293222400057 40,872
000293222400059 69,681
000253712900048 59,949
000089724800044 41,438
000253712900047 60,886
000089724800045 50,363
000089724800046 52,399
000253712900046 49,267
000089724800047 35,794
000253712900045 49,356
000089724800048 55,607
000089724800049 57,051
000253712900040 66,025
000170894400048 84,188
000170894400047 61,413
000170894400049 58,364
000253712900044 68,055
000089724800041 53,789
000253712900043 47,122
000253712900042 77,105
000089724800042 53,529
000253712900041 53,578
000089724800043 45,130
000170894400040 48,597
000170894400042 56,063
000170894400041 49,807
000293222400050 49,744
000170894400044 57,536
000170894400043 42,664
000293222400052 11,611
000170894400046 55,240
000170894400045 58,375
000274193900042 69,187
000274193900041 75,549
000361297900040 86,099
000236584400042 66,719
000236584400043 52,120
000236584400040 45,465
000361297900042 74,160
000361297900041 77,313
000236584400041 58,170
000170894400051 44,860
000361297900044 98,383
000170894400050 42,089
000361297900043 76,206
000236584400044 41,400
000361297900046 75,124
000236584400045 72,319
000361297900045 81,085
000170894400052 48,935
000361297900048 71,291
000361297900047 62,999
000361297900049 59,698
000274193900033 78,740
000274193900032 64,069
000274193900031 85,799
000274193900030 54,220
000274193900037 66,305
000274193900036 63,882
000274193900035 70,063
000274193900034 71,411
000274193900039 89,148
000274193900038 70,378
000236584400031 11,967
000236584400032 46,145
000236584400030 43,366
000236584400035 46,705
000236584400036 51,603
000236584400033 58,150
000361297900035 52,991
000236584400034 49,753
000361297900034 59,839
000274193900040 55,897
000361297900037 64,664
000236584400039 53,920
000361297900036 65,762
000236584400037 46,074
000361297900039 72,924
000361297900038 79,553
000236584400038 46,227
000252432100050 63,343
000252432100051 82,520
000252432100052 83,170
000252432100053 76,311
000252432100054 80,816
000252432100055 70,123
000252432100056 86,417
000241701500050 84,259
000241701500052 59,141
000241701500051 83,096
000241701500054 66,076
000241701500053 73,039
000241701500056 88,447
000241701500055 59,340
000241701500057 55,420
000293222400065 55,940
000293222400064 64,410
000293222400066 65,509
000253712900037 40,118
000253712900036 63,328
000253712900035 53,322
000253712900034 14,085
000089724800037 35,334
000089724800039 41,752
000253712900039 44,995
000253712900038 45,177
000252432100030 8,858
000252432100031 7,861
000252432100032 21,776
000249377500050 50,145
000252432100033 25,918
000253712900033 52,025
000252432100034 20,614
000252432100035 13,491
000252432100036 23,534
000252432100037 19,674
000252432100038 19,070
000184318400051 73,619
000184318400050 66,960
000252432100039 20,612
000184318400052 76,969
000293222400061 71,678
000293222400060 31,375
000293222400063 51,524
000293222400062 60,959
000264101700038 53,367
000264101700039 66,573
000252432100040 11,392
000252432100041 22,063
000264101700036 66,893
000264101700037 44,996
000252432100043 65,655
000249377500040 59,899
000264101700034 47,044
000264101700035 64,554
000252432100044 73,469
000264101700032 55,311
000249377500042 54,246
000252432100045 82,287
000249377500041 49,097
000252432100046 55,279
000264101700033 43,667
000249377500044 45,537
000252432100047 62,275
000264101700030 14,031
000249377500043 48,339
000252432100048 70,348
000264101700031 53,270
000252432100049 68,084
000249377500046 66,618
000249377500045 61,096
000249377500048 67,542
000249377500047 55,417
000249377500049 53,984
000240313900050 67,727
000272795400039 64,448
000272795400038 51,422
000272795400037 71,371
000272795400036 67,153
000272795400035 67,011
000272795400034 56,552
000272795400033 56,151
000272795400032 64,409
000272795400031 61,190
000240313900032 12,195
000337889900041 59,246
000337889900042 47,619
000337889900040 57,626
000337889900045 44,485
000337889900046 51,759
000337889900043 56,745
000337889900044 41,907
000337889900049 81,615
000337889900047 60,657
000337889900048 60,456
000240313900039 69,843
000240313900038 66,370
000240313900037 65,849
000240313900036 52,757
000240313900035 60,603
000240313900045 70,752
000234111500053 76,554
000234111500052 71,352
000240313900044 68,268
000240313900043 70,329
000234111500051 75,997
000240313900042 76,228
000234111500050 64,990
000240313900041 76,597
000337889900052 46,308
000240313900040 63,242
000337889900050 57,390
000337889900051 52,000
000234111500056 80,825
000234111500055 65,857
000234111500054 74,131
000240313900049 74,330
000240313900048 70,712
000240313900047 64,052
000240313900046 67,046
000234111500042 61,671
000240622000048 74,628
000234111500041 54,965
000240622000049 72,074
000234111500040 64,545
000240622000044 54,114
000240622000045 78,653
000240622000046 62,723
000240622000047 75,831
000240622000040 61,410
000234111500049 77,257
000240622000041 56,850
000234111500048 83,752
000240622000042 59,926
000240622000043 61,285
000234111500047 64,000
000234111500046 57,561
000234111500045 56,000
000234111500044 58,400
000234111500043 61,699
000171139400036 46,631
000171139400035 55,906
000171139400034 45,711
000171139400033 44,341
000171139400039 64,548
000171139400038 48,456
000171139400037 57,880
000236029400053 15,260
000236029400054 17,647
000236029400055 8,727
000236029400050 15,754
000236029400051 13,918
000236029400052 11,302
000240622000037 60,062
000240622000038 71,802
000240622000039 64,535
000240622000036 34,538
000234111500039 45,786
000087382300023 11,946
000240622000032 13,335
000318016700039 74,299
000318016700037 48,711
000318016700038 47,771
000087382300028 6,375
000087382300027 10,601
000222801400050 56,231
000087382300029 9,781
000318016700035 52,064
000318016700036 56,880
000318016700033 49,926
000318016700034 56,256
000243504700036 63,746
000243504700037 74,468
000243504700038 56,804
000243504700039 68,941
000087382300035 53,354
000371582600001 73,966
000087382300034 46,535
000087382300037 39,868
000087382300036 42,278
000087382300031 44,721
000087382300030 15,580
000087382300033 39,138
000087382300032 45,045
000371582000002 72,488
000087382300039 37,953
000087382300038 61,527
000318016700042 69,425
000171139400050 9,942
000318016700043 57,883
000318016700040 73,290
000318016700041 46,381
000318016700046 53,176
000318016700047 65,926
000318016700044 55,564
000318016700045 55,164
000243504700043 59,927
000272795400041 66,138
000243504700044 57,014
000272795400040 82,794
000243504700045 52,466
000087382300040 46,148
000243504700046 50,829
000243504700047 49,802
000243504700048 87,423
000087382300046 31,953
000240622000051 70,015
000087382300045 51,947
000087382300042 52,748
000087382300041 50,119
000087382300044 72,931
000087382300043 47,710
000240622000050 76,854
000171139400047 41,162
000171139400046 70,262
000171139400045 67,315
000171139400044 71,119
000171139400049 54,811
000171139400048 45,025
000272795400047 77,838
000272795400046 93,241
000171139400043 59,974
000272795400045 72,539
000272795400044 82,568
000171139400042 37,377
000243504700040 67,721
000171139400041 50,413
000272795400043 55,928
000243504700041 78,269
000272795400042 66,479
000243504700042 60,664
000171139400040 53,724
000286596500032 97,304
000286596500033 68,135
000286596500034 73,420
000286596500035 65,146
000286596500030 81,346
000286596500031 70,511
000245654500053 47,548
000245654500052 50,900
000245654500051 40,479
000245654500050 51,968
000245654500056 67,148
000245654500055 52,406
000245654500054 58,269
000088903600029 12,416
000088903600028 13,403
000286596500036 86,660
000286596500037 72,035
000286596500038 68,585
000286596500039 64,320
000245654500041 55,607
000245654500040 54,264
000245654500046 49,519
000245654500045 48,569
000245654500044 40,798
000245654500043 13,770
000245654500049 47,266
000245654500048 61,612
000245654500047 54,755
000088903600019 23,827
000222801400049 63,708
000256839900062 83,568
000256839900063 65,638
000256839900060 92,345
000256839900061 76,486
000222801400042 65,284
000222801400041 60,349
000222801400044 60,306
000222801400043 68,841
000222801400046 71,300
000222801400045 74,642
000222801400048 66,248
000222801400047 74,923
000222801400040 48,401
000222801400039 58,967
000222801400038 55,745
000256839900051 60,121
000256839900052 58,996
000256839900050 57,208
000222801400033 59,533
000222801400035 61,991
000222801400034 56,762
000222801400037 61,337
000222801400036 57,231
000256839900055 70,651
000256839900056 76,201
000256839900053 53,133
000256839900054 69,189
000256839900059 56,383
000256839900057 72,827
000256839900058 73,032
000256839900041 34,435
000256839900044 36,679
000256839900045 37,421
000256839900042 35,509
000256839900043 34,577
000256839900048 57,876
000256839900049 54,794
000256839900046 37,917
000256839900047 39,091
000303200400057 61,208
000303200400058 77,490
000303200400055 78,955
000303200400056 65,777
000303200400050 77,017
000303200400053 104,510
000303200400054 83,280
000303200400051 62,433
000303200400052 80,245
000303200400046 73,322
000303200400047 83,738
000303200400044 65,367
000303200400045 72,841
000303200400048 75,280
000300770500043 52,648
000300770500042 41,841
000303200400049 51,744
000300770500045 68,500
000220540100044 81,085
000300770500044 65,444
000220540100045 48,235
000220540100046 59,208
000300770500047 70,679
000300770500046 73,568
000303200400042 61,181
000300770500049 68,534
000303200400043 62,139
000300770500048 71,451
000303200400041 45,187
000245654500039 54,185
000245654500038 52,915
000245654500037 50,294
000220540100040 66,021
000220540100041 46,284
000220540100042 62,770
000220540100043 70,453
000300770500050 64,246
000286596500023 47,049
000286596500024 70,173
000300770500052 63,299
000300770500051 62,634
000300770500054 92,337
000300770500053 65,049
000300770500056 73,796
000300770500055 67,229
000286596500029 82,063
000286596500025 58,021
000286596500026 63,191
000286596500027 55,673
000286596500028 63,334
000179629200032 38,503
000179629200030 46,492
000179629200035 44,537
000179629200036 43,168
000179629200033 37,776
000179629200034 40,218
000179629200039 57,343
000179629200037 11,023
000179629200038 48,719
000220540100033 40,711
000220540100034 48,112
000220540100035 57,022
000220540100036 59,748
000220540100037 57,037
000220540100038 69,557
000220540100039 73,381
000179629200042 44,809
000179629200043 61,017
000179629200040 47,705
000220540100031 29,362
000220540100032 49,558
000179629200041 50,598
000179629200046 48,867
000179629200047 59,923
000179629200044 55,243
000179629200045 42,706
000179629200048 62,698
000179629200049 53,023
000179629200050 60,229
000179629200051 38,647
000179629200052 50,126
000224730800033 68,853
000224730800034 54,244
000224730800035 61,411
000224730800036 61,370
000224730800037 54,560
000224730800038 67,198
000224730800039 65,174
000224730800030 59,786
000224730800031 62,484
000224730800032 57,328
000253925600037 70,365
000180426800041 56,614
000180426800042 56,429
000253925600038 62,626
000253925600035 60,832
000180426800043 60,732
000253925600036 64,488
000180426800044 48,468
000253925600039 52,529
000180426800040 48,768
000180426800049 66,182
000253925600033 56,056
000180426800045 66,119
000253925600034 66,105
000180426800046 64,624
000180426800047 70,079
000253925600031 34,079
000180426800048 66,836
000253925600032 61,309
000179751800031 26,851
000179751800032 11,924
000371581600001 14,039
000179751800039 71,905
000179751800037 59,420
000179751800038 61,669
000179751800036 8,931
000179751800034 11,770
000180426800052 44,346
000245626800040 69,579
000180426800053 44,927
000245626800043 57,400
000245626800044 69,901
000180426800050 42,844
000245626800041 58,103
000245626800042 73,739
000180426800051 83,739
000088903600050 74,886
000088903600051 60,447
000245626800045 67,396
000245626800046 66,101
000245626800032 60,427
000245626800033 47,218
000245626800031 53,158
000088903600043 68,959
000088903600042 58,501
000088903600045 75,069
000088903600044 61,526
000088903600041 64,220
000088903600040 60,269
000245626800036 70,806
000245626800037 75,779
000245626800034 52,821
000245626800035 56,902
000088903600047 59,630
000088903600046 61,434
000245626800038 61,604
000088903600049 72,102
000088903600048 65,831
000245626800039 56,458
000253925600046 61,728
000253925600040 57,539
000180426800038 7,141
000253925600041 61,006
000180426800039 44,386
000253925600044 73,577
000180426800034 7,919
000253925600045 86,130
000180426800035 13,880
000253925600042 62,930
000180426800036 52,406
000253925600043 62,984
000180426800037 11,483
000088903600031 11,068
000088903600034 66,930
000088903600033 52,171
000088903600030 12,416
000088903600039 69,425
000088903600036 59,813
000179629200029 46,672
000088903600035 57,406
000088903600038 53,429
000088903600037 62,444
000305211700043 64,953
000248494400045 39,424
000248494400046 56,336
000305211700044 55,914
000248494400043 51,076
000305211700041 61,880
000305211700042 59,145
000248494400044 67,894
000248494400041 52,487
000305211700047 54,777
000305211700048 69,690
000248494400042 63,981
000305211700045 51,803
000305211700046 39,288
000248494400040 54,736
000305211700049 55,625
000297059700036 46,811
000248494400049 55,001
000297059700037 63,888
000297059700038 66,756
000248494400047 48,229
000248494400048 52,351
000297059700039 65,840
000297059700032 45,846
000297059700033 53,043
000297059700034 39,703
000297059700035 39,727
000248780200040 54,703
000248780200041 48,579
000248780200042 66,349
000297059700030 56,047
000248780200043 62,886
000248780200044 52,625
000297059700031 40,752
000305211700050 67,692
000305211700051 57,558
000305211700036 64,499
000305211700037 53,079
000305211700034 41,822
000248494400050 56,882
000305211700035 12,334
000305211700038 50,849
000305211700039 57,110
000248780200030 14,366
000248780200031 47,814
000248780200032 48,617
000248780200033 47,955
000248780200034 45,209
000248780200035 56,055
000248780200036 51,449
000248780200037 53,369
000248780200038 61,847
000305211700040 60,588
000248780200039 40,526
000238979700039 75,721
000236029400039 9,124
000238979700038 74,846
000238979700037 42,522
000236029400035 12,241
000236029400036 14,219
000236029400037 10,908
000236029400038 9,188
000179751800051 72,377
000179751800052 61,775
000179751800050 67,045
000236029400031 15,287
000236029400032 13,269
000236029400033 10,514
000236029400034 12,496
000179751800057 42,476
000238979700034 11,540
000179751800055 32,893
000179751800056 32,354
000236029400030 12,345
000238979700049 77,252
000238979700048 58,336
000238979700047 62,741
000236029400046 47,336
000236029400047 15,422
000236029400048 12,183
000236029400049 11,342
000248494400038 47,387
000248494400039 56,483
000248494400036 15,211
000248494400037 50,201
000179751800042 68,079
000179751800043 64,837
000179751800040 62,782
000179751800041 60,286
000236029400042 41,179
000238979700042 83,049
000238979700041 58,266
000236029400043 53,229
000238979700040 66,978
000179751800048 70,213
000236029400044 55,871
000236029400045 54,630
000179751800049 58,521
000238979700046 62,946
000179751800046 74,783
000179751800047 71,590
000238979700045 57,233
000238979700044 72,134
000236029400040 51,189
000179751800044 42,869
000179751800045 46,679
000238979700043 54,657
000236029400041 46,380
000260299100036 36,244
000260299100037 57,193
000260299100038 43,897
000260299100039 46,460
000260299100032 14,948
000260299100033 57,759
000260299100034 53,332
000260299100035 60,887
000355543400040 60,954
000238979700050 75,302
000260299100047 54,943
000260299100048 65,907
000228273700058 51,184
000355543400037 69,819
000260299100043 56,305
000355543400036 59,313
000260299100044 57,977
000228273700056 45,665
000355543400039 83,455
000260299100045 65,379
000355543400038 64,144
000228273700057 62,824
000260299100046 56,167
000260299100040 76,397
000260299100041 48,669
000260299100042 54,939
000355543400031 78,469
000355543400030 95,623
000355543400033 92,172
000355543400032 105,173
000355543400035 57,069
000355543400034 78,560
000355543400026 69,200
000228273700047 45,078
000228273700048 43,279
000228273700045 56,395
000355543400028 65,046
000355543400027 68,564
000228273700046 53,256
000355543400029 59,821
000228273700049 48,210
000228273700050 66,582
000228273700051 53,853
000228273700054 52,156
000228273700055 53,001
000228273700052 58,769
000228273700053 49,716
000248780200029 53,858
000228273700043 11,546
000228273700044 52,915
000237961600060 59,456
000237961600061 63,828
000237961600062 48,285
000224626500037 9,260
000224626500036 12,899
000224626500039 72,834
000293731900042 74,687
000293731900043 59,300
000293731900040 62,322
000293731900041 71,050
000309955800041 47,279
000309955800042 58,591
000309955800040 61,164
000309955800045 53,873
000309955800043 75,480
000309955800044 71,404
000175442500050 59,241
000224626500055 41,720
000224626500054 63,607
000224626500057 56,656
000224626500056 48,281
000224626500058 58,066
000224626500051 53,725
000224626500050 44,616
000224626500053 55,490
000224626500052 45,541
000228327600029 36,685
000340593100041 43,526
000340593100042 53,807
000340593100043 52,232
000175442500041 48,867
000175442500040 50,474
000340593100044 65,268
000175442500043 54,145
000175442500042 36,598
000175442500045 47,226
000340593100040 49,434
000175442500044 39,269
000224626500044 45,152
000224626500043 13,545
000224626500046 37,557
000224626500045 57,226
000279635200053 65,565
000224626500048 60,174
000224626500047 46,395
000224626500049 63,113
000279635200050 63,369
000279635200051 58,462
000279635200052 43,284
000224626500042 50,392
000224626500041 58,989
000340593100049 43,086
000175442500047 60,497
000175442500046 31,281
000175442500049 62,667
000175442500048 51,040
000340593100045 47,033
000340593100046 74,633
000340593100047 59,728
000340593100048 53,890
000358713300049 45,613
000358713300048 49,262
000358713300045 42,545
000358713300047 68,393
000358713300046 62,848
000358713300052 54,395
000358713300051 61,461
000358713300054 60,291
000358713300053 68,739
000358713300050 59,242
000358713300056 64,302
000358713300055 41,123
000358713300057 82,266
000309955800038 46,019
000309955800039 52,643
000284313100041 81,560
000309955800036 58,397
000284313100040 88,617
000309955800037 45,454
000284313100043 92,126
000284313100042 56,503
000284313100045 79,146
000284313100044 70,148
000284313100047 82,039
000284313100046 71,715
000284313100048 67,524
000309955800034 53,425
000309955800035 73,952
000309955800032 43,398
000309955800033 51,032
000284313100034 54,650
000284313100033 50,364
000284313100036 63,363
000284313100035 71,437
000284313100038 64,931
000284313100037 61,535
000284313100039 66,687
000086626000045 46,017
000086626000044 66,241
000086626000047 57,082
000086626000046 60,203
000086626000041 51,373
000086626000040 66,470
000086626000043 58,567
000086626000042 38,889
000358713300005 55,830
000358713300004 58,503
000358713300007 54,929
000358713300006 56,486
000358713300001 58,827
000358713300003 60,038
000358713300002 50,171
000086626000038 44,185
000086626000037 66,018
000358713300008 61,630
000086626000039 41,995
000086626000034 32,436
000086626000033 45,262
000086626000036 28,371
000086626000035 39,802
000086626000028 9,381
000086626000049 51,762
000086626000048 64,153
000228327600047 67,083
000228327600046 70,378
000340593100032 45,995
000244525600032 68,811
000340593100033 59,892
000360594100028 82,847
000228327600043 60,773
000360594100029 72,226
000228327600042 70,572
000228327600045 49,888
000228327600044 72,800
000360594100024 80,264
000279635200046 60,214
000279635200047 55,544
000360594100025 55,470
000360594100026 60,914
000228327600041 69,192
000279635200048 55,363
000228327600040 73,073
000279635200049 81,039
000360594100027 76,017
000279635200042 45,521
000279635200043 51,723
000279635200044 50,481
000279635200045 53,314
000360594100023 41,242
000279635200040 47,120
000279635200041 50,341
000244525600038 68,740
000340593100038 49,316
000340593100039 62,800
000244525600037 58,638
000244525600039 56,789
000244525600034 73,600
000340593100034 47,065
000244525600033 56,379
000340593100035 54,277
000244525600036 61,101
000340593100036 47,234
000244525600035 60,554
000228327600036 62,419
000244525600041 77,670
000244525600040 80,625
000228327600035 69,530
000244525600043 68,500
000228327600038 64,785
000244525600042 75,148
000228327600037 51,896
000279635200039 60,805
000360594100039 70,792
000228327600032 57,769
000228327600031 62,385
000228327600034 54,835
000228327600033 55,796
000360594100035 98,184
000360594100036 77,375
000228327600030 74,038
000279635200037 55,806
000360594100037 93,281
000360594100038 68,602
000279635200038 16,933
000360594100031 82,240
000360594100032 72,140
000360594100033 67,266
000360594100034 55,264
000360594100030 78,134
000244525600045 75,014
000228327600039 77,851
000244525600044 91,814
000237961600042 48,552
000237961600043 48,353
000237961600040 59,536
000086626000021 10,663
000237961600041 47,153
000237961600046 55,660
000237961600047 9,209
000237961600044 55,119
000237961600045 49,555
000237961600048 45,279
000237961600049 46,258
000360594100040 90,854
000360594100041 79,815
000086626000012 21,141
000237961600050 39,263
000237961600053 56,400
000237961600054 52,550
000237961600051 45,136
000237961600052 40,783
000237961600057 57,724
000237961600058 46,906
000237961600055 46,164
000237961600056 34,902
000237961600059 55,890
000234538400043 55,906
000234538400044 78,056
000234538400041 64,761
000234538400042 60,844
000234538400047 75,943
000238095100060 59,966
000234538400045 90,458
000234538400046 64,502
000174482200044 51,169
000292911200035 63,113
000292911200036 60,748
000174482200045 75,701
000174482200042 72,183
000292911200033 46,294
000174482200043 59,366
000292911200034 38,678
000174482200040 60,252
000292911200031 39,352
000174482200041 77,218
000292911200032 37,230
000238095100059 78,112
000174482200048 65,065
000174482200049 85,281
000174482200046 74,311
000174482200047 79,067
000238095100051 68,686
000238095100052 65,558
000238095100053 61,551
000238095100054 81,202
000238095100055 48,397
000238095100056 48,910
000234538400040 76,017
000238095100057 52,194
000238095100058 63,595
000292911200048 92,067
000292911200049 69,130
000234538400032 55,521
000234538400033 72,635
000234538400030 51,998
000234538400031 62,105
000234538400036 46,801
000234538400037 54,100
000234538400034 54,987
000234538400035 51,665
000292911200046 72,281
000292911200047 84,560
000234538400038 68,024
000292911200044 71,288
000292911200045 59,305
000234538400039 78,954
000292911200042 82,791
000292911200043 74,357
000292911200040 71,367
000292911200041 85,277
000292911200039 75,461
000292911200037 70,495
000292911200038 71,238
000316652300057 77,341
000316652300055 92,149
000316652300056 81,834
000316652300050 81,539
000316652300053 83,226
000316652300054 83,671
000316652300051 79,440
000316652300052 81,375
000358381400035 57,329
000358381400036 63,173
000358381400037 49,499
000358381400038 44,459
000358381400034 39,002
000358381400039 53,732
000316652300046 77,163
000316652300047 45,919
000316652300044 72,727
000316652300045 58,788
000316652300048 87,947
000316652300049 94,732
000358381400040 69,527
000358381400041 54,434
000316652300042 49,349
000238095100022 13,690
000316652300043 64,252
000238095100023 14,489
000316652300041 54,087
000358381400042 58,007
000358381400043 68,150
000358381400044 66,787
000358381400045 73,498
000223250700036 42,303
000223250700037 40,441
000223250700035 53,292
000238095100050 57,042
000087991200053 62,815
000174482200033 54,129
000174482200034 56,864
000087991200054 67,045
000087991200051 80,921
000174482200031 15,673
000174482200032 57,743
000087991200052 59,503
000087991200050 69,377
000174482200030 18,942
000223250700038 12,714
000223250700039 45,182
000238095100048 72,244
000238095100049 69,106
000174482200039 69,947
000174482200037 69,438
000174482200038 66,709
000174482200035 63,867
000087991200055 15,556
000174482200036 59,595
000223250700040 39,263
000238095100041 14,885
000238095100042 9,973
000238095100043 12,104
000238095100044 52,901
000238095100045 64,315
000238095100046 55,003
000238095100047 63,128
000251786600060 65,316
000223250700047 55,531
000223250700048 58,026
000223250700045 44,946
000223250700046 52,219
000223250700043 41,418
000251786600063 66,324
000223250700044 44,140
000251786600062 51,885
000223250700041 48,175
000251786600061 57,193
000223250700042 38,471
000223250700049 54,709
000317984400041 73,492
000317984400040 52,094
000317984400043 69,863
000317984400042 72,585
000223250700050 62,402
000223250700051 44,113
000317984400045 82,789
000317984400044 76,741
000317984400047 68,347
000317984400046 85,807
000183459700042 43,421
000183459700041 10,420
000183459700044 41,067
000183459700043 57,884
000223250700052 62,479
000183459700046 46,183
000223250700053 43,422
000183459700045 39,566
000183459700048 51,076
000183459700047 50,370
000183459700049 36,650
000317984400032 60,187
000317984400031 43,147
000317984400038 83,243
000317984400037 68,722
000317984400039 67,894
000317984400034 66,844
000243909400034 9,274
000243909400035 57,240
000317984400033 48,522
000317984400036 83,148
000317984400035 65,757
000243909400033 55,267
000350824300029 59,773
000350824300030 51,367
000350824300031 65,445
000258026500051 78,698
000258026500050 83,722
000350824300038 75,656
000350824300039 83,655
000350824300036 69,806
000350824300037 59,620
000350824300034 46,710
000251786600049 39,758
000350824300035 59,722
000350824300032 43,794
000251786600048 12,559
000350824300033 61,539
000251786600047 37,900
000251786600053 36,664
000251786600052 36,905
000251786600051 45,336
000251786600050 52,549
000350824300041 53,471
000350824300042 56,398
000350824300040 66,850
000258026500040 58,587
000258026500041 107,678
000251786600057 44,660
000258026500044 58,557
000258026500045 96,009
000251786600056 49,831
000251786600055 61,409
000258026500042 64,933
000251786600054 54,388
000258026500043 66,620
000258026500048 88,381
000258026500049 62,068
000258026500046 77,230
000251786600059 57,346
000258026500047 75,903
000251786600058 51,887
000258026500039 53,995
000175442500032 44,188
000175442500031 34,758
000175442500034 58,089
000258026500030 10,838
000175442500036 42,162
000258026500033 12,167
000175442500035 48,493
000258026500034 6,251
000175442500038 34,770
000258026500031 10,255
000175442500037 35,510
000258026500032 8,758
000258026500037 76,423
000258026500038 49,092
000175442500039 48,844
000317346300047 65,079
000258026500028 11,727
000258026500029 6,455
000317346300045 62,400
000317346300046 65,550
000317346300043 72,653
000317346300044 66,934
000317346300041 90,911
000317346300042 91,129
000317346300040 68,443
000317346300038 79,722
000183459700051 34,835
000243909400038 41,274
000317346300039 81,995
000183459700050 44,157
000243909400039 47,654
000183459700053 64,606
000317346300036 82,770
000243909400036 52,307
000317346300037 55,835
000243909400037 48,619
000183459700052 47,716
000293731900031 62,642
000183459700055 45,363
000317346300034 62,930
000317346300035 61,181
000293731900032 78,846
000183459700054 61,128
000293731900030 57,723
000183459700056 72,369
000317346300033 68,300
000293731900035 76,930
000243909400041 46,840
000293731900036 88,460
000243909400042 62,036
000293731900033 56,913
000243909400040 54,407
000293731900034 69,574
000293731900039 54,577
000243909400045 65,493
000243909400046 53,879
000293731900037 75,171
000243909400043 62,786
000293731900038 62,132
000243909400044 55,753
000243909400049 66,305
000243909400047 64,312
000243909400048 68,021
000293731900028 56,836
000293731900029 70,209
000293731900027 43,938
000085775300023 9,393
000276685000039 67,889
000186544300049 56,255
000186544300047 47,411
000276685000035 57,499
000276685000036 62,861
000186544300048 67,293
000276685000037 54,390
000186544300045 44,245
000186544300046 56,176
000276685000038 53,555
000186544300043 37,588
000276685000031 42,514
000276685000032 43,868
000186544300044 11,735
000276685000033 53,088
000186544300042 37,945
000276685000034 61,175
000186544300040 46,957
000276685000030 52,024
000085775300034 43,801
000085775300035 52,145
000085775300032 39,894
000085775300033 58,047
000085775300030 54,350
000085775300031 10,186
000085775300038 64,570
000276685000042 66,152
000085775300039 56,510
000085775300036 42,179
000085775300037 43,180
000276685000040 64,731
000276685000041 41,929
000186544300061 58,438
000186544300060 51,043
000186544300058 58,162
000186544300059 43,551
000186544300056 57,460
000186544300057 33,211
000186544300054 56,925
000186544300055 68,234
000186544300052 52,899
000186544300053 48,675
000186544300050 59,593
000186544300051 37,836
000085775300045 61,648
000085775300046 44,597
000085775300043 53,650
000085775300044 45,523
000085775300041 60,345
000085775300042 53,172
000326585600048 92,830
000176285600029 13,023
000326585600047 84,248
000085775300040 49,416
000326585600046 84,256
000326585600045 92,887
000326585600044 62,409
000326585600043 62,512
000326585600042 84,375
000326585600041 68,641
000326585600040 61,489
000330648100040 73,141
000330648100042 80,957
000330648100041 78,308
000176285600025 6,954
000330648100043 76,858
000276685000028 59,837
000276685000029 59,962
000330648100029 55,106
000330648100031 64,375
000330648100030 66,865
000330648100037 85,734
000176285600038 43,903
000330648100036 78,533
000176285600039 56,647
000330648100039 78,507
000330648100038 70,114
000330648100033 65,468
000330648100032 80,479
000330648100035 77,355
000330648100034 72,249
000261170600039 62,655
000261170600038 61,319
000261170600037 48,624
000261170600036 62,932
000261170600035 50,206
000261170600034 51,365
000087991200042 62,675
000261170600033 56,138
000087991200043 68,673
000261170600032 55,299
000087991200040 59,839
000261170600031 55,086
000261170600030 46,691
000087991200041 69,180
000176285600041 57,172
000176285600042 60,195
000087991200048 65,561
000176285600040 58,646
000087991200049 62,608
000087991200046 67,519
000087991200047 45,789
000087991200044 54,877
000087991200045 66,518
000176285600049 13,126
000330648100028 70,084
000176285600047 64,688
000176285600048 62,883
000176285600045 52,952
000176285600046 55,184
000176285600043 70,084
000176285600044 69,744
000326585600039 60,936
000326585600038 73,383
000326585600037 87,431
000326585600036 66,882
000326585600035 52,119
000326585600034 74,457
000261170600043 68,645
000087991200032 11,442
000326585600033 56,481
000261170600042 63,956
000261170600041 56,519
000326585600032 65,329
000326585600031 38,566
000261170600040 47,797
000087991200039 57,515
000176285600052 79,989
000176285600053 65,856
000176285600050 79,843
000087991200037 56,748
000087991200038 60,936
000176285600051 75,700
000087991200035 31,772
000087991200036 51,928
000087991200033 11,798
000087991200034 13,320
000247934500041 51,511
000247934500040 78,930
000247934500043 56,515
000247934500042 63,669
000247934500045 70,079
000247934500044 61,969
000247934500047 74,583
000247934500046 70,774
000261170600029 57,474
000261170600028 12,830
000331557800046 54,078
000172813300037 62,230
000172813300036 62,795
000172813300035 49,253
000172813300034 15,402
000172813300033 24,829
000331557800045 56,348
000331557800044 54,183
000331557800043 56,934
000331557800042 59,073
000331557800041 55,366
000331557800040 66,722
000295580300050 61,129
000295580300049 61,364
000295580300048 60,065
000295580300047 60,142
000295580300046 62,335
000295580300045 44,459
000295580300044 43,379
000295580300043 51,903
000295580300042 53,407
000295580300041 60,728
000295580300040 57,188
000331557800039 38,950
000331557800038 59,519
000331557800037 51,100
000295580300039 41,986
000295580300038 54,663
000331557800036 44,576
000331557800035 58,334
000295580300037 41,442
000331557800034 55,384
000295580300036 53,222
000331557800033 48,794
000331557800032 66,753
000172813300051 57,033
000172813300050 55,566
000294244300053 59,214
000172813300052 60,771
000172813300049 62,378
000294244300050 64,005
000294244300051 59,823
000294244300052 57,744
000294244300046 53,681
000172813300040 51,372
000294244300047 61,582
000294244300048 59,553
000294244300049 50,695
000294244300042 51,325
000294244300043 52,597
000294244300044 44,703
000294244300045 55,272
000172813300048 57,802
000172813300047 78,216
000172813300046 76,095
000172813300045 51,687
000172813300044 57,306
000172813300043 67,647
000172813300042 68,983
000172813300041 75,698
000172813300039 67,566
000172813300038 63,062
000294244300040 56,237
000294244300041 58,141
000281485600028 36,269
000281485600029 50,501
000281485600026 99,863
000281485600027 58,024
000281485600024 37,264
000281485600025 11,528
000281485600031 62,757
000281485600032 40,937
000281485600030 44,885
000247934500034 44,853
000247934500033 55,668
000247934500036 53,834
000281485600037 64,570
000281485600038 77,776
000247934500035 66,959
000247934500038 59,016
000281485600035 58,211
000247934500037 68,897
000281485600036 63,869
000281485600033 51,295
000247934500039 66,816
000281485600034 53,910
000166175600008 9,166
000181192300039 47,441
000181192300038 45,871
000240655700050 64,890
000263876700046 63,671
000240655700051 61,166
000263876700045 50,405
000263876700044 61,272
000263876700043 49,730
000263876700047 63,731
000291990000044 54,643
000291990000045 54,380
000291990000042 55,601
000291990000043 55,802
000291990000040 52,359
000263876700042 52,790
000263876700041 63,584
000291990000041 48,280
000263876700040 52,795
000291990000048 55,844
000291990000049 52,512
000291990000046 53,721
000291990000047 53,525
000351219600040 55,620
000351219600042 65,607
000351219600041 57,608
000351219600044 47,952
000181192300049 62,554
000351219600043 43,785
000181192300048 55,368
000351219600045 58,168
000181192300047 44,920
000220697200034 51,474
000291990000034 43,881
000220697200038 59,804
000220697200037 58,992
000220697200036 60,857
000220697200035 49,100
000181192300046 45,396
000181192300045 53,044
000181192300044 54,638
000291990000039 50,435
000181192300043 47,345
000220697200039 57,797
000291990000037 44,351
000181192300042 11,390
000291990000038 49,355
000181192300041 31,362
000181192300040 41,711
000291990000035 12,758
000291990000036 52,469
000271419200044 60,462
000271419200042 61,243
000271419200043 65,710
000271419200040 76,192
000271419200041 60,790
000220697200041 67,075
000220697200040 56,351
000220697200045 67,133
000220697200044 62,739
000220697200043 71,715
000220697200042 61,731
000220697200048 79,370
000220697200047 66,540
000220697200046 75,794
000271419200039 60,677
000271419200037 59,651
000271419200038 65,543
000271419200035 69,939
000271419200036 83,668
000271419200033 49,969
000271419200034 70,071
000271419200031 50,090
000271419200032 51,165
000271419200030 43,761
000263876700035 60,775
000263876700034 61,687
000263876700033 48,470
000263876700032 14,267
000263876700039 62,613
000263876700038 44,788
000263876700037 52,337
000263876700036 54,579
000263876700031 44,896
000291990000050 45,876
000320283400039 63,167
000320283400038 56,530
000294244300037 50,629
000294244300038 57,489
000294244300039 50,571
000320283400043 67,052
000320283400042 66,049
000320283400041 69,749
000320283400040 57,650
000320283400047 88,880
000320283400046 67,924
000320283400045 75,238
000320283400044 72,516
000320283400049 74,662
000320283400048 71,559
000320283400050 65,073
000320283400053 73,073
000320283400052 58,849
000320283400051 65,031
000351219600031 50,601
000351219600033 46,034
000351219600032 53,976
000351219600035 46,197
000351219600034 53,847
000351219600037 57,130
000351219600036 58,610
000351219600039 51,341
000351219600038 47,220
000289469100040 64,882
000289469100041 66,033
000289469100042 77,502
000240655700037 17,235
000289469100043 83,862
000240655700038 60,106
000240655700039 50,015
000289469100044 64,923
000289469100045 66,551
000289469100046 87,386
000289469100047 106,618
000289469100048 65,072
000181192300057 71,562
000181192300056 42,298
000181192300055 50,554
000181192300054 52,760
000181192300053 65,243
000181192300052 65,223
000181192300051 47,720
000181192300050 41,449
000240655700040 52,478
000240655700041 58,838
000240655700042 55,114
000240655700047 48,821
000240655700048 58,965
000240655700049 52,657
000289469100034 79,290
000240655700043 50,309
000240655700044 50,272
000289469100035 59,061
000289469100036 62,177
000240655700045 42,703
000289469100037 72,708
000240655700046 40,681
000289469100038 67,333
000289469100039 72,908
000292204300044 68,868
000292204300041 55,366
000292204300040 93,390
000292204300043 77,615
000292204300042 70,316
000168432800039 60,893
000354816500061 66,592
000354816500060 79,030
000168432800037 63,375
000168432800038 56,625
000168432800035 12,748
000168432800036 11,292
000168432800033 10,749
000168432800034 8,840
000320647000038 58,567
000320647000037 46,359
000320647000039 53,587
000320647000034 59,206
000320647000033 53,823
000320647000036 44,663
000320647000035 60,018
000349547400029 47,024
000349547400028 50,699
000168432800048 57,930
000168432800049 55,778
000168432800046 70,202
000168432800047 65,801
000168432800044 76,551
000168432800045 47,746
000168432800042 72,308
000168432800043 66,736
000168432800040 63,466
000168432800041 70,822
000292204300029 41,409
000354816500047 66,240
000168432800053 53,675
000168432800054 63,874
000354816500046 38,727
000168432800051 81,927
000354816500049 57,742
000168432800052 65,630
000354816500048 58,140
000168432800050 73,969
000292204300038 80,119
000292204300037 73,438
000292204300039 71,372
000292204300034 60,046
000292204300033 63,771
000292204300036 61,244
000292204300035 62,025
000292204300030 53,428
000292204300032 68,853
000292204300031 58,349
000354816500050 48,287
000354816500052 71,959
000354816500051 54,024
000354816500054 55,659
000354816500053 79,684
000354816500056 75,178
000354816500055 58,400
000354816500058 67,222
000354816500057 90,768
000354816500059 76,484
000188721800033 69,929
000188721800032 57,821
000188721800035 57,133
000188721800034 61,954
000182432600013 12,565
000349547400050 66,250
000182432600012 12,399
000188721800037 68,045
000188721800036 50,023
000188721800039 74,230
000188721800038 70,171
000310195800055 61,751
000310195800054 66,960
000310195800053 57,921
000310195800052 57,892
000310195800059 52,354
000310195800058 54,048
000310195800057 55,984
000310195800056 72,978
000310195800062 59,429
000310195800061 53,853
000310195800060 66,437
000349547400039 57,136
000349547400038 67,186
000310195800049 43,215
000349547400037 63,349
000310195800048 55,577
000310195800051 46,375
000168432800013 9,871
000310195800050 54,400
000168432800014 10,786
000349547400032 49,301
000349547400031 41,402
000349547400030 52,524
000349547400036 63,415
000349547400035 63,010
000349547400034 61,158
000349547400033 60,178
000349547400049 74,595
000349547400048 78,456
000320647000041 47,178
000320647000040 47,338
000320647000043 62,174
000320647000042 50,835
000168432800024 7,835
000168432800023 9,688
000349547400043 77,039
000349547400042 62,619
000320647000048 61,211
000349547400041 82,422
000349547400040 72,250
000349547400047 75,941
000320647000045 50,331
000349547400046 65,382
000320647000044 75,612
000320647000047 54,090
000349547400045 68,270
000349547400044 81,293
000320647000046 56,858
000257075800038 53,942
000257075800037 71,891
000257075800036 65,236
000257075800035 58,180
000257075800034 62,292
000292502700037 36,476
000182432600050 55,926
000182432600052 60,900
000292502700039 9,798
000182432600051 63,457
000292502700038 41,629
000257075800039 69,273
000182432600058 63,552
000182432600057 67,598
000182432600059 65,995
000182432600054 69,930
000182432600053 49,457
000182432600056 58,444
000182432600055 66,161
000257075800041 74,464
000257075800040 70,030
000257075800049 51,934
000257075800048 58,309
000257075800047 76,144
000257075800046 68,978
000257075800045 69,328
000257075800044 72,522
000257075800043 70,765
000257075800042 75,506
000182432600061 13,350
000182432600060 8,743
000182432600063 7,442
000182432600062 6,512
000257075800051 64,544
000257075800050 74,631
000292502700051 57,743
000286143400045 86,635
000286143400044 71,753
000292502700050 62,208
000292502700053 73,651
000286143400046 89,724
000292502700052 62,880
000286143400041 65,013
000286143400040 60,523
000292502700054 51,449
000286143400043 64,321
000286143400042 84,380
000182432600038 7,708
000182432600039 12,799
000292502700040 47,976
000286143400034 82,925
000286143400033 68,590
000286143400036 82,935
000292502700042 48,947
000286143400035 79,198
000292502700041 53,114
000292502700044 58,256
000286143400030 52,627
000292502700043 45,315
000292502700046 52,942
000286143400032 56,365
000286143400031 64,564
000292502700045 38,476
000292502700048 58,777
000292502700047 56,378
000182432600041 15,461
000292502700049 62,032
000182432600040 13,856
000182432600047 49,841
000182432600046 56,257
000182432600049 60,758
000182432600048 65,023
000182432600042 9,435
000182432600045 41,305
000182432600044 8,294
000286143400038 59,263
000286143400037 60,353
000286143400039 76,526
000354045700050 57,724
000231989500048 49,498
000231989500047 41,664
000231989500049 50,791
000231989500040 11,440
000231989500042 48,143
000231989500041 57,344
000231989500044 48,408
000231989500043 56,293
000231989500046 45,091
000231989500045 53,250
000354045700037 48,035
000354045700038 46,746
000354045700039 42,513
000354045700035 45,210
000354045700036 48,692
000231989500051 57,072
000231989500050 51,421
000231989500053 35,162
000231989500052 58,132
000231989500055 48,457
000231989500054 65,372
000354045700040 55,506
000354045700041 65,592
000354045700042 46,409
000354045700043 52,338
000354045700048 58,656
000354045700049 63,747
000354045700044 49,715
000354045700045 59,368
000354045700046 60,192
000354045700047 65,762
000176710400039 59,074
000176710400034 57,034
000176710400033 60,673
000176710400032 61,853
000176710400031 62,356
000176710400038 65,586
000176710400037 63,295
000089901900030 10,382
000176710400036 66,101
000089901900031 9,241
000176710400035 71,494
000089901900032 13,389
000222356800045 67,413
000089901900033 5,845
000222356800044 58,487
000089901900034 8,822
000335912900045 60,332
000222356800043 65,363
000222356800042 62,404
000335912900044 48,982
000089901900036 23,535
000176710400030 49,537
000222356800049 65,712
000335912900043 54,840
000089901900037 11,165
000335912900042 54,441
000222356800048 59,975
000089901900038 13,104
000335912900041 62,046
000222356800047 56,756
000089901900039 12,687
000335912900040 47,507
000222356800046 56,849
000242045800032 50,956
000242045800033 41,804
000242045800034 12,782
000242045800035 61,685
000222356800041 74,162
000242045800036 52,509
000242045800037 49,210
000222356800040 58,597
000242045800038 53,345
000242045800039 52,545
000237628800043 44,462
000176710400045 66,217
000176710400044 71,445
000237628800042 52,634
000176710400043 79,167
000237628800045 54,584
000237628800044 51,363
000176710400042 65,756
000176710400049 32,536
000089901900040 49,730
000089901900041 55,175
000335912900039 47,549
000335912900038 50,798
000237628800041 45,448
000089901900042 68,779
000237628800040 46,767
000176710400046 77,606
000089901900043 68,859
000335912900037 82,238
000089901900044 58,334
000335912900036 53,294
000335912900035 55,746
000089901900045 76,964
000089901900046 64,207
000335912900034 49,453
000222356800054 7,245
000089901900047 78,221
000335912900033 49,766
000176710400041 83,338
000089901900048 65,747
000335912900032 53,031
000237628800047 54,177
000089901900049 67,091
000335912900031 61,807
000176710400040 70,835
000242045800040 49,512
000237628800046 44,034
000335912900030 58,045
000242045800041 52,069
000237628800048 53,321
000242045800042 62,963
000242045800043 55,074
000242045800044 52,117
000242045800045 48,478
000242045800046 48,258
000222356800052 71,238
000242045800047 52,350
000222356800051 59,936
000242045800048 58,491
000222356800050 78,724
000221105300046 55,976
000330321000046 63,295
000221105300047 54,418
000221105300048 41,583
000330321000043 72,395
000221105300042 55,316
000330321000042 56,143
000221105300043 48,552
000330321000045 61,967
000221105300044 52,714
000330321000044 64,091
000221105300045 37,478
000250746200039 31,266
000237628800034 12,216
000237628800033 39,476
000089901900050 46,794
000089901900051 67,126
000089901900052 64,670
000089901900053 68,624
000089901900054 64,940
000250746200044 66,487
000089901900055 65,343
000250746200045 57,851
000237628800039 75,846
000089901900056 72,461
000250746200042 51,201
000089901900057 60,357
000250746200043 47,375
000237628800036 35,666
000237628800035 66,999
000237628800038 43,056
000237628800037 50,428
000330321000041 88,798
000221105300040 56,357
000330321000040 70,775
000221105300041 52,854
000250746200040 34,115
000250746200041 33,976
000221105300035 56,131
000221105300036 43,715
000221105300037 46,649
000176710400029 12,834
000221105300038 46,962
000176710400028 15,615
000221105300034 14,817
000221105300039 55,873
000250746200038 27,819
000224419700042 47,824
000224419700041 67,263
000224419700040 48,771
000224419700043 45,419
000270817700035 39,460
000250746200062 94,184
000270817700036 38,257
000250746200063 70,449
000250746200060 78,013
000270817700034 39,956
000250746200061 70,034
000270817700039 59,163
000270817700037 34,579
000270817700038 39,014
000224419700031 48,109
000224419700030 54,406
000250746200055 74,967
000250746200056 54,355
000250746200053 58,914
000250746200054 62,870
000250746200059 86,576
000250746200057 85,431
000250746200058 80,707
000270817700042 76,442
000224419700035 49,723
000270817700043 78,783
000224419700034 50,298
000224419700033 44,689
000270817700040 75,369
000270817700041 61,192
000224419700032 42,157
000270817700046 72,443
000224419700039 52,060
000250746200051 62,328
000250746200052 57,720
000270817700047 53,896
000224419700038 46,198
000224419700037 38,747
000270817700044 89,905
000224419700036 51,840
000270817700045 77,125
000250746200050 48,389
000270817700048 100,266
000270817700049 81,997
000176710400054 31,958
000176710400053 26,845
000089901900013 9,726
000224419700029 11,735
000089901900014 14,443
000176710400052 41,261
000270817700050 72,098
000176710400051 27,690
000176710400050 39,004
000270817700053 78,960
000270817700051 60,525
000270817700052 68,247
000089901900028 11,786
000089901900029 12,444
000175713000050 44,836
000175713000052 50,226
000175713000051 51,384
000175713000054 42,717
000175713000053 58,493
000175713000056 48,439
000175713000055 39,921
000175713000058 4,483
000175713000057 40,695
000188721800044 68,638
000188721800043 61,376
000188721800046 66,430
000188721800045 59,611
000188721800040 83,746
000175713000041 47,248
000188721800042 60,693
000188721800041 73,501
000175713000043 57,368
000175713000042 16,340
000175713000045 53,128
000175713000044 44,226
000175713000047 71,470
000175713000046 43,391
000175713000049 48,336
000175713000048 43,552
000285153500064 74,502
000285153500063 46,728
000285153500066 62,201
000285153500065 57,274
000285153500068 65,045
000285153500067 53,279
000285153500069 52,558
000285153500060 47,915
000285153500062 62,874
000285153500061 51,402
000175713000036 38,474
000285153500053 41,724
000285153500055 45,670
000285153500054 14,558
000285153500057 52,792
000285153500056 52,054
000285153500059 47,742
000285153500058 68,694
000330321000036 65,107
000330321000035 67,495
000330321000038 65,547
000330321000037 69,639
000330321000032 62,885
000330321000031 54,688
000330321000034 55,454
000330321000033 67,018
000330321000039 75,347
000330321000030 31,515
000222356800039 64,370
000222356800031 25,363
000222356800038 68,376
000222356800037 52,592
000222356800036 47,602
000088653800050 64,492
000261559900046 70,584
000261559900045 58,353
000261559900048 77,838
000261559900047 63,434
000281657300025 48,524
000261559900042 56,304
000261559900041 56,070
000261559900044 61,927
000281657300027 11,515
000261559900043 65,368
000281657300026 12,793
000088653800054 62,570
000088653800053 63,554
000261559900049 52,074
000088653800052 63,284
000088653800051 61,037
000356011500051 49,376
000356011500050 48,266
000356011500053 54,235
000356011500052 57,296
000356011500055 76,489
000356011500054 62,061
000356011500057 61,732
000356011500056 64,725
000261559900040 70,420
000356011500058 62,447
000281657300032 51,729
000281657300031 45,105
000281657300034 46,567
000281657300033 57,467
000261559900053 89,714
000281657300036 66,682
000281657300035 52,014
000261559900052 85,415
000281657300038 67,166
000261559900055 53,819
000261559900054 72,404
000281657300037 56,552
000088653800047 13,341
000088653800046 54,086
000088653800045 61,358
000088653800044 65,768
000088653800043 54,461
000088653800042 64,980
000088653800041 50,536
000281657300030 57,952
000088653800040 62,541
000356011500044 38,923
000088653800049 64,063
000088653800048 66,011
000356011500043 48,814
000281657300029 45,426
000356011500046 57,423
000356011500045 70,324
000281657300028 48,475
000261559900051 66,917
000356011500048 57,950
000261559900050 71,885
000356011500047 55,619
000356011500049 69,263
000226546200040 71,004
000226546200044 60,402
000226546200043 56,489
000226546200042 60,688
000226546200041 55,156
000284902100033 44,446
000088653800036 14,244
000088653800035 13,596
000284902100034 42,141
000284902100035 41,804
000088653800034 15,747
000284902100036 47,875
000088653800033 24,816
000088653800039 70,258
000088653800038 58,695
000088653800037 55,273
000226546200047 73,599
000226546200046 68,544
000226546200045 55,420
000261559900035 31,003
000261559900034 26,373
000261559900037 36,637
000261559900036 33,793
000226546200033 47,517
000088653800022 21,751
000261559900039 61,045
000261559900038 42,605
000226546200037 74,491
000226546200036 60,014
000226546200035 53,122
000226546200034 68,243
000226546200039 54,067
000226546200038 64,308
000088653800013 10,525
000088653800012 7,966
000256415300034 51,844
000256415300035 53,043
000253191400047 61,447
000256415300036 73,697
000256415300037 67,646
000256415300038 52,653
000253191400043 85,354
000256415300039 57,728
000253191400044 76,041
000253191400045 65,297
000253191400046 69,725
000253191400040 76,786
000253191400041 60,470
000253191400042 57,237
000256415300040 57,632
000256415300041 70,779
000256415300042 70,756
000256415300043 57,805
000256415300044 59,928
000256415300045 75,570
000253191400036 61,409
000256415300046 69,462
000256415300047 62,002
000253191400037 60,819
000253191400038 76,920
000256415300048 57,990
000253191400039 76,500
000256415300049 78,054
000253191400033 56,030
000253191400034 78,535
000253191400035 56,433
000281657300043 55,699
000281657300042 62,855
000281657300041 46,755
000281657300040 67,499
000281657300039 57,395
000312933800029 64,635
000312933800026 66,502
000312933800028 69,356
000312933800027 50,177
000087871700051 73,202
000087871700052 78,799
000183753900043 63,363
000183753900042 69,819
000183753900041 63,889
000183753900040 52,626
000087871700050 60,953
000183753900047 69,957
000183753900046 73,183
000183753900045 66,850
000183753900044 57,010
000183753900049 50,061
000183753900048 46,924
000087871700040 78,022
000087871700041 64,171
000087871700042 59,956
000087871700043 68,909
000087871700044 72,908
000087871700045 61,006
000087871700046 44,384
000087871700047 54,669
000252929500033 57,035
000252929500034 58,044
000252929500035 68,011
000252929500036 69,729
000252929500030 7,184
000252929500031 6,995
000252929500032 42,756
000252929500026 6,166
000183753900039 62,236
000252929500027 9,351
000252929500028 9,602
000252929500029 8,770
000087871700048 65,040
000087871700049 49,412
000087871700031 10,656
000087871700032 13,537
000087871700033 11,790
000087871700034 14,677
000087871700035 56,929
000087871700036 59,864
000256415300050 89,795
000084687400049 60,539
000084687400047 57,256
000084687400048 77,563
000087871700037 61,098
000084687400041 65,773
000087871700038 75,638
000084687400042 66,518
000087871700039 56,645
000084687400040 54,226
000084687400045 72,339
000084687400046 64,247
000084687400043 63,611
000084687400044 62,812
000087871700024 19,210
000087871700025 8,361
000183753900050 45,619
000183753900054 64,436
000183753900053 62,970
000183753900052 81,754
000183753900051 68,859
000084687400038 57,393
000084687400039 58,741
000183753900056 72,038
000084687400036 79,707
000183753900055 56,612
000084687400037 67,559
000084687400030 29,308
000084687400031 13,892
000084687400034 16,351
000084687400035 33,414
000084687400032 11,965
000084687400033 11,461
000288504000040 48,418
000288504000041 47,037
000288504000042 62,922
000288504000043 63,931
000288504000044 81,866
000288504000045 41,477
000288504000031 68,860
000288504000032 64,050
000288504000033 59,379
000288504000034 45,548
000084687400052 69,792
000288504000035 45,225
000084687400053 80,771
000288504000036 56,394
000084687400050 68,355
000288504000037 61,244
000084687400051 56,772
000288504000038 53,452
000288504000039 47,125
000084687400054 64,786
000252929500044 74,883
000252929500045 69,411
000252929500040 59,409
000252929500041 64,383
000275970600048 60,833
000252929500042 65,804
000252929500043 69,439
000309167100041 58,442
000275970600045 61,565
000309167100042 57,590
000275970600044 54,028
000275970600047 66,660
000309167100040 51,306
000275970600046 66,650
000252929500037 82,309
000309167100045 60,539
000275970600041 51,136
000309167100046 69,860
000252929500038 59,285
000275970600040 53,412
000252929500039 59,497
000309167100043 68,125
000275970600043 60,924
000309167100044 67,950
000275970600042 60,491
000309167100047 53,707
000275970600038 79,007
000275970600037 41,591
000275970600039 64,382
000275970600034 12,799
000275970600033 30,027
000275970600036 55,103
000275970600035 58,783
000275970600032 43,560
000088767700033 20,429
000088767700032 12,662
000088767700035 59,515
000088767700034 56,883
000088767700037 50,022
000088767700036 47,431
000088767700039 73,086
000088767700038 66,429
000087080100036 11,606
000087080100039 57,533
000087080100037 7,285
000087080100038 14,455
000088767700031 12,765
000088767700022 19,023
000088767700021 14,369
000087080100042 52,594
000087080100043 66,511
000087080100040 60,138
000087080100041 55,579
000087080100046 70,767
000087080100047 56,113
000086257700054 80,984
000087080100044 64,667
000086257700053 66,305
000086257700052 72,835
000087080100045 82,306
000086257700051 70,275
000086257700050 70,716
000087080100048 65,803
000087080100049 55,566
000087080100050 55,133
000165810000027 12,048
000088767700013 10,149
000087080100053 71,469
000087080100054 62,906
000087080100051 71,661
000087080100052 66,678
000087080100057 35,710
000087080100058 46,972
000087080100055 67,752
000087080100056 56,943
000087080100059 29,707
000087080100060 40,949
000087080100061 33,107
000165810000038 58,009
000165810000039 53,252
000165810000036 13,697
000087080100064 7,195
000165810000037 48,397
000087080100065 11,503
000087080100062 45,956
000165810000035 49,425
000184032700039 67,762
000184032700038 74,348
000281869000030 62,290
000281869000032 60,547
000281869000031 11,801
000184032700033 39,849
000184032700032 68,865
000184032700031 31,884
000184032700030 14,479
000184032700037 60,888
000307807600050 48,668
000184032700036 58,174
000184032700035 44,551
000184032700034 56,139
000285093700043 66,500
000285093700042 51,536
000285093700041 70,356
000285093700040 73,894
000285093700047 84,976
000285093700046 77,312
000285093700045 57,667
000285093700044 67,767
000184032700029 14,139
000285093700049 83,478
000285093700048 80,342
000285093700050 78,485
000307807600039 54,383
000307807600038 52,969
000307807600037 69,970
000307807600036 39,541
000307807600035 57,832
000183753900026 7,678
000307807600049 61,939
000307807600048 55,553
000307807600047 55,146
000307807600046 44,481
000307807600045 59,336
000307807600044 66,332
000183753900014 10,217
000183753900013 10,005
000307807600043 59,040
000307807600042 54,871
000307807600041 50,532
000307807600040 54,884
000279925900036 61,913
000279925900037 52,239
000279925900034 67,491
000279925900035 39,987
000279925900038 52,918
000279925900039 61,332
000183914700040 57,266
000317599200042 82,142
000183914700041 58,476
000183914700042 45,104
000279925900032 51,242
000279925900033 47,365
000279925900031 10,454
000317599200040 84,358
000183914700043 38,617
000317599200041 80,243
000183914700044 59,202
000279925900047 54,441
000279925900048 54,954
000279925900045 53,208
000279925900046 59,093
000279925900040 46,889
000183914700030 52,010
000183914700031 11,297
000279925900043 63,247
000279925900044 53,902
000279925900041 52,652
000279925900042 70,439
000183914700036 54,641
000183914700037 34,480
000183914700038 52,045
000183914700039 54,330
000183914700032 43,290
000183914700033 41,456
000183914700034 58,031
000183914700035 60,395
000285093700036 55,848
000285093700039 47,577
000317599200028 64,306
000285093700038 52,069
000317599200029 60,547
000285093700037 58,019
000281869000045 63,993
000281869000044 53,884
000281869000047 59,953
000281869000046 75,430
000235193100034 53,728
000317599200027 60,142
000235193100038 64,729
000235193100037 48,419
000235193100036 53,150
000235193100035 61,068
000235193100039 61,853
000317599200039 78,915
000281869000041 55,763
000281869000040 45,190
000281869000043 68,857
000281869000042 56,814
000317599200033 64,316
000281869000034 41,186
000317599200034 66,921
000281869000033 82,631
000317599200031 67,395
000281869000036 52,263
000317599200032 82,699
000281869000035 57,741
000317599200037 85,625
000281869000038 51,635
000281869000037 60,649
000317599200038 74,711
000317599200035 86,441
000281869000039 47,951
000317599200036 66,005
000317599200030 66,041
000244718100037 80,483
000244718100036 50,089
000244718100035 69,654
000165810000049 47,110
000244718100034 76,178
000284902100050 40,072
000244718100033 39,924
000165810000047 55,434
000165810000048 49,798
000165810000045 51,669
000165810000046 44,287
000165810000043 60,727
000222386000034 51,777
000165810000044 44,973
000222386000035 44,305
000165810000041 50,178
000222386000036 53,602
000165810000042 36,792
000222386000037 50,915
000222386000038 49,756
000284902100051 59,072
000165810000040 49,680
000222386000039 57,983
000284902100052 55,402
000235193100051 79,043
000235193100050 72,688
000284902100048 68,372
000284902100049 46,561
000222386000031 45,741
000222386000032 13,557
000222386000033 48,338
000244718100046 71,587
000244718100045 85,272
000244718100044 76,335
000244718100043 59,712
000244718100042 54,794
000244718100041 75,148
000244718100040 41,904
000284902100044 45,958
000222386000045 44,132
000222386000046 66,323
000284902100045 72,824
000284902100046 56,548
000284902100047 58,257
000284902100040 65,111
000165810000050 62,660
000284902100041 48,509
000284902100042 53,259
000284902100043 41,247
000235193100041 69,581
000187174000063 52,765
000235193100040 65,930
000187174000062 54,881
000187174000061 45,880
000222386000040 39,024
000187174000060 63,839
000284902100037 64,007
000222386000041 41,717
000235193100045 86,993
000187174000067 69,719
000187174000066 45,840
000235193100044 59,403
000284902100038 51,713
000222386000042 41,400
000235193100043 75,817
000284902100039 51,998
000187174000065 44,263
000222386000043 52,920
000222386000044 56,867
000235193100042 66,414
000187174000064 57,672
000235193100049 91,404
000235193100048 94,305
000235193100047 70,506
000088767700060 18,434
000235193100046 80,779
000088767700062 9,048
000088767700061 13,537
000244718100039 71,856
000088767700064 11,617
000244718100038 53,661
000088767700063 12,810
000088767700055 30,786
000088767700054 45,522
000088767700057 39,218
000088767700056 33,927
000088767700059 18,165
000088767700058 26,508
000086257700044 66,253
000086257700043 67,264
000187174000059 54,126
000187174000058 35,965
000086257700042 76,062
000187174000057 48,601
000086257700041 65,868
000086257700040 48,577
000187174000052 50,722
000187174000051 43,744
000187174000050 9,480
000086257700049 72,239
000086257700048 65,295
000187174000056 48,757
000086257700047 63,146
000187174000055 61,002
000086257700046 59,244
000187174000054 37,938
000086257700045 58,331
000187174000053 46,320
000088767700051 29,508
000088767700050 57,233
000088767700053 30,429
000088767700052 40,515
000088767700044 70,193
000088767700043 76,564
000088767700046 66,421
000088767700045 77,818
000088767700048 63,771
000088767700047 82,924
000088767700049 50,551
000187174000049 43,572
000187174000047 43,432
000187174000046 51,709
000187174000041 45,641
000086257700039 55,582
000086257700038 57,658
000086257700037 48,875
000187174000045 51,835
000086257700036 15,245
000187174000044 41,052
000187174000043 37,052
000086257700035 14,356
000187174000042 50,118
000086257700034 12,638
000088767700040 59,789
000088767700042 64,376
000088767700041 79,255
000259639700049 73,089
000315137700045 104,960
000315137700046 65,173
000259639700045 79,241
000259639700046 79,027
000259639700047 80,686
000259639700048 75,478
000315137700040 81,318
000315137700043 80,529
000315137700044 73,935
000315137700041 69,570
000315137700042 76,434
000362730200038 38,117
000235685700042 59,314
000235685700043 63,522
000362730200039 42,747
000235685700040 71,889
000235685700041 63,233
000259639700041 61,612
000235685700046 74,311
000235685700047 83,470
000259639700042 49,902
000235685700044 69,531
000259639700043 68,809
000362730200036 41,820
000259639700044 80,075
000235685700045 55,628
000362730200037 41,210
000235685700048 70,448
000259639700040 57,100
000235685700049 70,909
000315137700036 80,079
000315137700037 84,011
000315137700034 68,167
000315137700035 64,916
000362730200040 45,120
000315137700038 73,261
000315137700039 52,437
000315137700032 59,230
000315137700033 69,511
000315137700030 39,504
000315137700031 62,400
000362730200049 69,481
000259639700052 77,875
000362730200045 68,401
000235685700035 76,478
000235685700036 58,629
000362730200046 71,212
000259639700053 75,587
000362730200047 72,924
000362730200048 78,401
000235685700034 37,053
000362730200041 76,009
000235685700039 77,949
000362730200042 54,282
000235685700037 56,771
000362730200043 71,154
000259639700050 61,291
000259639700051 82,455
000235685700038 62,895
000362730200044 73,134
000362730200050 66,565
000362730200051 86,908
000322157900045 64,810
000322157900044 75,707
000362730200056 78,238
000322157900043 107,004
000322157900042 88,129
000322157900041 80,664
000362730200052 86,943
000322157900040 55,082
000362730200053 75,287
000362730200054 99,861
000362730200055 73,473
000259639700038 55,766
000259639700039 55,767
000259639700036 43,589
000259639700037 53,417
000322157900029 49,567
000322157900039 56,493
000322157900038 64,104
000322157900037 70,630
000322157900036 92,330
000322157900035 85,189
000322157900034 68,546
000322157900033 62,511
000322157900032 47,074
000322157900031 56,733
000322157900030 49,973
000176441200011 6,572
000176441200012 8,258
000176441200032 62,836
000176441200033 62,533
000176441200030 46,767
000270355600033 53,857
000270355600034 52,001
000176441200031 52,680
000270355600035 64,652
000270355600036 72,295
000270355600037 74,230
000270355600038 65,130
000270355600039 66,680
000176441200038 67,586
000176441200039 57,067
000176441200036 65,555
000176441200037 79,514
000176441200034 61,899
000176441200035 68,477
000176441200021 17,118
000176441200029 13,360
000176441200028 16,698
000235685700050 71,727
000235685700051 67,338
000312533100042 63,962
000312533100043 54,805
000312533100041 51,298
000360646800053 71,739
000360646800052 51,129
000360646800055 72,136
000360646800054 58,335
000360646800057 50,792
000232004800034 11,037
000360646800056 50,584
000360646800058 57,076
000232004800039 54,565
000360646800051 56,402
000360646800050 59,729
000312533100046 50,250
000312533100047 61,574
000312533100044 64,987
000312533100045 44,054
000312533100048 59,047
000312533100049 51,205
000360646800049 56,067
000312533100050 54,371
000312533100053 57,929
000312533100054 55,291
000312533100051 61,829
000232004800040 42,882
000312533100052 59,610
000232004800041 45,353
000360646800042 54,632
000232004800042 47,952
000360646800044 55,146
000232004800043 67,497
000232004800044 66,251
000360646800046 48,577
000232004800045 64,304
000232004800046 74,416
000360646800045 43,934
000360646800048 59,407
000232004800047 60,414
000232004800048 67,206
000360646800047 49,316
000232004800049 53,996
000360646800040 45,916
000312533100057 50,011
000312533100055 47,813
000312533100056 53,799
000171898900045 57,228
000171898900046 62,941
000171898900041 92,953
000171898900042 56,425
000232004800050 41,447
000171898900043 73,851
000171898900044 63,122
000232004800051 71,125
000232004800052 75,364
000232004800053 67,114
000232004800054 71,698
000232004800055 81,021
000232004800056 48,646
000232004800057 51,689
000366991900049 60,949
000366991900047 68,806
000366991900048 78,891
000366991900041 50,680
000366991900042 69,563
000171898900040 57,263
000366991900040 70,679
000366991900045 71,493
000366991900046 77,087
000366991900043 87,586
000366991900044 72,362
000085227300024 16,567
000171898900034 59,188
000171898900035 56,982
000171898900036 53,607
000171898900037 61,512
000171898900030 12,648
000171898900031 13,554
000171898900032 10,413
000089727400039 33,142
000089727400038 14,015
000171898900038 50,485
000089727400037 16,623
000171898900039 55,258
000366991900058 51,796
000366991900059 72,361
000366991900052 67,954
000366991900053 77,877
000366991900050 83,527
000366991900051 78,650
000366991900056 79,967
000366991900057 68,561
000366991900054 71,671
000366991900055 84,606
000089727400044 69,477
000089727400043 54,368
000089727400042 64,151
000089727400041 63,254
000089727400040 47,761
000089727400049 66,184
000089727400048 65,125
000089727400047 72,584
000089727400046 63,899
000171898900029 10,407
000089727400045 65,132
000089727400055 61,324
000089390700031 15,431
000089727400054 58,630
000089390700032 12,690
000089727400053 61,249
000089390700033 8,500
000089727400052 54,645
000089390700034 13,662
000089727400051 49,802
000089390700035 61,220
000089390700036 43,328
000089727400050 66,659
000089390700037 55,609
000089390700038 52,567
000089390700039 52,266
000089727400057 66,104
000089727400056 51,628
000089390700040 44,864
000089390700041 59,401
000270355600053 55,778
000270355600054 56,177
000270355600055 51,240
000270355600056 55,937
000270355600057 54,689
000270355600058 53,720
000270355600059 57,007
000223104900038 46,459
000223104900039 59,974
000223104900036 50,657
000223104900037 43,855
000223104900034 17,386
000223104900035 48,470
000223104900032 55,681
000223104900033 52,787
000223104900031 53,151
000270355600050 68,137
000270355600051 54,496
000270355600052 53,404
000270355600042 63,621
000176441200043 70,798
000270355600043 74,731
000176441200044 69,792
000176441200041 68,075
000270355600044 42,126
000176441200042 73,391
000270355600045 12,585
000270355600046 51,732
000176441200040 67,207
000270355600047 46,158
000270355600048 45,975
000270355600049 51,366
000085227300054 62,615
000223104900049 45,670
000085227300055 54,767
000223104900047 57,642
000085227300052 77,837
000085227300053 70,683
000223104900048 66,099
000223104900045 45,620
000085227300050 70,291
000085227300051 56,886
000223104900046 64,105
000223104900043 39,934
000223104900044 64,643
000223104900041 62,651
000223104900042 9,620
000223104900040 58,149
000270355600040 81,029
000176441200045 67,366
000085227300056 55,203
000085227300057 73,097
000270355600041 65,106
000085227300043 53,709
000085227300044 70,537
000085227300041 64,612
000085227300042 62,429
000085227300040 63,997
000085227300049 66,793
000085227300047 54,353
000085227300048 70,132
000085227300045 64,406
000085227300046 61,354
000223104900029 39,114
000089727400013 13,549
000089727400012 10,021
000085227300039 68,849
000085227300036 12,214
000085227300037 12,269
000085227300034 15,606
000085227300035 10,106
000323122200038 39,776
000323122200039 44,385
000313960700040 53,147
000313960700044 60,457
000337077500038 47,997
000337077500037 54,213
000313960700043 60,948
000313960700042 78,412
000313960700041 59,469
000337077500039 59,803
000337077500034 51,208
000313960700048 65,277
000337077500033 53,475
000313960700047 50,754
000337077500036 50,282
000313960700046 51,614
000313960700045 61,853
000323122200037 40,546
000337077500035 55,926
000337077500030 46,728
000337077500032 55,587
000337077500031 61,999
000323122200049 50,664
000323122200040 48,790
000323122200045 54,985
000323122200046 55,113
000323122200047 71,224
000323122200048 85,458
000323122200041 55,263
000337077500041 58,125
000323122200042 53,496
000337077500040 60,648
000337077500043 58,794
000323122200043 48,637
000337077500042 46,964
000323122200044 63,104
000323122200050 62,423
000323122200051 52,924
000336495800044 41,600
000336495800045 59,915
000336495800042 53,397
000336495800043 67,082
000323122200052 67,867
000336495800048 55,262
000336495800049 51,151
000336495800046 44,124
000336495800047 66,962
000336495800040 51,786
000336495800041 54,235
000336495800039 67,013
000336495800034 43,824
000336495800037 57,831
000336495800038 53,560
000336495800035 47,051
000336495800036 61,449
000261768300035 72,195
000261768300034 59,120
000261768300033 37,813
000261768300039 64,412
000261768300038 58,383
000261768300037 82,942
000261768300036 61,270
000084899700060 57,207
000261768300046 64,542
000261768300045 55,984
000261768300044 71,243
000261768300043 74,166
000261768300049 64,706
000261768300048 70,820
000084899700059 44,552
000084899700058 68,115
000261768300047 64,802
000084899700057 66,680
000084899700056 65,948
000084899700055 56,584
000084899700054 64,754
000084899700053 71,241
000261768300042 88,442
000084899700052 67,283
000261768300041 64,337
000261768300040 68,846
000084899700051 46,829
000084899700050 57,701
000261768300057 52,869
000261768300056 64,331
000261768300055 71,984
000261768300054 74,112
000084899700049 74,114
000084899700048 66,254
000084899700047 74,953
000084899700046 71,595
000084899700045 65,045
000084899700044 69,992
000084899700043 63,711
000261768300053 79,991
000084899700042 54,908
000261768300052 65,057
000084899700041 50,391
000261768300051 76,847
000084899700040 10,734
000261768300050 75,125
000084899700039 15,091
000084899700038 13,442
000084899700037 13,976
000313960700037 58,285
000313960700036 93,526
000313960700035 61,174
000313960700034 43,905
000313960700039 50,243
000313960700038 53,973
000175179400048 71,604
000175179400049 43,650
000175179400046 49,823
000175179400047 53,858
000175179400044 60,087
000175179400045 60,737
000339908000039 61,506
000339908000037 76,623
000339908000038 60,155
000339908000035 87,622
000339908000036 81,214
000339908000033 89,630
000339908000034 84,354
000175179400042 47,126
000339908000031 78,108
000339908000032 67,253
000175179400043 55,709
000175179400040 50,230
000339908000030 54,757
000175179400041 50,102
000231560400060 67,134
000231560400061 68,911
000086762000015 11,009
000086762000014 14,467
000175179400053 45,491
000175179400054 7,454
000175179400051 54,608
000339908000040 67,745
000175179400052 45,108
000175179400050 54,605
000231560400052 59,873
000231560400053 49,760
000231560400054 56,926
000231560400055 57,050
000178932000044 59,910
000231560400056 64,180
000231560400057 61,144
000178932000045 10,654
000231560400058 61,955
000231560400059 84,594
000175179400023 8,676
000178932000048 51,450
000178932000049 39,386
000178932000046 46,012
000178932000047 59,648
000231560400050 55,417
000231560400051 56,423
000231560400041 34,578
000175179400039 56,949
000231560400042 46,434
000231560400043 58,394
000175179400037 39,010
000231560400044 28,809
000175179400038 46,744
000175179400035 57,873
000231560400045 46,035
000231560400046 56,963
000175179400036 11,094
000231560400047 68,013
000231560400048 57,546
000175179400034 43,913
000231560400049 66,109
000290218300029 51,921
000178932000060 46,451
000178932000061 59,441
000290218300027 53,234
000290218300028 60,996
000290218300032 60,664
000290218300033 69,275
000231560400039 14,026
000290218300034 69,714
000290218300035 66,836
000290218300030 67,487
000290218300031 70,099
000178932000051 57,540
000178932000052 44,648
000178932000050 52,813
000290218300036 55,008
000178932000055 52,077
000178932000056 57,768
000290218300037 61,751
000290218300038 66,531
000178932000053 39,563
000178932000054 47,093
000290218300039 85,144
000178932000059 53,420
000178932000057 46,010
000178932000058 51,548
000184473600029 11,291
000290218300040 85,934
000290218300041 86,294
000336126000029 41,659
000336126000030 69,626
000336126000031 67,808
000336126000032 74,585
000336126000033 57,603
000336126000038 49,451
000336126000039 78,634
000336126000034 77,356
000336126000035 80,994
000336126000036 68,214
000336126000037 77,945
000266243700042 67,460
000266243700043 67,973
000266243700040 63,956
000266243700041 69,378
000266243700048 64,292
000266243700049 63,125
000266243700046 58,660
000266243700047 88,908
000266243700044 65,333
000266243700045 84,580
000266243700053 76,825
000266243700051 64,579
000266243700052 98,309
000266243700050 63,725
000247400500051 69,510
000247400500050 39,809
000176379000055 63,400
000176379000054 43,636
000176379000057 53,988
000176379000056 47,246
000176379000051 55,202
000176379000050 36,936
000176379000053 46,420
000176379000052 42,938
000176379000059 44,270
000176379000058 45,697
000223104900052 55,372
000223104900053 63,205
000223104900050 61,490
000223104900051 46,642
000266243700031 26,232
000176379000065 54,968
000266243700032 41,258
000176379000062 52,146
000176379000061 52,097
000176379000064 59,751
000176379000063 55,764
000266243700039 61,917
000266243700037 55,577
000266243700038 69,265
000266243700035 45,504
000266243700036 31,121
000266243700033 33,768
000266243700034 49,272
000176379000060 47,541
000089390700042 66,297
000089390700043 67,010
000176379000035 46,809
000089390700044 65,910
000089390700045 57,169
000089390700046 65,896
000089390700047 64,583
000089390700048 63,059
000089390700049 62,194
000179068100041 69,910
000179068100040 97,861
000179068100043 58,543
000179068100042 63,932
000089390700050 63,448
000089390700051 57,473
000179068100045 59,034
000179068100044 69,570
000089390700052 67,991
000176379000044 44,310
000089390700053 63,159
000089390700054 55,115
000176379000043 46,439
000176379000046 53,462
000176379000045 57,372
000089390700058 15,684
000176379000042 33,131
000089390700059 16,240
000176379000041 28,835
000176379000048 16,069
000176379000047 38,266
000176379000049 32,876
000089390700061 13,906
000247400500048 61,779
000247400500049 37,739
000247400500046 59,334
000247400500047 49,211
000247400500044 40,689
000179068100029 17,364
000247400500045 44,779
000247400500042 48,775
000247400500043 48,767
000247400500040 57,815
000247400500041 54,603
000314219600063 64,408
000314219600062 81,522
000314219600061 64,492
000314219600060 76,990
000179068100036 67,419
000247400500037 58,974
000171898900056 35,711
000179068100035 76,296
000171898900057 35,536
000247400500038 10,644
000179068100038 72,253
000179068100037 74,085
000171898900059 12,938
000171898900052 28,138
000179068100039 73,712
000171898900053 33,870
000171898900054 40,481
000171898900055 38,384
000314219600059 74,642
000314219600058 94,353
000314219600057 68,206
000314219600052 71,257
000314219600051 68,197
000314219600050 65,554
000314219600056 83,170
000314219600055 65,537
000314219600054 88,530
000314219600053 67,268
000179068100030 13,728
000171898900051 39,045
000179068100032 58,200
000179068100031 49,597
000179068100034 72,407
000247400500039 53,747
000179068100033 63,809
000326923000041 70,896
000326923000042 58,312
000314219600049 61,728
000181801200040 60,872
000314219600048 52,619
000314219600047 57,001
000181801200041 53,308
000181801200042 69,810
000314219600046 64,920
000181801200043 63,840
000222662400038 55,587
000222662400037 51,625
000181801200044 57,206
000181801200045 63,065
000222662400039 67,468
000181801200046 83,494
000181801200036 57,578
000222662400034 42,801
000222662400033 49,045
000181801200037 68,341
000181801200038 67,098
000222662400036 47,539
000181801200039 61,303
000222662400035 40,597
000222662400030 43,801
000222662400032 51,773
000222662400031 42,416
000326923000040 53,135
000173433600035 11,594
000173433600036 9,052
000173433600037 14,442
000220250200040 68,559
000173433600038 14,809
000220250200042 102,613
000220250200041 61,907
000220250200044 71,569
000220250200043 67,671
000181801200031 19,137
000220250200046 67,364
000181801200032 11,512
000220250200045 65,278
000181801200033 12,836
000220250200048 71,544
000181801200034 10,697
000220250200047 65,011
000181801200035 12,707
000220250200049 64,759
000222662400041 49,199
000222662400040 48,130
000222662400042 52,227
000173433600043 60,528
000173560900050 54,771
000173433600044 63,581
000173433600045 65,822
000173433600046 66,871
000173433600047 69,474
000173433600048 70,729
000173433600049 58,280
000326334300045 51,545
000326334300044 49,189
000326334300043 39,343
000326334300042 48,049
000326334300049 60,746
000326334300048 46,276
000326334300047 51,078
000326334300046 49,855
000326334300041 62,239
000326334300040 57,074
000173433600040 47,178
000173433600041 63,512
000173433600042 54,238
000173433600054 78,300
000173433600055 60,445
000173560900040 43,957
000173433600056 61,319
000173560900041 60,680
000173560900042 55,100
000173560900047 64,336
000173560900048 56,406
000173560900049 46,858
000222662400027 46,270
000173560900043 54,988
000173560900044 47,586
000222662400029 56,040
000173560900045 49,250
000173560900046 61,260
000222662400028 14,523
000181801200047 73,370
000181801200048 65,222
000326334300053 49,833
000173433600050 70,297
000326334300052 52,988
000173433600051 53,781
000326334300051 61,538
000326334300050 69,581
000173433600052 60,585
000173433600053 65,099
000173560900036 51,941
000173560900037 60,221
000173560900038 46,362
000173560900039 57,385
000173560900033 45,340
000173560900034 9,231
000173560900035 48,125
000173560900025 13,001
000326647600039 57,012
000326647600038 48,958
000326647600037 51,861
000326334300039 52,447
000326647600036 42,720
000326334300038 56,774
000326647600035 40,497
000326334300037 40,753
000326334300036 50,615
000326647600034 51,180
000326334300035 59,848
000326647600033 47,066
000326923000027 39,625
000326923000028 49,830
000326923000029 58,345
000220250200035 66,305
000220250200034 56,868
000220250200037 59,425
000220250200036 50,789
000220250200039 64,278
000220250200038 63,448
000223557400036 53,189
000223557400037 14,853
000223557400038 44,633
000223557400039 35,085
000326923000030 47,303
000326923000031 49,142
000326923000032 76,202
000326923000033 68,379
000326923000034 53,729
000326923000035 65,427
000326923000036 55,345
000326923000037 44,487
000326923000038 44,894
000326923000039 56,406
000223557400040 44,418
000223557400041 57,412
000181801200011 10,862
000223557400042 55,627
000181801200012 10,629
000223557400043 42,200
000223557400044 56,313
000223557400045 45,779
000223557400046 44,191
000223557400047 51,001
000220250200029 11,097
000223557400048 48,651
000223557400049 61,011
000336126000041 94,645
000349776300001 58,081
000336126000042 88,758
000336126000043 66,168
000223557400050 69,876
000336126000044 62,074
000223557400051 60,920
000228160700013 10,562
000336126000040 78,512
000228160700012 13,619
000315661500044 75,040
000315661500043 71,522
000315661500040 85,095
000315661500042 81,624
000315661500041 67,743
000228160700020 12,982
000228160700031 44,169
000184473600031 51,163
000228160700032 79,448
000184473600030 55,792
000228160700030 58,071
000228160700035 62,669
000184473600035 52,108
000228160700036 58,760
000184473600034 54,156
000184473600033 62,822
000228160700033 66,385
000228160700034 59,481
000184473600032 37,162
000326647600043 53,141
000184473600039 43,631
000228160700029 14,117
000326647600042 57,939
000184473600038 63,729
000184473600037 48,335
000326647600041 48,190
000184473600036 37,839
000326647600040 54,290
000326647600047 38,726
000326647600046 46,074
000326647600045 40,459
000326647600044 51,922
000262360200032 58,421
000262360200033 61,710
000262360200034 68,334
000262360200035 69,029
000262360200030 57,956
000262360200031 83,583
000228160700042 73,769
000184473600042 40,609
000228160700043 78,557
000184473600041 49,126
000228160700040 55,748
000184473600040 53,895
000228160700041 81,523
000228160700046 70,322
000228160700044 66,338
000184473600043 43,397
000228160700045 72,608
000228160700039 58,793
000315661500033 67,946
000315661500032 44,482
000228160700037 61,773
000315661500035 58,731
000315661500034 72,503
000228160700038 71,129
000315661500031 62,813
000315661500030 67,854
000315661500037 80,129
000262360200036 81,647
000262360200037 58,842
000315661500036 93,895
000262360200038 86,995
000315661500039 41,523
000315661500038 82,663
000227197300050 48,031
000227197300051 45,451
000228160700050 7,563
000227197300052 47,546
000227197300053 15,833
000287205700060 54,951
000228160700053 7,249
000287205700062 54,040
000228160700051 7,041
000228160700052 9,309
000287205700061 57,318
000287205700064 46,668
000287205700063 63,833
000287205700066 57,014
000287205700065 67,546
000287205700068 58,294
000287205700067 74,899
000287205700069 47,257
000228160700049 6,328
000321007000039 52,515
000321007000038 49,675
000321007000037 53,882
000321007000036 58,822
000321007000035 59,537
000262360200029 64,317
000321007000034 59,704
000321007000033 52,651
000321007000032 53,442
000262360200025 52,411
000321007000031 56,497
000262360200026 53,633
000321007000030 38,834
000262360200027 57,990
000262360200028 68,034
000227197300043 57,478
000227197300044 59,432
000227197300045 66,272
000227197300046 58,328
000227197300040 55,036
000227197300041 50,350
000227197300042 43,003
000227197300047 65,605
000227197300048 57,980
000227197300049 56,926
000321007000047 48,359
000321007000046 50,446
000321007000045 68,212
000321007000044 57,636
000321007000043 50,293
000321007000042 53,536
000321007000041 63,126
000321007000040 57,044
000227197300035 39,156
000227197300036 10,663
000227197300037 59,954
000227197300038 41,586
000227197300039 58,346
000287205700071 64,355
000287205700070 65,291
000287205700073 57,957
000287205700072 62,835
000227197300028 13,784
000339908000028 88,531
000339908000029 77,425
000339908000026 53,268
000339908000027 63,139
000327518600052 50,509
000327518600051 54,998
000327518600050 53,432
000327518600056 52,703
000327518600055 51,742
000327518600054 49,863
000327518600053 60,396
000327518600059 41,835
000327518600058 51,449
000327518600057 65,362
000270547500042 59,969
000270547500041 68,112
000270547500040 59,965
000271468000040 43,587
000271468000041 74,884
000173926000043 60,161
000173926000042 54,893
000173926000041 49,812
000173926000040 57,113
000271468000046 51,276
000271468000047 47,785
000271468000048 62,499
000271468000049 49,780
000271468000042 52,190
000271468000043 73,656
000271468000044 57,571
000271468000045 51,541
000271468000039 48,625
000173926000036 55,112
000173926000035 54,882
000173926000034 54,777
000173926000033 49,295
000173926000039 59,739
000173926000038 40,333
000173926000037 50,568
000168862900022 13,350
000173926000031 50,746
000168862900033 57,200
000168862900034 63,494
000168862900035 46,124
000168862900036 47,462
000168862900037 48,972
000168862900038 51,397
000168862900039 39,193
000168862900032 51,011
000168862900044 57,608
000168862900045 63,489
000168862900046 67,052
000168862900047 58,291
000168862900048 60,436
000168862900049 48,950
000168862900040 45,574
000168862900041 59,250
000168862900042 51,105
000168862900043 52,953
000168862900050 49,945
000291689000039 54,223
000168862900051 66,392
000291689000038 57,821
000168862900052 8,110
000291689000037 53,016
000291689000036 52,877
000291689000046 56,469
000291689000045 56,738
000291689000044 76,052
000291689000043 51,141
000291689000042 61,890
000291689000041 53,289
000291689000040 58,650
000273629700030 44,415
000273629700031 38,664
000273629700032 61,943
000273629700037 57,536
000273629700038 66,224
000273629700039 52,624
000273629700033 14,801
000273629700034 56,098
000273629700035 49,154
000273629700036 46,101
000296194200049 61,899
000271468000035 35,056
000271468000036 50,158
000271468000037 48,763
000271468000038 41,435
000271468000031 57,235
000271468000032 12,358
000271468000033 11,650
000271468000034 76,264
000273629700040 49,773
000273629700041 50,842
000273629700042 58,822
000273629700043 52,621
000296194200040 90,735
000296194200045 80,043
000173926000047 42,265
000273629700048 51,570
000296194200046 88,070
000173926000046 44,788
000296194200047 78,610
000173926000045 57,966
000173926000044 51,188
000296194200048 80,322
000296194200041 69,390
000273629700044 46,143
000273629700045 63,270
000296194200042 86,674
000173926000049 47,180
000296194200043 78,711
000273629700046 57,109
000173926000048 53,092
000273629700047 57,346
000296194200044 59,430
000300356400037 54,592
000300356400036 53,555
000300356400039 54,839
000300356400038 56,932
000270547500039 65,440
000270547500038 63,149
000300356400035 59,542
000270547500037 70,342
000300356400034 42,177
000270547500036 73,758
000270547500035 73,037
000270547500034 70,013
000270547500033 79,159
000270547500032 70,162
000270547500031 66,506
000270547500030 63,985
000355590500052 66,513
000355590500051 55,761
000355590500054 67,261
000355590500053 62,529
000270547500029 60,825
000300356400044 63,096
000270547500028 52,526
000300356400043 50,061
000300356400046 62,711
000270547500027 39,250
000300356400045 60,405
000300356400040 46,129
000300356400042 50,608
000300356400041 63,164
000355590500041 51,207
000355590500040 62,724
000355590500043 59,063
000355590500042 51,773
000355590500045 50,914
000355590500044 56,967
000355590500047 49,630
000355590500046 67,203
000355590500049 45,104
000355590500048 53,623
000355590500050 61,580
000355590500039 54,693
000291689000035 45,090
000291689000034 52,820
000291689000033 73,115
000291689000032 48,080
000291689000031 13,838
000087449500049 63,257
000087449500048 69,509
000087449500047 66,811
000087449500042 62,327
000261608300050 55,823
000087449500041 67,116
000087449500040 46,540
000261608300051 42,505
000261608300052 71,913
000087449500046 60,306
000087449500045 39,878
000087449500044 55,944
000087449500043 57,612
000261608300046 52,438
000261608300047 61,074
000261608300048 67,634
000261608300049 52,060
000087449500039 17,284
000087449500038 12,041
000087449500037 12,269
000087449500036 14,569
000087449500031 11,675
000087449500030 9,257
000087449500035 10,981
000087449500034 11,321
000087449500033 17,493
000087449500032 11,934
000087449500028 12,592
000087449500027 12,439
000087449500026 4,379
000087449500025 22,999
000340840600031 89,468
000340840600030 75,873
000340840600033 95,980
000340840600032 76,572
000087449500029 13,612
000340840600035 83,263
000340840600034 83,527
000340840600037 54,270
000340840600036 93,238
000340840600039 49,588
000340840600038 57,964
000087449500014 12,132
000340840600024 62,956
000340840600023 52,389
000340840600026 46,989
000340840600025 51,540
000340840600028 78,525
000340840600027 61,721
000340840600029 78,804
000265411200052 57,165
000265411200050 52,357
000265411200051 52,955
000296194200038 67,510
000246885600049 58,447
000296194200039 51,350
000246885600040 11,795
000296194200034 55,075
000246885600045 47,853
000296194200035 49,909
000246885600046 44,173
000296194200036 50,628
000246885600047 40,183
000246885600048 54,075
000296194200037 62,559
000246885600041 62,400
000246885600042 63,320
000246885600043 51,423
000246885600044 41,833
000246885600039 54,788
000222470600030 8,221
000222470600035 68,611
000222470600034 69,076
000222470600039 63,264
000222470600038 56,717
000222470600037 54,574
000222470600036 51,294
000087449500053 74,033
000087449500052 48,400
000087449500051 71,671
000087449500050 54,290
000087449500057 20,856
000087449500056 42,495
000087449500055 63,513
000087449500054 72,116
000246885600050 48,511
000246885600051 74,982
000246885600052 50,953
000246885600053 49,236
000294404300034 72,953
000294404300033 77,246
000294404300036 70,248
000294404300035 73,155
000294404300038 68,728
000294404300037 67,094
000294404300039 64,397
000294404300030 54,105
000294404300032 70,887
000294404300031 68,037
000171340500050 90,582
000171340500051 56,524
000171340500052 59,580
000173733000039 51,120
000171340500047 69,571
000171340500048 57,717
000171340500045 60,698
000171340500046 67,454
000294404300029 54,189
000171340500049 65,815
000294404300028 45,341
000173733000040 51,675
000173733000041 45,283
000173733000042 61,335
000171340500040 59,635
000173733000043 51,061
000173733000044 60,153
000173733000045 50,633
000171340500043 63,776
000173733000046 74,330
000171340500044 71,532
000173733000047 54,399
000171340500041 56,190
000173733000048 53,706
000171340500042 61,542
000173733000049 50,182
000222470600042 72,545
000222470600041 53,331
000222470600040 57,975
000222470600046 75,313
000222470600045 80,418
000222470600044 61,394
000222470600043 78,264
000265411200038 13,539
000265411200039 51,805
000222470600049 58,986
000222470600048 74,054
000265411200037 37,723
000222470600047 73,828
000265411200041 64,042
000265411200042 50,515
000265411200040 72,585
000222470600053 36,186
000222470600052 35,861
000222470600050 79,855
000222470600055 37,488
000222470600054 40,725
000265411200049 63,368
000265411200047 59,939
000265411200048 56,360
000265411200045 53,462
000265411200046 59,389
000265411200043 53,953
000265411200044 63,008
000327518600063 58,007
000327518600062 54,393
000327518600061 49,084
000327518600060 57,056
000327518600064 80,609
000343799700053 63,736
000343799700050 44,855
000343799700051 59,634
000343799700052 65,469
000343799700046 50,767
000343799700047 61,583
000343799700048 57,260
000343799700049 72,116
000261608300033 14,781
000261608300034 35,532
000343799700042 53,578
000343799700043 50,833
000343799700044 54,355
000343799700045 52,204
000343799700040 57,422
000343799700041 49,514
000343799700039 56,537
000343799700035 41,955
000343799700036 48,154
000343799700037 45,148
000343799700038 53,117
000261608300040 42,686
000261608300041 59,978
000294404300041 81,337
000261608300042 69,524
000294404300040 80,161
000261608300043 52,000
000261608300044 58,477
000294404300043 82,876
000294404300042 56,919
000261608300045 57,831
000261608300035 52,759
000261608300036 62,974
000261608300037 48,645
000261608300038 48,175
000261608300039 42,892
000304099100048 82,057
000304099100049 75,701
000304099100046 83,828
000304099100047 83,500
000304099100044 57,011
000304099100045 78,024
000227174600038 70,419
000304099100042 76,482
000227174600039 72,434
000304099100043 81,664
000304099100040 87,330
000227174600036 57,664
000227174600037 60,570
000304099100041 76,451
000227174600034 56,787
000227174600035 61,118
000227174600032 62,516
000227174600033 64,678
000227174600041 60,462
000227174600042 63,601
000227174600040 64,271
000227174600049 72,973
000227174600047 62,807
000227174600048 67,619
000227174600045 75,980
000227174600046 59,267
000227174600043 66,310
000227174600044 60,616
000227174600050 51,299
000227174600051 11,171
000166616000035 62,292
000166616000036 49,740
000166616000037 47,843
000166616000038 52,420
000166616000034 55,985
000166616000039 41,006
000166616000040 70,746
000166616000041 45,775
000166616000046 59,738
000166616000047 64,916
000166616000048 54,947
000166616000042 57,588
000166616000043 50,256
000166616000044 63,694
000166616000045 48,399
000171340500014 9,649
000171340500013 12,071
000171340500036 12,904
000171340500037 55,599
000171340500034 12,638
000171340500035 15,735
000171237200038 53,915
000171237200039 39,742
000171340500038 75,366
000171340500039 53,375
000171237200037 46,217
000227174600012 11,007
000227174600013 10,451
000227174600011 14,122
000173733000033 22,513
000173733000034 12,024
000173733000035 52,759
000173733000036 45,131
000171340500033 15,442
000173733000037 34,696
000173733000038 47,712
000171340500023 11,478
000171340500024 7,164
000227174600021 14,319
000227174600022 8,917
000227174600030 11,538
000227174600031 10,095
000173733000024 12,666
000171237200052 35,951
000323888300029 54,895
000171237200050 51,579
000171237200051 51,354
000323888300036 70,307
000171237200045 55,738
000323888300037 90,529
000171237200046 55,036
000323888300038 73,059
000171237200043 52,050
000323888300039 88,313
000171237200044 54,924
000323888300032 58,983
000171237200049 67,412
000323888300033 66,960
000323888300034 75,453
000171237200047 50,525
000323888300035 78,676
000171237200048 56,988
000171237200041 49,485
000171237200042 60,928
000171237200040 38,822
000323888300030 62,253
000323888300031 57,565
000269314000043 59,714
000269314000044 78,845
000269314000045 84,942
000346310800052 90,460
000346310800053 84,985
000346310800050 74,495
000346310800051 92,780
000269314000040 86,810
000269314000041 56,592
000269314000042 62,590
000172130200055 55,810
000269314000032 86,777
000269314000033 66,959
000269314000034 80,872
000269314000035 76,155
000269314000036 94,021
000269314000037 78,418
000269314000038 57,471
000269314000039 61,714
000269314000030 70,622
000269314000031 66,908
000172130200050 51,993
000172130200054 38,150
000172130200053 52,513
000172130200052 50,299
000172130200051 57,518
000172130200047 60,933
000172130200046 76,674
000172130200045 51,494
000172130200044 49,277
000172130200049 50,693
000172130200048 63,703
000346310800038 72,435
000346310800039 71,518
000346310800036 59,215
000346310800037 53,381
000172130200043 59,135
000172130200042 38,549
000172130200041 52,676
000172130200040 49,276
000172130200039 66,633
000172130200038 37,340
000346310800041 86,483
000346310800042 89,561
000346310800040 56,059
000346310800045 57,075
000346310800046 64,370
000346310800043 72,735
000346310800044 77,613
000346310800049 76,417
000346310800047 55,437
000346310800048 70,230
000328575300050 70,531
000328575300051 100,308
000328575300054 72,160
000328575300055 84,314
000328575300052 89,749
000328575300053 73,805
000328575300058 81,220
000328575300056 98,474
000328575300057 81,982
000323888300040 94,444
000323888300041 79,769
000304099100039 79,840
000304099100037 78,582
000304099100038 63,257
000328575300043 62,248
000304099100035 55,575
000304099100036 62,770
000328575300044 70,471
000304099100033 68,341
000304099100034 92,872
000328575300042 32,885
000328575300047 70,675
000328575300048 72,689
000304099100032 62,914
000328575300045 71,825
000328575300046 64,405
000328575300049 57,152
000183181800048 48,899
000183181800046 50,920
000183181800047 47,985
000236765300034 35,204
000183181800040 35,923
000183181800041 53,339
000183181800044 61,651
000183181800045 59,885
000183181800042 55,498
000183181800043 52,353
000236765300038 12,922
000236765300035 39,831
000236765300036 33,921
000236765300039 54,484
000183181800037 49,488
000183181800038 47,178
000183181800035 45,619
000183181800036 49,155
000183181800039 51,509
000183181800033 28,523
000183181800034 7,285
000341362800042 59,851
000341362800041 60,905
000341362800044 59,700
000341362800043 66,590
000341362800049 74,618
000341362800046 86,200
000341362800045 62,668
000341362800048 83,099
000341362800047 58,334
000236765300051 51,620
000236765300052 52,398
000236765300050 64,530
000236765300053 40,717
000236765300054 43,126
000279402700026 57,904
000341362800053 95,416
000188530800039 42,249
000341362800052 62,654
000188530800038 55,870
000341362800055 92,175
000188530800037 58,398
000341362800054 90,549
000188530800036 52,548
000279402700028 40,998
000188530800035 41,091
000188530800034 47,444
000279402700027 13,313
000188530800033 54,777
000341362800051 89,339
000341362800050 86,569
000279402700029 41,904
000188530800032 44,041
000188530800031 9,875
000341362800056 70,994
000236765300040 44,127
000236765300041 50,100
000236765300044 51,263
000236765300045 44,365
000236765300042 32,715
000236765300043 49,454
000188530800046 51,947
000188530800045 48,866
000188530800044 45,861
000188530800043 54,130
000236765300048 62,102
000188530800042 52,617
000236765300049 52,669
000188530800041 52,246
000188530800040 58,007
000236765300046 60,341
000236765300047 41,954
000283329100035 56,940
000283329100036 43,779
000283329100033 68,922
000279402700040 46,041
000283329100034 59,541
000283329100031 55,139
000283329100032 54,535
000283329100030 57,894
000283329100028 64,141
000221644600028 26,909
000283329100029 50,579
000221644600029 44,539
000283329100027 12,825
000283329100044 50,136
000283329100045 59,769
000283329100042 49,719
000221644600030 44,343
000334474500040 60,999
000221644600031 42,436
000283329100043 51,917
000334474500041 54,211
000283329100040 58,222
000221644600032 59,285
000221644600033 55,352
000283329100041 47,680
000279402700035 58,463
000279402700034 42,700
000279402700037 45,500
000279402700036 55,273
000279402700031 54,600
000279402700030 51,978
000279402700033 43,920
000279402700032 55,988
000279402700039 53,050
000279402700038 50,498
000221644600034 78,003
000221644600035 77,106
000221644600036 73,997
000221644600037 59,903
000221644600038 71,510
000283329100039 57,618
000221644600039 63,543
000283329100037 56,167
000283329100038 50,765
000221644600040 63,800
000221644600041 64,642
000303233400040 60,659
000303233400041 43,181
000334474500030 58,428
000221644600042 75,926
000221644600043 77,544
000303233400042 44,289
000334474500031 45,961
000303233400043 51,229
000334474500032 62,037
000334474500033 54,053
000303233400044 37,202
000334474500034 58,360
000303233400045 50,630
000334474500035 45,943
000303233400046 66,183
000303233400047 69,299
000334474500036 70,124
000334474500037 48,616
000303233400048 63,575
000334474500038 60,205
000303233400049 64,492
000334474500039 59,482
000221644600045 36,558
000221644600046 33,910
000221644600047 34,216
000221644600048 38,160
000221644600049 36,820
000221644600050 36,571
000303233400050 48,450
000303233400051 60,219
000303233400052 70,419
000334474500027 51,892
000334474500028 57,419
000334474500029 53,540
000280766100038 59,974
000255249300051 53,020
000255249300052 52,539
000280766100037 54,897
000255249300050 52,956
000280766100039 86,195
000303233400037 45,481
000303233400038 51,818
000303233400039 44,903
000255249300055 49,898
000255249300053 52,215
000255249300054 50,322
000280766100041 68,004
000280766100040 67,599
000280766100029 44,362
000280766100028 78,593
000280766100034 71,382
000280766100033 64,870
000280766100036 79,875
000280766100035 76,707
000280766100030 58,377
000280766100032 67,111
000280766100031 72,204
000247030700034 10,454
000247030700035 71,375
000247030700038 61,411
000173981300050 44,671
000247030700039 79,345
000173981300052 34,293
000247030700036 53,095
000173981300051 47,790
000247030700037 61,643
000173981300054 51,644
000173981300053 65,414
000173981300056 45,662
000173981300055 62,138
000173981300058 39,606
000247030700041 71,077
000173981300057 60,355
000247030700042 83,258
000247030700040 64,902
000173981300041 42,478
000173981300043 42,247
000173981300042 9,142
000173981300045 42,096
000173981300044 57,625
000173981300047 44,383
000173981300046 44,011
000173981300049 47,110
000173981300048 60,924
000255249300041 15,215
000173981300032 16,794
000255249300044 50,976
000255249300045 40,858
000255249300042 46,936
000255249300043 67,534
000255249300048 48,344
000255249300049 70,217
000255249300046 54,630
000255249300047 45,133
000247030700045 63,090
000247030700046 56,309
000247030700043 60,209
000247030700044 70,147
000247030700047 62,239
000247030700048 74,752
000226492300049 55,893
000351171900041 76,219
000351171900042 66,280
000226492300048 64,841
000351171900043 77,700
000351171900044 86,053
000351171900045 75,904
000351171900046 75,457
000226492300041 40,900
000226492300040 52,781
000226492300043 43,215
000226492300042 54,961
000226492300045 44,644
000226492300044 56,157
000226492300047 61,599
000226492300046 62,284
000226492300050 55,646
000226492300038 52,090
000351171900031 69,973
000226492300037 60,134
000351171900032 56,313
000226492300039 52,688
000351171900033 60,074
000351171900034 72,655
000351171900035 63,548
000351171900036 58,858
000351171900037 70,582
000351171900038 65,949
000351171900039 59,234
000226492300036 54,677
000226492300035 16,378
000351171900040 65,357
000086454300029 57,761
000086454300028 55,533
000086454300023 12,796
000086454300022 11,929
000086454300025 14,214
000086454300024 11,974
000086454300027 6,086
000086454300026 8,603
000268723700054 56,902
000268723700051 64,316
000268723700050 64,268
000086454300041 60,780
000268723700053 69,992
000268723700052 58,543
000086454300040 65,292
000268723700044 59,076
000268723700043 47,018
000268723700046 48,989
000268723700045 49,622
000268723700040 51,004
000268723700042 57,836
000086454300030 50,406
000268723700041 53,410
000086454300039 53,956
000086454300032 53,251
000086454300031 48,553
000086454300034 48,769
000086454300033 64,274
000086454300036 50,576
000268723700048 66,911
000268723700047 60,357
000086454300035 40,700
000086454300038 62,245
000268723700049 52,317
000086454300037 54,244
000334096300030 45,587
000334096300034 47,645
000334096300033 60,250
000334096300032 62,994
000334096300031 49,238
000334096300038 42,382
000334096300037 60,675
000334096300036 60,892
000334096300035 55,080
000268723700039 49,256
000268723700038 15,546
000334096300027 56,778
000334096300029 44,789
000334096300028 62,823
000359386900031 59,635
000359386900030 81,182
000359386900026 85,801
000359386900025 67,709
000359386900028 79,849
000359386900027 76,896
000243867300035 78,268
000359386900022 43,658
000359386900024 61,930
000359386900023 67,479
000243867300039 59,546
000243867300038 66,604
000243867300037 59,663
000243867300036 72,790
000359386900029 63,127
000220000100049 48,211
000220000100047 48,540
000220000100048 48,783
000220000100045 55,235
000220000100046 50,173
000359386900037 85,249
000243867300042 44,001
000220000100043 46,465
000243867300041 70,931
000359386900036 62,222
000220000100044 53,360
000359386900039 88,808
000243867300040 61,533
000220000100041 50,894
000359386900038 79,593
000220000100042 58,783
000243867300046 76,204
000359386900033 54,604
000359386900032 75,958
000220000100040 68,334
000243867300045 64,885
000243867300044 77,427
000359386900035 98,088
000359386900034 82,288
000243867300043 60,030
000243867300048 101,332
000243867300047 84,862
000220000100038 44,978
000220000100039 54,602
000220000100036 45,766
000220000100037 60,799
000220000100034 34,450
000220000100035 39,323
000277829200032 52,589
000220000100032 11,213
000277829200033 61,894
000220000100033 51,787
000277829200031 49,745
000220000100031 37,953
000277829200036 67,861
000277829200037 78,404
000277829200034 61,981
000277829200035 61,415
000089946000037 12,531
000089946000030 13,122
000089946000054 60,757
000089946000053 52,204
000089946000056 59,280
000089946000055 55,236
000089946000057 54,123
000089946000050 55,595
000089946000052 60,444
000089946000051 46,203
000277829200038 67,334
000277829200039 73,470
000277829200043 81,787
000089946000043 43,376
000277829200044 61,626
000089946000042 69,639
000089946000045 40,745
000277829200041 71,004
000089946000044 53,200
000277829200042 67,420
000089946000047 52,483
000277829200047 75,943
000089946000046 34,253
000089946000049 40,772
000277829200045 76,960
000277829200046 66,598
000089946000048 44,196
000277829200040 76,689
000089946000041 54,343
000304647900039 52,964
000324248800031 35,541
000324248800038 50,656
000324248800039 56,510
000324248800036 38,757
000324248800037 44,817
000324248800034 49,883
000324248800035 49,610
000324248800032 49,562
000324248800033 38,310
000304647900048 39,304
000304647900047 57,791
000304647900049 55,163
000351602800046 71,824
000351602800047 59,721
000304647900044 61,808
000351602800048 77,806
000304647900043 52,759
000304647900046 52,057
000351602800049 70,677
000304647900045 56,600
000304647900040 9,687
000304647900042 56,258
000304647900041 42,940
000324248800041 57,167
000324248800042 57,943
000324248800040 54,111
000324248800047 68,173
000351602800050 55,924
000324248800045 64,681
000324248800046 55,641
000351602800051 66,399
000351602800052 59,487
000324248800043 44,455
000324248800044 52,629
000351602800053 90,806
000351602800054 80,303
000351602800055 90,116
000351602800056 90,138
000351602800057 64,804
000304647900055 54,083
000351602800058 74,280
000304647900054 48,285
000351602800059 55,751
000304647900056 61,343
000304647900051 54,942
000304647900050 73,720
000304647900053 44,168
000304647900052 63,333
000351602800060 61,455
000325436100045 63,715
000177677500043 62,840
000177677500042 91,000
000325436100044 54,498
000325436100047 76,113
000177677500041 66,483
000177677500040 69,198
000325436100046 66,148
000325436100049 65,305
000325436100048 66,569
000177677500049 47,708
000177677500048 67,400
000325436100041 72,049
000177677500047 59,556
000177677500046 58,658
000325436100040 49,938
000177677500045 72,283
000325436100043 51,139
000177677500044 48,452
000325436100042 56,651
000186258000054 48,466
000186258000053 46,738
000186258000056 51,377
000186258000055 55,368
000186258000050 46,975
000186258000052 49,099
000186258000051 57,175
000177677500032 11,158
000177677500031 21,002
000177677500039 56,576
000177677500038 58,068
000177677500037 59,023
000177677500036 62,331
000177677500035 34,167
000177677500034 15,335
000177677500033 14,832
000186258000039 44,487
000186258000036 48,921
000186258000035 62,421
000186258000038 35,478
000186258000037 44,923
000325436100055 85,910
000325436100050 85,286
000325436100052 77,660
000186258000047 49,637
000186258000046 46,304
000325436100051 66,648
000325436100054 71,302
000186258000049 54,778
000186258000048 56,017
000325436100053 73,034
000186258000043 36,203
000186258000042 40,903
000186258000045 53,470
000186258000044 56,674
000186258000041 13,613
000186258000040 50,986
000221243000046 54,080
000221243000047 46,230
000221243000044 63,921
000221243000045 47,489
000221243000048 67,438
000280196500032 55,348
000280196500033 77,203
000280196500030 70,128
000280196500031 58,987
000224136000051 44,686
000188875300039 72,141
000280196500036 62,125
000224136000052 50,309
000280196500037 49,409
000280196500034 61,740
000280196500035 59,150
000280196500038 63,595
000280196500039 44,611
000224136000050 43,193
000188875300033 64,223
000188875300034 56,458
000221243000042 55,206
000188875300035 61,404
000221243000043 58,982
000188875300036 60,715
000221243000040 49,468
000188875300037 67,625
000221243000041 50,594
000188875300038 69,432
000224136000048 56,896
000280196500040 53,525
000224136000049 63,546
000224136000044 47,529
000224136000045 59,772
000280196500041 66,949
000224136000046 47,647
000224136000047 60,537
000280196500042 61,864
000224136000040 59,233
000224136000041 39,340
000224136000042 56,250
000224136000043 44,547
000238724500036 70,598
000238724500037 49,864
000238724500038 75,698
000238724500039 78,659
000238724500032 73,861
000238724500033 73,320
000238724500034 64,182
000238724500035 71,128
000253165700050 55,883
000238724500031 40,209
000085423100060 66,235
000221243000035 55,633
000221243000036 43,080
000221243000033 8,718
000221243000034 59,023
000221243000039 44,175
000188875300040 91,329
000221243000037 49,127
000188875300041 56,952
000221243000038 59,744
000238724500028 18,722
000085423100057 72,666
000280196500029 53,791
000085423100056 63,078
000280196500027 17,136
000085423100059 77,801
000085423100058 63,418
000280196500028 14,880
000085423100053 54,738
000188875300042 65,082
000085423100052 74,964
000188875300043 80,566
000188875300044 66,648
000085423100055 53,162
000188875300045 65,249
000085423100054 78,222
000188875300046 74,454
000085423100051 71,857
000085423100050 71,443
000224136000018 6,523
000085423100049 68,464
000085423100046 59,227
000085423100045 63,147
000085423100048 60,408
000085423100047 60,872
000085423100042 55,143
000085423100041 49,480
000085423100044 53,390
000085423100043 51,508
000253165700035 43,081
000253165700036 12,149
000253165700037 51,529
000253165700038 53,788
000085423100040 16,754
000253165700039 41,989
000238724500043 89,954
000085423100039 13,430
000238724500044 76,179
000085423100038 19,450
000238724500045 80,845
000238724500040 63,204
000253165700040 57,695
000253165700041 49,936
000238724500041 81,177
000238724500042 78,194
000253165700042 68,757
000253165700043 49,655
000253165700044 43,458
000253165700045 41,771
000253165700046 52,454
000253165700047 60,894
000253165700048 50,678
000253165700049 62,731
000224136000037 42,862
000224136000038 15,738
000224136000039 52,238
000226492300051 50,225
000366678600057 81,685
000366678600058 69,398
000366678600050 69,657
000366678600051 65,516
000366678600052 79,761
000366678600053 68,020
000366678600054 82,358
000366678600055 86,958
000366678600056 67,382
000222241600039 51,463
000222241600038 63,417
000222241600037 10,653
000222241600031 41,139
000284836700046 61,635
000284836700041 79,371
000284836700040 64,247
000284836700043 62,480
000188316400029 10,663
000284836700042 71,748
000284836700045 73,482
000284836700044 64,512
000188316400028 51,459
000222241600049 51,679
000222241600046 40,083
000222241600045 52,388
000185387700049 43,825
000185387700048 57,804
000222241600048 46,277
000185387700047 41,281
000222241600047 75,852
000222241600042 56,644
000222241600041 48,310
000222241600044 46,274
000222241600043 42,745
000222241600040 50,226
000284836700036 73,730
000284836700035 61,180
000284836700038 64,046
000284836700037 63,573
000284836700039 63,223
000185387700046 61,881
000185387700045 59,791
000185387700044 52,195
000185387700043 47,552
000185387700042 53,251
000284836700032 68,227
000284836700031 39,528
000185387700041 47,640
000284836700034 69,973
000185387700040 59,627
000284836700033 55,916
000239154300033 46,496
000239154300034 8,639
000239154300035 60,480
000185387700039 50,178
000185387700038 57,953
000185387700037 41,978
000185387700036 37,366
000222241600052 50,503
000188316400040 55,077
000239154300036 58,451
000239154300037 45,578
000222241600051 47,633
000239154300038 52,810
000222241600050 47,502
000239154300039 45,486
000297285600045 69,888
000297285600046 60,140
000297285600043 51,972
000297285600044 77,226
000297285600049 84,571
000188316400043 53,627
000188316400044 54,963
000297285600047 63,018
000188316400041 51,195
000297285600048 67,363
000188316400042 43,837
000185387700035 54,547
000185387700034 14,785
000297285600041 64,903
000297285600042 62,259
000297285600056 72,381
000188316400036 64,426
000188316400037 64,178
000297285600054 79,905
000188316400034 40,298
000297285600055 76,775
000188316400035 47,295
000188316400032 40,985
000188316400033 51,812
000188316400030 59,817
000188316400031 51,952
000297285600052 60,932
000297285600053 60,808
000188316400038 60,070
000297285600050 88,178
000297285600051 78,882
000188316400039 45,219
000294852400027 79,548
000089124000037 62,808
000294852400026 72,580
000089124000038 47,168
000089124000035 37,624
000294852400029 73,972
000294852400028 74,154
000089124000036 65,003
000089124000033 10,122
000089124000034 12,227
000089124000031 10,659
000089124000032 16,141
000236736700030 63,318
000236736700031 64,742
000294852400023 53,826
000236736700032 64,459
000294852400022 34,333
000089124000039 67,478
000236736700033 68,773
000294852400025 68,508
000294852400024 63,392
000236736700034 74,717
000236736700035 80,246
000236736700036 63,158
000236736700037 60,653
000236736700038 62,331
000236736700039 81,959
000089124000030 19,039
000089124000021 12,253
000294852400030 55,707
000294852400032 94,805
000236736700040 69,063
000294852400031 106,890
000236736700041 58,679
000294852400034 71,038
000236736700042 87,907
000236736700043 55,069
000294852400033 80,971
000294852400036 70,423
000236736700044 77,929
000236736700045 64,911
000294852400035 85,708
000236736700046 62,300
000352974200029 39,399
000089124000013 9,631
000236736700028 13,454
000300287100050 78,658
000300287100051 76,837
000330724000035 48,574
000330724000037 47,821
000330724000036 49,471
000330724000039 49,573
000330724000038 52,669
000325755100050 62,074
000330724000044 63,849
000330724000043 54,609
000330724000046 65,698
000330724000045 60,244
000300287100033 34,107
000300287100034 42,521
000300287100035 40,046
000330724000040 52,398
000325755100043 50,544
000325755100042 51,368
000325755100041 71,429
000325755100040 56,745
000330724000041 56,480
000325755100047 57,553
000325755100046 47,412
000325755100045 52,084
000325755100044 49,687
000300287100036 36,933
000300287100037 57,249
000325755100049 48,084
000300287100038 56,924
000300287100039 58,556
000325755100048 44,613
000089124000051 74,536
000089124000052 80,374
000089124000050 78,240
000089124000048 77,701
000089124000049 55,803
000089124000046 65,564
000089124000047 67,276
000089124000044 70,648
000089124000045 72,752
000089124000042 56,689
000089124000043 50,376
000300287100043 81,618
000300287100044 75,834
000300287100045 72,864
000300287100046 80,007
000300287100040 74,059
000300287100041 67,480
000300287100042 82,160
000325755100036 54,531
000325755100035 64,072
000325755100034 49,642
000300287100047 71,175
000300287100048 79,550
000325755100039 63,361
000325755100038 66,320
000300287100049 77,706
000325755100037 58,885
000089124000040 63,118
000089124000041 79,140
000356425400045 44,904
000356425400046 55,093
000356425400047 59,146
000356425400048 67,965
000356425400049 67,798
000356425400050 67,776
000356425400051 63,574
000356425400052 68,591
000356425400053 82,062
000356425400054 74,966
000356425400055 75,086
000356425400056 66,987
000169875200061 42,460
000356425400057 70,034
000169875200060 51,404
000356425400058 82,208
000356425400059 70,788
000169875200062 53,306
000169875200058 37,029
000267063500040 79,161
000169875200057 53,050
000169875200056 53,030
000267063500041 73,475
000267063500042 62,734
000169875200055 49,180
000234722200041 38,445
000267063500043 75,291
000267063500044 88,488
000234722200040 54,790
000267063500045 63,434
000267063500046 80,639
000169875200059 56,788
000267063500047 72,605
000267063500048 65,609
000267063500049 79,915
000221383300044 46,367
000221383300045 65,242
000221383300042 41,813
000221383300043 51,125
000221383300048 53,981
000221383300049 63,996
000221383300046 56,079
000221383300047 44,970
000169875200050 47,795
000234722200045 48,735
000234722200044 47,398
000234722200043 55,678
000234722200042 64,790
000169875200054 46,436
000221383300040 58,214
000221383300041 38,451
000169875200053 58,902
000169875200052 39,268
000234722200046 56,883
000169875200051 33,634
000169875200047 42,842
000267063500031 8,817
000267063500032 44,674
000234722200030 12,636
000267063500033 88,621
000169875200049 48,959
000267063500034 63,179
000267063500035 58,547
000169875200048 82,080
000267063500036 60,986
000267063500037 53,207
000267063500038 64,521
000221383300039 15,654
000267063500039 65,614
000178510400050 76,792
000178510400052 55,728
000178510400051 62,741
000234722200039 43,495
000221383300038 6,854
000234722200034 43,914
000234722200033 41,407
000234722200032 48,894
000234722200031 15,213
000234722200038 43,827
000169875200042 38,615
000234722200037 47,643
000234722200036 51,915
000234722200035 48,562
000178510400043 56,005
000178510400042 53,728
000178510400045 64,318
000178510400044 57,732
000178510400041 56,695
000178510400040 39,553
000178510400047 49,882
000352974200039 66,521
000178510400046 61,148
000352974200037 70,838
000178510400049 54,306
000352974200038 74,719
000178510400048 47,081
000352974200035 72,848
000352974200036 67,778
000352974200033 75,766
000352974200034 78,736
000352974200031 66,597
000352974200032 73,923
000352974200030 63,088
000178510400039 60,326
000221383300053 51,546
000221383300054 48,226
000178510400038 15,622
000352974200046 78,979
000352974200044 84,639
000352974200045 75,496
000352974200042 72,168
000221383300051 42,191
000221383300052 53,922
000352974200043 72,542
000352974200040 68,675
000352974200041 77,150
000221383300050 46,683
000304344500036 49,457
000171608000013 10,328
000304344500037 66,759
000304344500034 52,510
000304344500035 60,074
000171608000014 7,079
000239154300050 65,826
000304344500038 56,752
000304344500039 72,325
000304344500047 85,506
000239154300043 42,086
000304344500048 88,077
000239154300044 56,015
000239154300045 51,555
000304344500045 91,981
000304344500046 74,038
000239154300046 35,653
000239154300040 45,515
000239154300041 44,067
000304344500049 78,503
000239154300042 60,162
000304344500040 75,041
000239154300047 54,464
000304344500043 65,742
000239154300048 60,977
000304344500044 88,348
000304344500041 64,943
000239154300049 58,613
000304344500042 103,673
000171608000035 46,443
000171608000034 13,728
000171608000037 70,474
000171608000036 61,416
000171608000031 19,264
000171608000033 14,733
000171608000032 15,179
000171608000039 48,944
000171608000038 65,034
000171608000040 62,594
000171608000046 69,957
000171608000045 74,275
000171608000048 71,827
000171608000047 64,107
000171608000042 80,354
000171608000041 74,070
000171608000044 58,421
000171608000043 67,300
000333746100059 72,045
000333746100058 43,159
000167401600040 52,629
000236204300033 45,075
000329995000031 59,298
000333746100051 60,650
000236204300034 54,969
000333746100050 60,703
000329995000030 54,558
000329995000033 68,048
000236204300031 38,346
000333746100053 57,125
000167401600042 51,929
000333746100052 60,219
000329995000032 49,670
000167401600041 59,554
000236204300032 10,857
000329995000035 79,732
000333746100055 49,447
000167401600044 56,659
000167401600043 49,389
000236204300030 37,658
000329995000034 63,194
000333746100054 60,436
000329995000037 65,833
000333746100057 52,066
000167401600046 53,788
000167401600045 53,039
000333746100056 50,225
000329995000036 68,661
000329995000039 94,788
000167401600048 66,453
000329995000038 69,885
000167401600047 48,211
000236204300039 35,030
000167401600049 57,024
000236204300037 52,808
000236204300038 37,260
000236204300035 55,983
000236204300036 39,020
000165995800024 10,324
000165995800038 44,134
000165995800039 50,942
000165995800036 43,618
000333746100049 48,681
000165995800037 52,445
000167401600037 68,596
000167401600036 51,468
000167401600039 52,827
000167401600038 43,943
000329995000029 46,764
000165995800034 50,802
000165995800035 36,647
000165995800049 61,877
000259265200040 65,409
000259265200042 57,216
000165995800047 60,719
000165995800048 54,604
000259265200041 77,582
000354877900040 51,932
000259265200048 41,881
000259265200047 62,851
000354877900042 79,310
000354877900041 49,050
000259265200049 67,855
000259265200044 62,719
000354877900044 47,618
000259265200043 78,426
000354877900043 61,829
000354877900046 53,286
000259265200046 64,856
000354877900045 60,482
000259265200045 83,947
000354877900047 50,029
000165995800041 63,816
000165995800042 57,503
000165995800040 64,506
000165995800045 43,102
000165995800046 60,046
000165995800043 51,352
000165995800044 52,540
000259265200051 83,143
000259265200050 86,865
000333746100062 58,420
000236204300044 57,247
000333746100061 59,233
000236204300045 59,851
000236204300042 39,651
000236204300043 43,860
000236204300040 48,831
000236204300041 68,532
000236204300048 52,797
000333746100060 53,881
000236204300046 56,165
000236204300047 52,873
000165995800050 57,806
000295121500045 49,711
000295121500046 46,683
000295121500043 51,047
000348775000039 67,201
000295121500044 57,803
000348775000037 61,253
000295121500041 61,917
000348775000038 84,064
000295121500042 67,294
000348775000035 67,753
000295121500040 58,268
000348775000036 58,108
000348775000033 64,877
000348775000034 44,949
000295121500049 72,422
000295121500047 60,804
000295121500048 41,232
000295121500034 46,411
000295121500035 53,185
000295121500033 49,182
000348775000048 83,784
000228221500039 53,249
000348775000049 81,919
000228221500037 45,352
000348775000046 87,668
000348775000047 75,285
000228221500038 40,178
000228221500035 43,754
000228221500036 57,900
000265754600055 76,876
000228221500033 37,801
000354877900031 50,629
000265754600052 67,819
000265754600053 83,011
000228221500034 6,767
000354877900033 53,038
000265754600050 80,652
000354877900032 55,739
000265754600051 77,571
000354877900035 44,096
000354877900034 59,183
000354877900037 59,140
000354877900036 45,192
000354877900039 47,488
000354877900038 59,951
000348775000044 88,275
000348775000045 86,059
000348775000042 58,217
000348775000043 72,228
000295121500038 47,601
000348775000040 89,878
000295121500039 53,809
000348775000041 61,080
000295121500036 59,714
000295121500037 50,213
000265754600043 63,681
000265754600044 73,903
000265754600041 57,485
000265754600042 68,827
000265754600040 78,906
000171448800056 60,975
000171448800055 54,836
000265754600049 73,818
000171448800054 57,745
000265754600047 57,856
000171448800053 58,534
000265754600048 81,506
000171448800052 61,880
000265754600045 73,271
000171448800051 50,295
000265754600046 66,107
000171448800050 55,296
000329995000040 84,365
000329995000042 74,311
000167401600051 58,285
000167401600050 64,140
000329995000041 74,189
000329995000044 86,243
000329995000043 68,465
000167401600052 59,344
000265754600038 32,907
000265754600039 54,921
000171448800039 44,972
000171448800046 57,136
000171448800045 41,527
000171448800044 36,378
000171448800043 44,339
000171448800042 52,221
000171448800041 38,346
000171448800040 60,770
000171448800049 31,362
000171448800048 54,986
000171448800047 64,174
000286635900057 56,763
000286635900056 56,056
000286635900055 67,795
000286635900054 64,522
000286635900053 56,271
000286635900052 60,307
000286635900051 59,564
000286635900050 44,279
000286635900049 53,279
000286635900048 47,202
000286635900047 58,815
000286635900046 57,308
000286635900045 53,314
000286635900044 51,212
000286635900043 45,828
000286635900042 7,505
000245280100035 41,663
000245280100036 45,499
000245280100037 39,269
000245280100038 53,238
000245280100039 54,510
000245280100031 53,178
000245280100032 16,355
000245280100033 13,937
000245280100034 60,563
000245280100046 69,731
000245280100047 53,139
000245280100048 56,898
000245280100040 60,290
000245280100041 45,651
000245280100042 60,930
000245280100043 38,667
000245280100044 53,990
000245280100045 43,921
000278598400029 47,519
000268036600051 45,317
000268036600050 67,798
000268036600048 48,845
000278598400038 63,291
000268036600047 74,185
000278598400039 62,096
000278598400036 47,069
000278598400037 55,144
000268036600049 60,659
000268036600044 64,972
000268036600043 50,424
000268036600046 68,023
000268036600045 49,044
000268036600040 41,789
000268036600042 52,009
000268036600041 56,246
000278598400030 44,596
000278598400031 48,038
000278598400034 60,387
000278598400035 52,355
000278598400032 60,439
000278598400033 50,924
000268036600037 50,147
000268036600036 15,834
000268036600039 49,889
000268036600038 51,153
000268036600035 43,911
000268036600034 64,368
000174712600048 45,868
000174712600049 51,698
000174712600046 12,384
000174712600047 49,952
000174712600044 36,117
000174712600045 28,460
000174712600042 48,488
000174712600043 26,155
000174712600040 30,810
000174712600041 27,589
000249126800037 51,664
000249126800038 47,306
000249126800035 49,543
000249126800036 53,496
000249126800039 50,670
000249126800030 9,392
000249126800033 37,436
000249126800034 46,671
000249126800031 56,167
000249126800032 58,372
000174712600035 61,215
000244752200036 56,554
000244752200035 48,966
000244752200034 53,822
000244752200033 48,966
000244752200038 68,870
000244752200037 48,185
000228221500046 40,761
000228221500047 55,334
000228221500044 42,934
000228221500045 74,550
000228221500042 52,790
000228221500043 37,401
000228221500040 49,488
000228221500041 59,859
000278598400041 50,907
000278598400042 76,446
000278598400040 68,437
000244752200032 41,440
000244752200031 51,468
000278598400043 55,492
000244752200030 56,227
000278598400044 64,110
000244752200025 46,140
000244752200024 62,149
000244752200023 10,356
000244752200029 54,928
000244752200028 51,955
000244752200027 36,111
000244752200026 45,269
000249126800040 58,510
000249126800041 58,747
000249126800044 59,593
000249126800042 54,622
000249126800043 45,280
000179340400034 62,739
000179340400036 62,025
000179340400035 62,602
000179340400038 58,199
000179340400037 63,306
000179340400039 73,862
000179340400045 66,562
000179340400044 75,047
000179340400047 69,162
000259265200031 29,720
000179340400046 45,559
000259265200030 33,269
000179340400048 62,999
000259265200037 68,839
000259265200036 48,507
000259265200039 59,193
000259265200038 77,866
000259265200033 38,627
000179340400041 43,781
000259265200032 47,180
000179340400040 72,029
000179340400043 66,473
000259265200035 39,966
000259265200034 41,918
000179340400042 52,344
000327163200044 78,243
000327163200045 64,525
000327163200046 58,300
000327163200047 70,400
000327163200040 71,931
000327163200041 105,697
000327163200042 80,949
000327163200043 76,650
000165995800001 6,854
000327163200033 72,291
000327163200034 79,555
000327163200035 45,697
000327163200036 54,977
000327163200032 60,787
000327163200037 57,120
000327163200038 67,298
000327163200039 59,473
000178056300044 70,647
000178056300045 80,825
000178056300046 69,938
000178056300047 62,332
000178056300040 54,825
000178056300041 78,856
000178056300042 70,649
000178056300043 62,282
000178056300048 54,134
000178056300049 68,241
000178056300050 66,172
000258719600027 31,143
000258719600028 73,751
000258719600029 63,216
000258719600037 92,504
000258719600038 51,994
000258719600039 72,898
000258719600030 60,328
000258719600031 60,670
000258719600032 50,630
000258719600033 77,975
000258719600034 56,006
000258719600035 64,872
000258719600036 56,096
000174712600060 67,648
000174712600061 47,271
000174712600059 50,919
000174712600057 50,863
000174712600058 48,758
000174712600055 56,227
000174712600056 62,857
000174712600053 58,353
000174712600054 56,392
000174712600051 44,137
000174712600052 45,608
000174712600050 53,672
000235997600020 10,351
000235997600021 10,106
000235997600023 15,683
000173941000052 77,475
000173941000050 71,251
000173941000051 68,626
000343041100040 42,142
000343041100041 58,699
000258719600040 58,752
000343041100042 50,152
000343041100043 68,751
000258719600041 58,752
000258719600042 71,966
000343041100044 52,887
000258719600043 88,086
000343041100045 51,149
000343041100046 62,901
000088305500050 48,750
000088305500051 46,427
000343041100047 62,002
000343041100048 51,271
000088305500040 47,853
000088305500043 63,895
000088305500044 54,272
000088305500041 46,575
000088305500042 34,584
000088305500047 46,038
000088305500048 55,923
000088305500045 66,846
000088305500046 64,070
000088305500049 55,947
000173941000028 10,907
000089773900054 38,045
000089773900055 34,912
000089773900056 41,133
000089773900057 41,925
000089773900051 38,307
000185648100049 56,465
000089773900052 44,760
000089773900053 38,934
000343041100027 41,982
000343041100028 52,672
000235997600060 89,193
000185648100050 75,916
000089773900047 84,157
000089773900048 65,947
000089773900043 72,476
000089773900044 52,833
000089773900045 50,504
000089773900046 76,532
000343041100030 50,628
000185648100039 64,053
000343041100031 51,898
000235997600058 71,440
000343041100032 58,910
000185648100038 60,516
000235997600059 75,449
000089773900040 62,038
000089773900041 76,444
000343041100033 46,220
000089773900042 49,854
000343041100034 44,799
000343041100035 61,712
000343041100036 64,169
000343041100037 49,437
000343041100038 56,492
000343041100039 49,597
000185648100042 70,585
000235997600050 69,738
000185648100041 62,599
000235997600051 61,344
000235997600052 90,802
000185648100044 74,482
000235997600053 64,263
000185648100043 70,471
000185648100046 59,085
000235997600054 67,229
000185648100045 74,376
000235997600055 38,893
000185648100048 66,337
000235997600056 66,741
000185648100047 72,215
000235997600057 52,664
000185648100040 66,782
000173941000049 77,057
000089773900036 64,827
000089773900037 62,618
000173941000047 59,782
000089773900038 62,491
000089773900039 72,704
000173941000048 68,130
000089773900032 64,371
000173941000045 55,479
000173941000046 64,925
000089773900033 59,425
000089773900034 58,501
000173941000043 58,997
000173941000044 55,219
000089773900035 60,822
000235997600047 62,533
000173941000041 79,399
000173941000042 69,291
000235997600048 68,714
000235997600049 60,012
000089773900031 62,278
000173941000040 58,908
000235997600040 9,946
000185648100035 46,805
000235997600044 58,574
000185648100037 63,439
000235997600045 51,966
000235997600046 62,027
000185648100036 58,371
000173941000038 60,032
000173941000039 67,415
000089773900026 13,937
000173941000036 47,412
000089773900027 15,607
000173941000037 60,915
000089773900028 12,882
000173941000035 46,960
000173941000032 16,723
000173941000033 8,685
000173941000030 12,553
000173941000031 12,592
000089773900029 9,540
000173941000029 9,984
000278551800043 64,956
000278551800042 47,989
000278551800045 81,489
000278551800044 63,725
000278551800041 72,427
000278551800040 66,358
000278551800047 77,896
000278551800046 79,176
000278551800049 72,803
000278551800048 64,357
000278551800053 69,147
000278551800050 74,581
000278551800052 81,637
000278551800051 74,606
000278551800032 35,907
000278551800034 37,160
000278551800033 36,719
000278551800039 64,913
000278551800036 39,109
000278551800035 35,932
000278551800038 59,288
000278551800037 67,396
000272144200039 67,155
000272144200038 59,252
000221795800033 10,808
000272144200037 67,663
000221795800034 67,438
000272144200036 54,207
000272144200035 63,571
000221795800032 42,442
000221795800037 53,311
000272144200034 42,602
000272144200033 37,121
000221795800038 34,545
000221795800035 41,412
000272144200032 37,623
000221795800036 48,921
000272144200031 41,341
000272144200030 38,422
000221795800039 43,084
000088305500031 7,950
000088305500036 51,221
000088305500037 42,824
000088305500038 50,389
000088305500039 48,667
000221795800040 49,771
000221795800041 51,029
000221795800044 45,924
000221795800045 54,475
000272144200048 72,286
000272144200047 66,111
000221795800042 50,268
000221795800043 57,341
000272144200046 93,043
000272144200045 55,918
000221795800048 46,792
000272144200044 89,950
000221795800049 55,734
000272144200043 78,088
000221795800046 51,190
000221795800047 61,106
000272144200042 68,346
000272144200041 73,927
000272144200040 61,056
000088305500022 10,821
000229799700051 40,397
000229799700050 61,543
000229799700053 58,005
000229799700052 67,103
000229799700055 85,091
000229799700054 64,341
000229799700056 9,508
000362399000051 80,043
000362399000052 53,498
000229799700040 53,028
000229799700042 50,370
000229799700041 62,343
000229799700044 63,316
000229799700043 54,505
000229799700046 73,228
000229799700045 60,046
000229799700048 71,274
000229799700047 67,485
000229799700049 54,412
000362399000050 72,993
000362399000040 68,671
000362399000041 60,460
000362399000042 72,265
000362399000043 61,635
000362399000044 71,024
000362399000045 74,065
000362399000046 70,929
000362399000047 60,740
000362399000048 81,617
000362399000049 80,315
000362399000037 62,371
000362399000038 69,146
000362399000039 83,621
000168478300037 54,186
000168478300038 43,023
000168478300039 42,149
000168478300040 41,111
000168478300041 43,885
000168478300042 47,992
000168478300043 53,739
000168478300044 56,114
000168478300045 65,826
000168478300046 66,417
000168478300047 54,506
000336791200040 58,578
000168478300048 58,728
000336791200042 48,229
000168478300049 57,744
000178056300026 9,020
000336791200041 45,064
000336791200044 58,012
000336791200043 53,282
000336791200046 39,942
000336791200045 51,687
000336791200048 63,791
000336791200047 42,258
000336791200049 72,694
000168478300050 62,650
000168478300051 65,938
000178056300036 21,596
000168478300052 49,512
000168478300053 47,337
000168478300054 53,063
000168478300055 43,270
000168478300056 65,235
000168478300057 53,580
000178056300037 9,548
000178056300038 69,569
000178056300039 58,610
000336791200037 51,918
000336791200036 57,011
000336791200039 67,708
000336791200038 62,105
000229799700037 48,615
000229799700039 59,905
000229799700038 71,143
000178056300013 12,782
000178056300014 11,587
000336791200051 52,978
000336791200050 55,563
000336791200053 62,760
000336791200052 69,550
000306802300046 63,658
000249764300035 48,498
000306802300047 64,158
000249764300034 54,322
000306802300048 65,581
000249764300037 55,512
000249764300036 71,430
000249764300031 44,688
000182453700031 18,543
000249764300030 52,794
000182453700032 44,840
000249764300033 51,624
000182453700030 38,947
000249764300032 43,901
000182453700035 44,766
000182453700036 54,444
000182453700033 45,663
000306802300040 43,258
000306802300041 59,882
000182453700034 47,998
000182453700039 75,271
000306802300042 59,441
000249764300039 56,333
000306802300043 67,680
000249764300038 57,791
000306802300044 53,268
000182453700037 40,840
000306802300045 55,055
000182453700038 36,720
000249764300040 50,543
000306802300035 50,375
000239792700035 42,616
000306802300036 43,685
000306802300037 56,058
000239792700032 14,740
000306802300038 58,424
000249764300042 71,378
000306802300039 39,458
000239792700038 66,265
000239792700039 60,802
000249764300041 47,203
000239792700036 51,080
000249764300043 79,384
000239792700037 45,625
000239792700041 68,741
000239792700042 69,198
000306802300033 44,888
000239792700040 59,675
000306802300034 15,688
000280412100045 65,736
000280412100044 46,069
000280412100047 70,720
000280412100046 54,135
000280412100049 72,870
000280412100048 68,882
000182453700042 66,996
000182453700043 44,424
000182453700040 67,372
000182453700041 67,632
000182453700046 49,304
000322884800043 45,120
000182453700044 49,584
000182453700045 58,069
000322884800044 60,216
000322884800041 42,756
000322884800042 57,160
000322884800040 37,940
000251579900079 47,573
000280412100054 70,454
000280412100053 78,384
000251579900077 53,698
000280412100056 83,068
000280412100055 85,128
000251579900078 57,621
000280412100058 77,671
000243726600035 42,129
000280412100057 58,043
000243726600036 12,373
000243726600039 42,948
000243726600037 54,052
000243726600038 60,165
000280412100050 61,985
000280412100052 68,361
000280412100051 69,049
000318558200041 81,989
000322884800034 49,321
000322884800035 57,453
000318558200040 76,597
000318558200043 68,797
000322884800032 44,383
000318558200042 100,582
000322884800033 44,537
000322884800038 49,035
000322884800039 36,730
000322884800036 63,433
000322884800037 43,846
000251579900070 45,755
000322884800030 56,056
000251579900075 49,107
000322884800031 53,054
000251579900076 56,592
000251579900073 48,666
000251579900074 57,944
000251579900068 43,902
000251579900069 34,163
000251579900066 31,454
000251579900067 43,085
000318558200038 64,715
000318558200037 74,346
000285603700029 42,992
000322884800029 51,755
000318558200039 69,075
000318558200030 74,405
000318558200032 64,475
000318558200031 59,539
000318558200034 71,851
000318558200033 67,119
000318558200036 74,270
000318558200035 78,791
000243726600051 38,460
000243726600052 58,478
000239792700045 52,401
000173293500039 74,664
000239792700046 70,200
000239792700043 69,458
000239792700044 69,150
000239792700049 71,330
000239792700047 78,325
000239792700048 48,117
000357169500040 67,417
000173293500032 9,966
000357169500041 74,293
000173293500031 25,127
000173293500034 54,765
000173293500033 50,970
000173293500036 50,521
000173293500035 56,709
000251579900090 63,164
000173293500038 51,984
000239792700050 70,594
000173293500037 63,070
000239792700051 62,093
000251579900093 56,791
000251579900094 5,944
000251579900091 76,276
000251579900092 67,252
000243726600050 13,189
000357169500042 81,168
000243726600042 40,925
000243726600043 48,843
000251579900088 60,714
000243726600040 57,067
000251579900089 55,676
000243726600041 44,857
000243726600046 45,574
000243726600047 45,679
000243726600044 44,873
000243726600045 64,075
000243726600048 48,939
000243726600049 49,436
000173293500043 62,573
000173293500042 60,630
000173293500045 75,158
000173293500044 57,219
000173293500047 70,684
000249764300028 45,104
000173293500046 69,835
000173293500049 68,787
000173293500048 73,180
000249764300029 11,493
000251579900082 72,313
000251579900083 64,839
000251579900080 59,619
000251579900081 74,160
000251579900086 61,664
000251579900087 89,789
000251579900084 70,063
000173293500041 58,193
000251579900085 71,344
000173293500040 74,261
000246149300044 57,320
000246149300043 72,996
000246149300042 53,237
000357169500028 69,661
000357169500029 61,699
000246149300041 68,200
000276205000034 52,041
000246149300048 53,954
000276205000036 65,323
000276205000035 55,057
000246149300047 52,638
000246149300046 56,971
000276205000038 60,833
000276205000037 46,560
000246149300045 65,312
000276205000039 61,825
000246149300049 69,603
000246149300051 63,973
000246149300050 72,105
000230735200036 49,018
000230735200038 37,724
000240142000050 67,601
000240142000051 57,941
000230735200037 16,355
000246149300053 58,079
000240142000052 72,874
000357169500039 69,038
000246149300052 70,418
000230735200039 51,993
000240142000053 61,009
000357169500030 68,195
000276205000041 88,008
000276205000040 50,742
000276205000043 88,527
000276205000042 60,278
000276205000045 60,849
000276205000044 49,347
000357169500037 64,443
000276205000047 56,860
000240142000054 73,382
000240142000055 65,022
000357169500038 82,583
000276205000046 74,139
000357169500035 72,158
000276205000049 82,318
000240142000056 5,049
000276205000048 57,669
000357169500036 83,121
000240142000057 6,779
000357169500033 74,159
000240142000058 7,217
000357169500034 84,521
000240142000059 11,607
000357169500031 64,019
000357169500032 73,385
000230735200045 51,085
000285603700033 51,838
000230735200044 45,656
000285603700032 45,998
000285603700031 45,777
000230735200047 38,125
000220719400050 54,355
000220719400051 50,156
000230735200046 42,053
000285603700030 12,846
000285603700037 46,437
000230735200049 43,424
000230735200048 43,774
000285603700036 48,067
000285603700035 54,210
000285603700034 48,014
000285603700039 54,404
000318558200029 66,253
000285603700038 57,173
000318558200028 66,236
000230735200041 47,934
000220719400052 42,898
000230735200040 48,102
000230735200043 42,660
000230735200042 42,264
000276205000050 64,181
000276205000052 95,813
000276205000051 77,947
000220719400049 53,489
000285603700044 65,630
000285603700043 59,249
000285603700042 58,161
000220719400040 42,629
000285603700041 51,991
000220719400045 55,395
000220719400046 50,418
000220719400047 49,670
000230735200050 57,248
000220719400048 69,162
000230735200052 53,099
000220719400041 51,822
000230735200051 45,445
000220719400042 50,227
000230735200054 42,683
000220719400043 48,392
000230735200053 50,406
000220719400044 36,684
000220719400038 56,854
000220719400039 56,475
000285603700040 47,087
000220719400034 32,909
000220719400035 47,937
000220719400036 47,940
000220719400037 13,802
000220719400033 35,853
000240142000021 9,113
000240142000022 15,464
000240142000023 12,696
000269085500026 56,296
000269085500025 47,548
000269085500028 65,447
000269085500027 66,730
000269085500029 63,624
000269085500031 68,781
000268670300033 58,955
000268670300034 64,793
000269085500030 57,451
000268670300035 58,910
000269085500033 73,718
000268670300036 78,098
000269085500032 58,896
000269085500035 79,062
000268670300037 74,311
000268670300038 69,951
000240142000040 58,471
000269085500034 71,108
000268670300039 74,377
000269085500037 74,196
000240142000041 57,008
000240142000042 73,810
000269085500036 94,108
000269085500039 67,786
000240313500046 48,786
000269085500038 57,565
000240313500047 67,810
000240313500048 55,965
000240313500042 48,165
000240313500043 48,190
000268670300030 36,113
000268670300031 69,567
000240313500044 56,025
000268670300032 52,107
000240313500045 51,722
000240313500040 46,437
000240313500041 57,436
000240142000043 75,866
000240142000044 68,230
000240142000045 58,633
000240142000046 58,969
000240142000047 78,604
000240142000048 78,552
000240142000049 47,532
000269085500040 68,065
000268670300044 65,876
000240313500039 48,642
000240313500035 55,122
000240313500036 60,913
000240313500037 53,158
000240313500038 44,378
000268670300040 69,121
000240313500031 14,563
000240313500032 49,966
000268670300041 46,353
000268670300042 64,354
000240313500033 53,061
000268670300043 79,972
000240313500034 42,650
000240142000039 65,080
000298981200038 88,851
000298981200039 72,610
000298981200036 93,913
000084989400028 14,479
000298981200037 87,593
000298981200034 57,247
000298981200035 92,871
000173833900050 73,058
000173833900051 61,732
000173833900052 58,550
000298981200032 84,217
000084989400035 42,736
000298981200033 75,286
000084989400036 47,074
000298981200030 76,244
000084989400037 46,772
000298981200031 60,487
000084989400038 42,840
000084989400039 41,824
000299769200034 9,910
000084989400040 51,626
000084989400041 73,216
000298981200043 80,124
000084989400046 40,739
000084989400047 51,606
000298981200041 85,052
000084989400048 55,944
000298981200042 78,536
000299769200039 60,039
000084989400049 49,450
000299769200038 51,854
000084989400042 43,261
000298981200040 92,512
000084989400043 59,029
000299769200037 51,204
000084989400044 60,849
000299769200036 46,055
000084989400045 51,320
000299769200035 58,120
000172676200040 67,366
000172676200044 56,269
000172676200043 62,656
000172676200042 63,958
000172676200041 73,429
000287971200032 54,286
000172676200048 50,838
000172676200047 63,124
000287971200031 41,702
000172676200046 61,828
000172676200045 74,667
000172676200049 69,007
000287971200039 73,426
000287971200038 76,803
000287971200037 50,894
000173833900034 7,698
000287971200036 46,530
000173833900035 14,291
000287971200035 54,305
000173833900036 12,830
000173833900037 43,591
000287971200034 47,377
000173833900038 67,731
000287971200033 51,642
000173833900039 62,147
000172676200032 9,941
000172676200031 12,795
000172676200030 18,077
000287971200043 54,254
000287971200042 49,368
000287971200041 48,168
000287971200040 69,280
000172676200039 64,140
000173833900040 69,035
000172676200038 57,138
000173833900041 62,744
000173833900042 59,242
000173833900043 54,387
000173833900044 70,120
000173833900045 63,010
000173833900046 39,217
000287971200046 49,996
000173833900047 88,114
000173833900048 51,914
000287971200045 55,043
000287971200044 73,012
000173833900049 72,628
000172676200062 40,041
000172676200061 42,122
000172676200060 40,965
000172676200063 42,158
000283855700050 59,730
000172676200051 69,815
000172676200050 63,051
000283855700048 52,174
000172676200054 75,888
000283855700049 53,003
000172676200053 76,479
000172676200052 57,335
000283855700044 45,342
000172676200059 34,368
000172676200058 43,752
000283855700045 60,412
000172676200057 43,848
000283855700046 57,365
000283855700047 54,507
000283855700040 62,083
000283855700041 54,575
000283855700042 56,741
000283855700043 48,985
000283855700037 46,999
000283855700038 52,675
000283855700039 65,159
000283855700034 13,473
000283855700035 66,511
000283855700036 72,295
000283855700031 49,058
000283855700032 44,597
000298981200029 71,272
000169386200040 46,782
000169386200046 57,177
000169386200045 62,324
000170918800040 63,670
000169386200048 59,779
000169386200047 74,288
000170918800041 61,678
000170918800042 56,348
000169386200042 61,688
000169386200041 81,421
000170918800043 74,446
000170918800044 65,162
000169386200044 60,100
000169386200043 62,319
000170918800045 62,519
000170918800035 16,809
000220845400052 49,659
000170918800036 14,444
000220845400051 64,791
000220845400050 53,093
000170918800038 67,646
000170918800039 56,766
000169386200049 71,726
000170492600029 49,494
000239122100025 11,506
000239122100029 41,980
000170492600028 47,826
000169386200035 59,132
000169386200034 43,922
000169386200037 58,842
000169386200036 62,078
000170918800033 18,339
000169386200033 10,949
000169386200032 8,345
000170918800034 16,819
000169386200039 71,953
000169386200038 69,150
000300877900050 75,016
000170492600036 54,811
000170492600037 62,974
000170492600038 63,108
000170492600039 53,421
000300877900055 91,055
000300877900051 73,472
000300877900052 71,534
000300877900053 79,368
000300877900054 82,277
000170918800057 45,411
000170918800058 32,580
000170918800059 12,142
000220845400039 50,485
000170492600032 45,564
000220845400038 60,329
000170492600033 56,563
000170492600034 45,239
000220845400037 13,274
000170492600035 47,246
000170492600030 46,169
000170492600031 58,133
000300877900044 61,656
000300877900045 61,658
000170918800050 70,191
000300877900046 75,213
000300877900047 70,529
000170918800053 37,093
000170918800054 39,033
000300877900041 50,035
000300877900042 68,479
000170918800055 42,671
000300877900043 67,145
000170918800056 34,355
000220845400042 42,718
000170918800046 58,454
000220845400041 56,567
000170918800047 65,203
000220845400040 38,771
000170918800048 68,046
000170918800049 80,533
000300877900048 92,465
000220845400046 55,429
000220845400045 45,307
000300877900049 85,013
000220845400044 45,285
000220845400043 45,231
000170492600043 59,465
000170492600044 43,481
000220845400049 50,493
000220845400048 45,643
000170492600045 7,708
000220845400047 56,654
000170492600040 54,407
000170492600041 56,210
000170492600042 58,100
000263836000037 74,223
000263836000038 73,934
000263836000039 76,193
000263836000040 52,030
000263836000041 71,218
000263836000042 70,742
000263836000029 70,729
000263836000033 79,983
000263836000034 83,495
000263836000035 86,583
000263836000036 75,282
000263836000030 47,465
000263836000031 70,699
000263836000032 82,337
000239122100036 86,938
000239122100035 64,901
000239122100034 69,203
000239122100033 68,337
000239122100039 82,595
000239122100038 67,202
000239122100037 73,046
000239122100032 67,645
000239122100031 62,389
000239122100030 45,345
000299769200045 67,769
000299769200044 58,225
000084989400050 42,047
000299769200043 77,804
000084989400051 52,225
000084989400052 39,200
000299769200042 53,840
000299769200041 61,939
000299769200040 54,388
000299769200048 44,192
000299769200047 48,603
000299769200046 55,034
000169386200050 75,861
000239122100042 64,011
000239122100041 84,226
000239122100040 82,966
000165815200039 64,171
000165815200041 55,632
000165815200040 61,875
000165815200049 69,544
000165815200048 78,233
000165815200047 56,497
000165815200046 53,781
000165815200045 69,332
000165815200044 73,357
000165815200043 57,884
000165815200042 64,982
000165815200052 71,702
000165815200051 61,199
000165815200050 76,490
000165815200059 15,913
000165815200055 68,828
000165815200054 63,174
000165815200053 69,663
000229021100028 11,540
000165815200060 13,086
000229021100029 17,240
000229021100020 5,406
000224854900053 62,517
000169031800049 45,507
000224854900050 70,484
000169031800048 55,079
000224854900051 74,976
000169031800047 60,251
000169031800046 55,929
000224854900052 69,484
000169031800045 56,871
000169031800044 59,505
000169031800043 53,389
000169031800042 51,883
000229021100017 10,947
000229021100011 6,629
000229021100010 12,519
000224854900046 71,896
000224854900047 66,392
000224854900048 80,418
000224854900049 69,507
000224854900042 51,375
000224854900043 71,085
000224854900044 82,103
000169031800039 63,576
000224854900045 70,607
000169031800038 41,193
000169031800037 44,850
000224854900040 67,107
000169031800036 41,627
000169031800035 47,059
000224854900041 66,370
000169031800034 51,562
000169031800041 58,678
000169031800040 55,492
000229021100049 7,880
000229021100048 7,036
000272277900029 32,015
000229021100042 66,710
000229021100041 58,520
000229021100040 65,940
000229021100046 59,013
000250230400052 63,315
000229021100045 65,736
000250230400051 43,586
000250230400050 63,627
000229021100044 67,500
000229021100043 55,848
000224854900036 6,989
000224854900037 10,898
000224854900038 65,339
000250230400049 61,409
000250230400048 70,486
000250230400047 48,570
000250230400046 60,591
000229021100039 60,574
000229021100038 66,828
000229021100037 68,777
000229021100036 55,446
000229021100031 75,134
000250230400045 48,386
000229021100030 64,835
000250230400044 58,353
000250230400043 54,495
000250230400042 46,863
000165815200013 8,142
000224854900039 60,091
000229021100035 55,221
000250230400041 42,757
000250230400040 50,133
000229021100034 60,075
000229021100033 58,854
000229021100032 61,153
000272277900043 78,958
000272277900042 54,835
000272277900041 84,730
000272277900040 80,301
000250230400039 48,469
000250230400038 60,278
000250230400037 58,541
000272277900045 64,457
000250230400036 12,071
000250230400035 45,849
000272277900044 58,351
000188111800041 63,024
000188111800040 44,891
000188111800043 43,815
000169200700038 35,376
000169200700039 44,356
000188111800042 51,657
000188111800045 50,622
000188111800044 43,610
000188111800047 50,676
000188111800046 39,162
000188111800048 51,071
000272277900032 73,414
000272277900031 64,357
000272277900030 53,476
000272277900036 67,321
000272277900035 87,066
000272277900034 70,311
000272277900033 50,895
000165815200030 6,969
000169200700025 13,076
000188111800032 10,563
000188111800031 44,809
000188111800034 49,894
000165815200038 72,661
000165815200037 47,523
000188111800033 42,816
000272277900039 61,978
000229021100052 8,631
000272277900038 85,020
000188111800036 46,892
000229021100051 10,612
000272277900037 56,139
000188111800035 62,856
000165815200035 12,797
000229021100050 6,125
000188111800038 52,531
000165815200034 10,804
000188111800037 45,692
000165815200033 12,034
000165815200032 14,519
000188111800039 46,785
000165815200031 19,017
000297101800047 55,038
000297101800046 61,286
000297101800049 65,268
000297101800048 56,377
000178483100052 55,839
000297101800043 51,956
000178483100051 71,048
000297101800045 14,651
000297101800044 55,207
000169200700050 37,009
000178483100050 68,122
000297101800058 55,091
000169200700047 36,651
000297101800057 50,870
000169200700048 48,679
000169200700045 39,971
000297101800059 52,173
000169200700046 50,031
000297101800054 61,341
000297101800053 48,459
000297101800056 56,777
000169200700049 50,398
000297101800055 58,291
000297101800050 66,425
000169200700040 52,477
000297101800052 58,565
000297101800051 64,516
000169200700043 47,229
000169200700044 51,699
000169200700041 47,293
000169200700042 46,803
000178483100038 54,480
000178483100037 70,790
000178483100039 53,638
000178483100034 15,591
000178483100033 17,377
000178483100036 23,338
000178483100032 13,942
000178483100031 20,092
000178483100049 68,872
000178483100048 59,362
000178483100045 52,794
000178483100044 60,484
000178483100047 65,892
000178483100046 71,918
000178483100041 57,189
000178483100040 65,735
000178483100043 51,497
000178483100042 60,351
000265193600042 76,098
000265193600043 72,876
000265193600040 81,868
000265193600041 74,389
000265193600046 81,143
000265193600044 66,948
000265193600045 73,907
000265193600039 57,492
000265193600037 75,326
000265193600038 73,610
000265193600031 26,795
000265193600032 66,214
000265193600035 54,823
000265193600036 62,336
000265193600033 64,037
000265193600034 60,865
000166938800057 35,164
000166938800056 29,662
000166938800055 38,577
000166938800054 29,942
000166938800053 38,060
000166938800052 37,816
000166938800051 45,051
000166938800050 43,474
000297101800061 51,228
000297101800060 66,345
000297101800062 58,718
000166938800059 51,298
000166938800058 26,813
000166938800060 50,330
000166938800068 53,201
000166938800067 55,106
000166938800066 55,807
000166938800065 43,905
000166938800064 28,272
000166938800063 56,827
000166938800062 43,137
000166938800061 34,211
000166938800069 15,998
000187342000058 66,160
000187342000059 72,503
000187342000054 51,294
000187342000055 68,635
000187342000056 58,778
000187342000057 67,912
000275974200050 83,656
000275974200053 76,702
000275974200054 75,719
000275974200051 61,308
000275974200052 55,272
000275974200055 75,504
000275974200056 85,818
000187342000050 57,946
000187342000051 63,677
000187342000052 73,421
000187342000053 74,710
000187342000065 75,573
000187342000066 69,880
000187342000067 63,138
000187342000068 65,835
000187342000061 62,112
000187342000062 66,035
000187342000063 57,449
000187342000064 58,911
000187342000060 78,933
000301174900040 61,937
000301174900041 60,829
000301174900042 97,671
000286433100043 38,743
000286433100044 49,443
000286433100041 74,004
000286433100042 64,216
000258914300050 66,748
000240498900037 9,393
000240498900038 51,765
000286433100045 51,284
000240498900039 50,964
000286433100046 63,871
000240498900033 35,633
000240498900034 14,155
000240498900035 65,912
000258914300052 65,717
000240498900036 54,321
000258914300051 66,999
000275974200035 43,122
000286433100040 57,430
000275974200036 37,112
000275974200033 35,599
000275974200034 37,678
000301174900036 72,359
000187342000072 39,598
000275974200039 66,096
000301174900037 57,658
000187342000073 36,810
000187342000074 34,400
000275974200037 38,391
000301174900038 98,129
000301174900039 82,483
000275974200038 63,080
000301174900032 60,392
000301174900033 67,965
000187342000070 32,760
000301174900034 65,609
000187342000071 40,963
000301174900035 55,551
000286433100038 47,038
000286433100039 53,197
000286433100032 55,043
000286433100033 52,003
000286433100030 37,084
000286433100031 15,516
000286433100036 44,721
000286433100037 58,446
000286433100034 57,400
000286433100035 45,118
000275974200042 56,411
000240498900044 65,606
000275974200043 67,098
000240498900045 46,656
000240498900046 44,656
000275974200040 69,183
000240498900047 40,920
000275974200041 66,600
000275974200046 64,484
000240498900040 45,041
000240498900041 46,534
000275974200047 75,898
000240498900042 45,426
000275974200044 62,247
000275974200045 59,339
000240498900043 49,454
000275974200048 60,350
000275974200049 76,430
000337032400056 84,887
000337032400055 86,347
000337032400052 84,293
000337032400051 80,303
000337032400054 79,114
000337032400053 85,011
000236350400051 88,562
000236350400050 75,800
000257860300037 45,423
000257860300035 7,061
000252436200028 51,237
000257860300038 42,871
000252436200029 63,679
000257860300039 43,624
000252436200027 15,074
000337032400045 58,082
000337032400044 67,317
000301174900030 65,405
000337032400047 81,293
000337032400046 83,477
000301174900031 54,272
000088447800025 14,238
000236350400048 60,402
000236350400047 74,500
000257860300040 39,100
000337032400043 61,097
000236350400049 64,515
000337032400042 72,658
000257860300043 69,688
000236350400044 53,977
000257860300044 56,857
000236350400043 56,561
000236350400046 54,058
000257860300041 37,015
000236350400045 63,864
000257860300042 44,721
000236350400040 58,738
000257860300047 69,379
000337032400049 67,166
000337032400048 63,736
000257860300048 78,614
000236350400042 71,202
000257860300045 59,537
000257860300046 75,609
000236350400041 59,313
000252436200039 63,224
000257860300049 63,393
000301174900029 58,273
000252436200037 80,003
000252436200038 70,664
000252436200035 53,188
000252436200036 61,283
000252436200033 49,902
000252436200034 54,486
000252436200031 51,047
000337032400050 68,695
000252436200032 47,862
000252436200030 65,770
000236350400037 54,364
000257860300050 57,671
000257860300051 65,394
000236350400036 50,567
000236350400039 58,044
000236350400038 65,094
000257860300054 75,259
000257860300055 86,423
000257860300052 102,424
000236350400035 45,215
000257860300053 78,528
000236350400034 32,707
000257860300056 88,977
000257860300057 73,274
000252436200040 64,733
000252436200041 50,278
000088447800049 45,660
000088447800047 54,548
000088447800048 41,722
000088447800045 53,482
000088447800046 48,452
000088447800043 48,313
000088447800044 56,199
000089593500029 13,863
000088447800058 55,634
000088447800056 47,190
000088447800057 57,276
000248946700034 11,479
000248946700037 64,228
000281824900036 85,875
000281824900035 67,060
000248946700038 53,807
000281824900038 82,162
000248946700035 43,733
000281824900037 88,163
000248946700036 55,922
000281824900039 60,547
000248946700039 40,775
000088447800054 42,693
000088447800055 52,776
000281824900030 63,397
000088447800052 65,760
000088447800053 51,113
000281824900032 54,779
000088447800050 62,147
000088447800051 52,748
000281824900031 61,939
000089593500028 14,198
000281824900034 76,855
000281824900033 54,084
000288951200038 66,156
000288951200039 59,026
000281824900041 81,149
000288951200036 64,647
000281824900040 74,507
000288951200037 70,832
000281824900043 67,039
000288951200034 77,823
000281824900042 85,263
000288951200035 69,203
000281824900044 79,017
000288951200033 80,336
000288951200041 80,041
000288951200042 87,607
000288951200040 84,619
000288951200049 59,973
000288951200045 93,512
000288951200046 93,955
000288951200043 77,601
000288951200044 96,461
000248946700040 47,996
000248946700041 45,423
000248946700044 60,716
000248946700045 55,759
000248946700042 54,102
000248946700043 51,687
000248946700048 45,686
000248946700049 64,105
000248946700046 55,625
000248946700047 61,339
000180687700051 42,360
000180687700050 59,557
000180687700052 52,713
000226361900045 57,057
000226361900046 62,321
000258914300039 11,906
000226361900047 59,293
000258914300038 47,590
000258914300043 43,873
000258914300042 55,767
000258914300041 45,291
000258914300040 58,346
000258914300047 66,296
000258914300046 47,036
000258914300045 51,944
000258914300044 53,211
000258914300049 61,836
000258914300048 46,774
000226361900031 35,875
000226361900032 9,078
000226361900033 69,164
000180687700037 60,239
000180687700036 13,372
000180687700039 47,842
000180687700038 43,920
000089593500042 52,574
000089593500045 38,789
000089593500046 54,855
000089593500043 44,638
000089593500044 48,012
000226361900026 9,527
000089593500049 67,779
000089593500047 44,683
000089593500048 57,846
000187342000047 58,046
000180687700044 44,574
000180687700043 47,744
000187342000048 69,742
000187342000049 66,870
000180687700046 49,053
000180687700045 55,735
000226361900040 46,148
000226361900041 58,614
000180687700040 47,975
000226361900042 52,012
000226361900043 51,545
000180687700042 44,336
000226361900044 49,549
000180687700041 47,457
000187342000046 10,554
000180687700048 59,204
000180687700047 60,926
000180687700049 46,695
000089593500052 45,704
000089593500053 56,289
000089593500050 37,604
000089593500051 50,270
000089593500056 48,953
000226361900034 43,259
000089593500057 66,653
000226361900035 51,650
000226361900036 67,714
000089593500054 61,588
000226361900037 44,753
000089593500055 61,683
000226361900038 46,072
000226361900039 45,895
000089593500058 49,197
000344187500036 78,814
000344187500035 93,480
000344187500034 60,831
000344187500033 62,983
000344187500039 66,122
000185678500039 53,558
000344187500038 77,828
000185678500038 61,429
000344187500037 77,674
000185678500037 46,203
000185678500036 13,726
000344187500032 60,735
000253530600050 66,855
000344187500031 59,936
000241729800050 69,000
000344187500030 43,069
000241729800051 54,452
000311893400051 73,856
000311893400050 72,446
000311893400055 79,282
000311893400054 62,321
000311893400053 58,600
000311893400052 73,822
000311893400059 68,984
000311893400058 88,528
000311893400057 61,741
000311893400056 78,999
000241729800049 53,633
000344187500047 89,218
000344187500046 73,457
000344187500045 72,741
000311893400049 66,189
000344187500044 73,283
000241729800045 47,007
000230574900050 49,792
000241729800046 56,243
000185678500049 62,087
000241729800047 58,605
000230574900051 48,619
000241729800048 50,107
000230574900052 40,709
000185678500048 60,195
000241729800041 50,874
000230574900053 46,766
000185678500047 46,742
000241729800042 53,146
000230574900054 64,678
000185678500046 53,901
000241729800043 54,216
000185678500045 47,699
000185678500044 57,108
000241729800044 40,263
000344187500043 76,796
000185678500043 48,325
000185678500042 48,861
000344187500042 63,837
000344187500041 78,779
000185678500041 46,319
000241729800040 44,931
000344187500040 86,652
000185678500040 39,871
000302343400036 68,576
000302343400037 72,640
000302343400038 74,843
000302343400039 83,933
000302343400032 51,873
000302343400033 55,950
000302343400034 62,961
000302343400035 50,332
000232181900018 10,293
000311893400048 58,643
000311893400047 55,323
000311893400046 57,278
000311893400045 74,800
000225322100051 46,003
000225322100050 63,804
000225322100052 72,431
000302343400047 68,755
000302343400043 89,366
000302343400044 79,432
000302343400045 94,855
000302343400046 78,035
000302343400040 68,203
000302343400041 51,675
000302343400042 74,796
000365352500050 83,527
000365352500051 84,408
000365352500052 66,725
000365352500053 81,923
000232181900050 50,435
000232181900051 48,706
000232181900052 58,529
000232181900053 48,989
000232181900054 65,063
000232181900044 50,143
000232181900045 15,899
000232181900046 38,523
000232181900047 36,385
000232181900048 42,831
000232181900049 42,650
000085559200065 56,179
000085559200064 69,526
000085559200063 78,163
000225322100037 73,800
000225322100036 39,315
000085559200062 82,044
000225322100039 55,474
000085559200061 74,360
000225322100038 55,800
000085559200060 68,851
000225322100040 51,209
000225322100042 76,313
000225322100041 68,141
000225322100044 56,003
000225322100043 53,407
000225322100046 61,359
000225322100045 74,054
000232181900055 49,978
000085559200059 59,254
000232181900056 56,247
000232181900057 36,382
000085559200058 74,148
000085559200057 68,096
000085559200056 59,678
000085559200055 65,395
000085559200054 61,538
000085559200053 51,352
000225322100048 72,446
000085559200052 62,629
000085559200051 49,266
000225322100047 50,447
000085559200050 60,928
000225322100049 60,214
000169455900029 14,539
000241729800038 56,542
000241729800039 51,517
000241729800034 7,280
000241729800035 47,067
000241729800036 8,804
000230574900040 44,672
000241729800037 42,246
000230574900041 52,490
000230574900042 35,812
000230574900043 37,454
000230574900044 46,875
000230574900045 47,130
000230574900046 45,185
000230574900047 50,896
000230574900048 50,100
000230574900049 48,717
000085559200049 59,828
000085559200048 56,582
000085559200047 68,099
000085559200046 43,499
000085559200045 12,319
000085559200044 12,877
000085559200043 15,165
000085559200042 13,525
000085559200041 27,541
000230574900034 49,176
000230574900035 53,957
000232181900040 46,131
000232181900041 54,371
000230574900036 57,929
000230574900037 10,616
000232181900042 14,963
000232181900043 51,082
000230574900038 53,514
000230574900039 15,830
000232181900035 34,551
000232181900038 59,422
000232181900039 70,685
000169455900044 45,980
000169455900043 35,056
000169455900046 70,995
000169455900045 33,357
000169455900048 54,213
000169455900047 46,055
000169455900049 54,808
000169455900051 49,262
000169455900050 42,635
000169455900053 48,695
000169455900052 52,973
000169455900055 55,991
000169455900054 63,826
000169455900057 59,112
000169455900056 39,429
000169455900059 61,951
000169455900058 61,794
000169455900060 47,031
000169455900061 53,713
000173564300012 10,995
000173564300013 7,187
000359832700053 49,303
000359832700052 51,589
000359832700051 63,036
000359832700050 59,503
000173564300040 62,082
000173564300041 69,339
000166316200040 60,052
000173564300042 55,645
000173564300043 50,987
000166316200041 66,173
000173564300044 57,856
000166316200042 64,672
000173564300045 68,735
000166316200043 52,951
000173564300046 75,685
000166316200044 64,387
000166316200045 72,422
000229827000049 44,173
000173564300047 61,340
000229827000048 58,371
000173564300048 63,210
000166316200046 72,252
000166316200047 73,244
000173564300049 61,442
000229827000047 17,121
000166316200048 71,098
000229827000046 17,714
000166316200049 49,712
000229827000045 48,214
000229827000044 38,734
000229827000043 48,997
000229827000042 54,548
000229827000041 47,585
000229827000050 45,764
000173564300050 62,480
000173564300051 56,143
000173564300052 65,160
000173564300053 70,890
000166316200030 10,881
000166316200031 12,414
000166316200033 55,379
000166316200034 51,930
000166316200035 49,164
000229827000059 41,383
000166316200036 65,227
000229827000058 45,446
000166316200037 66,141
000229827000057 56,760
000166316200038 55,909
000229827000056 47,040
000166316200039 75,491
000229827000055 44,711
000229827000054 64,982
000229827000053 52,662
000229827000052 57,701
000229827000051 46,502
000229827000061 50,333
000229827000060 49,850
000359832700035 43,422
000359832700039 53,739
000359832700038 46,925
000359832700037 49,330
000359832700036 50,132
000185678500050 54,345
000166316200028 21,043
000232496100051 67,334
000166316200029 15,527
000232496100050 76,749
000229827000062 71,705
000359832700042 59,735
000359832700041 60,171
000359832700046 50,915
000359832700045 62,225
000359832700044 46,325
000359832700043 45,426
000359832700049 70,694
000359832700048 55,276
000359832700047 52,140
000173564300033 20,996
000173564300034 10,842
000311893400061 80,599
000173564300035 13,974
000311893400060 53,661
000173564300036 15,616
000173564300037 15,117
000173564300038 54,668
000173564300039 60,267
000166938800035 60,516
000166938800034 76,519
000166938800033 61,078
000166938800032 64,838
000166938800031 60,987
000323625900028 62,697
000323625900029 70,620
000166938800037 67,690
000323625900026 56,070
000166938800036 64,637
000323625900027 74,859
000323625900035 74,739
000323625900036 62,137
000323625900033 53,985
000323625900034 65,619
000323625900031 71,815
000323625900032 98,198
000323625900030 77,368
000175281700061 39,791
000175281700062 60,996
000166938800046 31,823
000166938800045 38,306
000323625900039 84,470
000166938800049 39,457
000166938800048 27,694
000323625900037 74,756
000166938800047 36,765
000323625900038 60,797
000175281700058 68,235
000175281700059 67,634
000323625900040 57,709
000323625900041 62,682
000175281700050 58,717
000175281700051 52,566
000175281700052 50,124
000175281700053 66,867
000175281700054 67,503
000175281700055 52,680
000175281700056 46,164
000175281700057 47,953
000166938800012 12,006
000166938800010 8,888
000175281700060 38,653
000175281700047 42,252
000175281700048 47,476
000175281700049 52,141
000175281700041 42,844
000175281700045 11,981
000175281700046 61,276
000166316200050 68,460
000166316200051 51,339
000360069300029 61,113
000166316200053 32,258
000166316200054 35,044
000166316200055 43,058
000166316200056 37,598
000166316200057 44,637
000166316200058 46,132
000166938800029 12,455
000166938800028 15,062
000166938800027 13,410
000166938800026 22,412
000175281700036 42,782
000175281700037 47,018
000241382500039 53,466
000241382500038 51,093
000241382500037 60,771
000241382500036 54,784
000241382500035 48,286
000241382500034 58,166
000241382500033 51,511
000241382500032 14,433
000360069300039 79,785
000360069300038 84,716
000360069300033 70,571
000360069300032 90,921
000360069300031 74,277
000084929900026 11,046
000360069300030 70,037
000360069300037 78,978
000360069300036 66,909
000360069300035 92,997
000360069300034 68,252
000241382500042 56,651
000241382500041 53,462
000241382500040 60,478
000360069300040 80,374
000241382500046 44,339
000241382500045 50,423
000241382500044 52,718
000241382500043 59,573
000360069300044 79,441
000084929900035 14,763
000360069300043 70,920
000084929900034 56,386
000360069300042 66,836
000360069300041 79,492
000084929900039 55,347
000313328200039 52,965
000084929900038 55,272
000313328200036 38,786
000313328200035 44,672
000313328200038 53,615
000313328200037 44,878
000313328200034 48,818
000313328200033 41,890
000084929900040 30,312
000084929900046 52,996
000084929900045 51,194
000084929900048 67,665
000084929900047 68,358
000084929900042 42,655
000084929900041 58,392
000084929900044 51,809
000084929900043 48,374
000084929900049 62,131
000313328200047 61,132
000313328200046 70,955
000313328200049 58,238
000313328200048 58,180
000313328200043 64,054
000313328200042 56,166
000313328200045 55,275
000313328200044 69,714
000313328200041 62,679
000084929900051 41,396
000313328200040 48,181
000084929900050 55,022
000084929900053 46,211
000084929900052 53,537
000086727100043 50,183
000086727100044 38,404
000086727100045 28,509
000086727100046 46,106
000086727100040 44,238
000167563800020 14,767
000086727100041 52,989
000086727100042 55,719
000167563800029 43,630
000313328200050 57,157
000267594000045 75,713
000267594000044 64,848
000267594000043 67,183
000086727100036 49,532
000267594000042 58,800
000267594000041 50,713
000086727100037 59,622
000086727100038 48,217
000267594000040 58,218
000086727100039 39,909
000267594000039 60,886
000267594000038 61,789
000267594000037 56,324
000267594000036 30,115
000267594000035 56,359
000267594000034 52,906
000267594000033 43,079
000267594000032 45,781
000086727100047 58,999
000267594000031 67,067
000267594000030 13,773
000349775800001 48,508
000349775800002 61,620
000301771200049 84,304
000167563800043 55,847
000167563800042 46,474
000167563800041 58,405
000167563800040 54,635
000226862000046 69,698
000226862000047 91,282
000226862000048 69,031
000167563800044 66,481
000226862000049 82,063
000226862000040 64,450
000226862000041 55,536
000226862000042 80,203
000226862000043 52,117
000301771200040 67,894
000226862000044 7,204
000226862000045 56,994
000301771200043 71,188
000301771200044 82,893
000301771200041 77,973
000301771200042 78,048
000301771200047 78,561
000301771200048 79,926
000301771200045 86,886
000301771200046 85,265
000167563800032 51,140
000167563800031 51,602
000167563800030 43,560
000226862000035 61,323
000167563800036 52,604
000167563800035 56,480
000324545700050 101,335
000226862000036 59,860
000167563800034 45,071
000226862000037 59,512
000324545700051 91,409
000226862000038 54,963
000167563800033 60,062
000226862000039 57,762
000167563800039 42,850
000167563800038 55,024
000167563800037 56,022
000334403000040 38,371
000334403000049 85,607
000334403000042 71,701
000334403000041 65,807
000334403000044 73,045
000334403000043 62,904
000334403000046 68,003
000334403000045 73,591
000334403000048 85,754
000334403000047 71,656
000301771200038 62,669
000301771200039 68,170
000334403000051 66,731
000334403000050 63,632
000237296700050 51,206
000226862000050 62,589
000334403000053 86,264
000237296700044 68,892
000334403000052 79,659
000237296700045 54,499
000334403000055 87,438
000237296700042 60,807
000237296700043 41,580
000334403000054 65,848
000301771200036 62,261
000237296700048 46,353
000301771200037 79,423
000334403000056 68,218
000237296700049 71,964
000301771200034 65,588
000237296700046 62,009
000301771200035 68,910
000237296700047 46,626
000267594000029 69,427
000237296700040 52,833
000237296700041 48,131
000237296700039 64,227
000237296700034 45,255
000237296700037 47,616
000237296700038 35,595
000237296700035 12,911
000237296700036 49,497
000086727100035 45,968
000344187500029 43,971
000344187500028 48,417
000086727100027 8,993
000362095100039 97,522
000362095100038 56,168
000362095100037 50,492
000362095100036 44,416
000362095100035 72,134
000362095100034 45,845
000251421700050 62,371
000251421700052 58,870
000251421700051 60,066
000333108500043 36,436
000333108500044 55,262
000333108500041 42,385
000333108500042 52,025
000333108500040 55,189
000251421700043 48,633
000251421700042 50,194
000251421700045 56,169
000251421700044 51,872
000242018300054 59,490
000242018300053 59,492
000251421700041 54,188
000242018300052 60,751
000251421700040 53,322
000242018300051 73,357
000242018300050 85,983
000362095100050 71,514
000251421700047 75,491
000251421700046 55,803
000251421700049 66,561
000251421700048 66,058
000251421700032 55,210
000251421700031 39,836
000251421700034 48,044
000251421700033 47,848
000251421700030 54,704
000362095100049 68,131
000362095100048 75,644
000362095100047 89,794
000362095100046 85,861
000362095100045 71,507
000362095100044 94,624
000362095100043 100,718
000362095100042 79,889
000362095100041 71,581
000362095100040 69,505
000251421700039 11,867
000251421700036 57,473
000251421700035 54,634
000251421700038 58,613
000251421700037 57,672
000324545700046 80,240
000242018300036 35,015
000324545700047 86,867
000242018300035 38,489
000324545700048 103,572
000242018300034 36,717
000324545700049 73,143
000324545700042 68,035
000324545700043 82,725
000324545700044 71,047
000242018300030 15,563
000324545700045 64,505
000324545700040 64,351
000324545700041 83,981
000242018300039 36,636
000242018300038 45,607
000242018300037 39,186
000251421700027 6,732
000324545700035 42,101
000242018300047 60,311
000242018300046 66,227
000324545700036 56,533
000242018300045 77,132
000324545700037 69,877
000242018300044 53,733
000324545700038 65,929
000324545700031 35,263
000242018300043 57,952
000242018300042 77,662
000324545700032 32,323
000324545700033 39,032
000242018300041 60,336
000242018300040 43,920
000324545700034 48,219
000242018300049 69,141
000242018300048 53,815
000324545700039 59,094
000333108500034 59,882
000333108500035 55,365
000333108500032 48,724
000333108500033 68,720
000333108500038 77,174
000333108500039 47,097
000333108500036 62,919
000333108500037 58,403
000333108500030 53,933
000333108500031 48,982
000333108500029 55,254
000242018300029 11,803
000333108500028 39,573
000269523200031 41,997
000269523200030 64,155
000269523200033 53,132
000269523200032 43,356
000269523200039 53,221
000269523200038 46,806
000269523200035 44,566
000269523200034 53,111
000269523200037 42,575
000269523200036 62,288
000269523200028 54,645
000269523200029 13,312
000260674100053 61,295
000260674100054 74,455
000260674100055 61,155
000260674100050 43,790
000260674100051 51,502
000260674100052 51,550
000248912900052 86,010
000248912900051 65,701
000248912900050 94,501
000260674100046 53,245
000260674100047 52,885
000260674100048 55,051
000260674100049 60,755
000260674100042 59,607
000260674100043 50,370
000260674100044 54,165
000260674100045 57,783
000260674100040 36,447
000260674100041 47,726
000269523200042 67,066
000269523200041 64,498
000269523200044 65,337
000269523200043 46,559
000269523200040 60,902
000260674100039 19,112
000260674100035 48,156
000260674100036 51,343
000269523200045 66,705
000260674100031 32,350
000260674100034 35,965
000260674100030 63,100
000233593100039 34,049
000233593100037 41,272
000233593100038 37,189
000233593100035 31,757
000233593100036 40,530
000248912900039 53,344
000248912900038 30,216
000248912900048 83,360
000248912900047 87,819
000248912900046 50,599
000248912900045 84,623
000248912900044 73,335
000248912900043 67,256
000248912900042 76,258
000248912900041 62,823
000248912900040 75,555
000233593100023 20,454
000248912900049 83,359
000233593100059 7,455
000288444000040 76,524
000288444000041 75,664
000241194100040 63,865
000288444000042 60,024
000354428700038 56,232
000288444000043 80,775
000354428700039 47,192
000241194100041 50,527
000288444000044 75,020
000354428700036 54,970
000241194100042 46,837
000354428700037 39,655
000288444000045 84,621
000241194100043 57,606
000241194100044 55,949
000288444000046 82,149
000354428700034 36,907
000233593100050 71,550
000288444000047 83,977
000241194100045 49,804
000354428700035 52,604
000288444000048 81,615
000233593100053 49,722
000233593100054 69,533
000233593100051 47,512
000233593100052 72,396
000233593100055 69,026
000233593100048 56,774
000233593100049 67,966
000354428700041 51,432
000354428700042 65,946
000354428700040 65,529
000288444000033 56,241
000354428700047 64,485
000288444000034 81,478
000354428700048 63,542
000354428700045 67,754
000288444000035 79,052
000288444000036 56,439
000354428700046 64,914
000354428700043 56,039
000288444000037 70,359
000288444000038 66,048
000354428700044 74,416
000233593100042 63,357
000288444000039 81,584
000233593100043 61,840
000233593100040 50,728
000233593100041 55,857
000233593100046 69,050
000233593100047 68,667
000233593100044 70,299
000233593100045 63,297
000355286600038 83,186
000245470500043 64,017
000355286600039 84,554
000245470500044 54,101
000243225100040 53,956
000245470500045 70,416
000245470500046 57,758
000355286600034 50,218
000245470500040 37,739
000355286600035 38,339
000355286600036 69,840
000245470500041 57,387
000245470500042 60,784
000355286600037 59,663
000355286600030 47,539
000355286600031 45,449
000355286600032 46,039
000355286600033 53,457
000178909700036 50,781
000178909700037 41,408
000178909700038 49,106
000178909700039 65,331
000178909700032 17,691
000178909700033 12,448
000332651800044 60,975
000178909700035 73,491
000332651800043 76,531
000243225100047 64,920
000332651800042 75,975
000332651800041 78,330
000243225100045 71,684
000178909700030 14,840
000178909700031 9,764
000332651800040 81,017
000243225100046 64,198
000243225100043 66,052
000243225100044 83,054
000243225100041 82,100
000243225100042 74,460
000355286600049 75,254
000355286600045 67,679
000355286600046 78,553
000355286600047 92,143
000355286600048 72,838
000355286600041 59,075
000241194100037 56,268
000241194100038 53,584
000355286600042 57,255
000355286600043 73,973
000241194100039 49,746
000355286600044 59,803
000355286600040 75,829
000178909700047 65,221
000178909700048 56,062
000332651800039 57,258
000332651800038 75,672
000178909700049 66,268
000332651800037 63,900
000241194100032 14,080
000332651800036 66,678
000241194100033 45,263
000178909700043 66,950
000332651800035 71,128
000178909700044 83,105
000241194100034 42,224
000332651800034 60,684
000178909700045 64,013
000243225100038 68,381
000241194100035 47,269
000241194100036 46,005
000243225100039 78,966
000178909700046 64,163
000332651800033 63,016
000243225100036 65,560
000332651800032 63,061
000243225100037 67,509
000178909700040 61,397
000332651800031 70,054
000243225100034 62,268
000178909700041 73,374
000332651800030 77,574
000178909700042 71,342
000243225100035 66,342
000243225100032 43,317
000243225100033 52,030
000243225100031 36,910
000305760600033 59,208
000305760600037 57,659
000349775200001 52,268
000305760600036 64,972
000305760600035 38,907
000305760600034 73,251
000305760600039 61,555
000305760600038 56,456
000332651800029 40,501
000305760600040 70,690
000235374900037 53,237
000305760600044 72,556
000245470500032 9,463
000235374900036 46,127
000245470500033 53,076
000305760600043 79,032
000245470500034 58,349
000305760600042 51,758
000305760600041 70,729
000245470500035 54,746
000305760600048 95,720
000235374900032 58,628
000305760600047 70,981
000305760600046 62,505
000305760600045 70,127
000245470500031 44,198
000245470500036 46,964
000245470500037 42,637
000245470500038 50,923
000235374900039 10,607
000235374900038 47,782
000245470500039 42,574
000235374900040 53,984
000259300400037 47,129
000259300400036 52,422
000259300400039 48,230
000344690100030 50,795
000344690100031 56,233
000259300400038 49,738
000259300400033 49,531
000259300400032 58,357
000259300400035 68,303
000259300400034 64,045
000344690100036 65,523
000264532400047 66,585
000264532400046 77,938
000344690100037 62,206
000350354200057 56,130
000344690100038 57,471
000259300400031 56,521
000264532400045 81,243
000264532400044 64,818
000350354200058 46,565
000344690100039 61,715
000259300400030 49,039
000344690100032 41,778
000350354200055 56,616
000344690100033 61,671
000350354200056 55,117
000344690100034 53,966
000350354200053 45,828
000264532400049 94,644
000264532400048 82,822
000350354200054 47,621
000344690100035 51,248
000350354200051 59,328
000350354200052 40,836
000350354200050 57,212
000264532400043 76,826
000264532400042 82,035
000264532400041 72,968
000264532400040 69,334
000259300400026 54,316
000302995400051 57,953
000259300400025 11,732
000259300400028 44,841
000259300400027 45,173
000302995400050 54,145
000264532400050 91,182
000344690100029 36,292
000259300400029 51,890
000302995400041 60,304
000302995400040 53,332
000302995400043 55,300
000302995400042 45,433
000302995400045 50,580
000302995400044 51,454
000302995400047 57,949
000302995400046 49,333
000272839000052 56,580
000272839000053 46,309
000272839000050 56,638
000272839000051 52,421
000272839000045 45,930
000272839000046 60,226
000272839000043 9,186
000272839000044 15,625
000272839000049 53,688
000272839000047 43,297
000272839000048 61,664
000302995400049 56,778
000302995400048 56,300
000344690100040 59,932
000344690100041 53,220
000344690100042 57,726
000302995400036 50,842
000259300400040 49,922
000350354200048 51,400
000350354200049 57,389
000350354200046 61,971
000350354200047 47,712
000259300400041 52,940
000350354200044 44,886
000344690100043 57,034
000344690100044 49,059
000350354200045 40,329
000344690100045 47,983
000350354200043 42,582
000302995400038 52,418
000302995400037 57,806
000302995400039 52,116
000186517200034 63,105
000186517200033 57,325
000186517200036 62,655
000186517200035 67,856
000186517200038 50,384
000186517200037 58,914
000266410100048 52,778
000266410100049 48,825
000266410100044 65,418
000266410100045 55,642
000266410100046 42,906
000266410100047 50,659
000251158500037 65,695
000266410100040 51,656
000266410100041 45,008
000251158500036 50,635
000251158500039 55,836
000266410100042 64,581
000266410100043 40,992
000251158500038 64,232
000287652900040 84,678
000251158500032 13,364
000287652900041 53,080
000287652900042 76,962
000287652900043 63,382
000287652900044 73,995
000287652900045 88,960
000287652900046 83,013
000287652900047 81,997
000186517200043 68,318
000186517200042 85,305
000186517200045 65,672
000186517200044 69,307
000186517200047 61,826
000186517200046 66,041
000186517200048 68,941
000266410100037 60,337
000266410100038 46,030
000266410100039 50,815
000266410100034 52,972
000186517200041 72,022
000266410100035 16,177
000186517200040 66,128
000266410100036 42,380
000272839000056 50,964
000272839000057 65,425
000272839000054 64,769
000272839000055 71,230
000272839000058 66,114
000186517200039 64,768
000251158500051 88,165
000365352500036 74,971
000365352500037 88,406
000251158500050 73,396
000251158500053 73,197
000365352500038 64,467
000365352500039 71,139
000251158500052 72,475
000365352500040 64,276
000365352500041 62,734
000365352500042 72,221
000365352500047 66,792
000264532400036 66,908
000251158500040 59,976
000264532400035 41,803
000365352500048 71,774
000251158500042 83,593
000365352500049 65,142
000264532400034 38,732
000251158500041 54,454
000264532400033 48,862
000365352500043 86,172
000365352500044 88,186
000264532400039 62,563
000264532400038 69,364
000365352500045 77,450
000264532400037 60,459
000365352500046 77,930
000251158500048 58,097
000251158500047 75,288
000251158500049 64,605
000251158500044 69,234
000264532400032 29,675
000251158500043 64,780
000264532400031 36,068
000264532400030 52,673
000251158500046 60,705
000251158500045 80,005
000287652900031 34,950
000266410100050 41,595
000287652900032 54,368
000287652900033 91,074
000287652900034 60,180
000287652900035 60,128
000287652900036 68,810
000287652900037 69,395
000287652900038 80,590
000287652900039 73,893
000261033400033 59,338
000235374900048 42,482
000235374900047 52,406
000261033400032 50,718
000261033400031 53,486
000235374900046 43,398
000235374900045 60,056
000261033400030 12,276
000235374900044 45,349
000235374900043 51,515
000225433200035 62,743
000235374900042 60,386
000235374900041 43,989
000235374900049 50,091
000225433200038 56,016
000235374900051 68,873
000225433200039 71,381
000235374900050 50,767
000261033400039 48,599
000225433200036 49,686
000261033400038 54,804
000225433200037 64,774
000261033400037 44,459
000261033400036 52,650
000261033400035 48,975
000261033400034 54,517
000261033400044 49,456
000225433200041 71,204
000225433200042 57,568
000261033400043 55,290
000261033400042 50,905
000225433200040 70,957
000261033400041 49,169
000261033400040 53,074
000225433200045 73,862
000225433200046 64,708
000235374900053 55,434
000225433200043 60,240
000225433200044 67,868
000235374900052 50,183
000225433200049 70,314
000225433200047 71,353
000225433200048 72,991
000261033400046 62,489
000261033400045 43,513
000225433200052 77,947
000225433200050 73,873
000225433200051 63,308
000178909700050 50,400
000261033400029 50,336
000242971100053 66,290
000242971100054 55,403
000242971100055 71,469
000242971100056 83,825
000242971100057 56,164
000242971100058 62,306
000242971100059 76,454
000323316100039 68,147
000323316100038 67,464
000323316100037 62,668
000323316100036 100,376
000323316100035 67,423
000323316100034 74,371
000323316100033 69,871
000323316100032 77,544
000323316100031 66,334
000323316100030 76,333
000171750200046 52,215
000171750200045 55,050
000257665300040 85,499
000171750200044 78,162
000171750200043 62,442
000257665300041 80,133
000257665300042 59,720
000171750200042 51,769
000257665300043 70,269
000171750200041 63,803
000257665300044 73,972
000171750200040 59,630
000242971100050 53,973
000171750200049 62,107
000242971100051 57,738
000171750200048 79,925
000242971100052 61,782
000171750200047 73,118
000172817200043 51,243
000172817200042 41,881
000172817200041 66,499
000172817200040 51,299
000257665300035 63,000
000257665300036 82,542
000257665300037 66,943
000257665300038 71,613
000257665300039 54,591
000323316100041 72,137
000323316100040 79,681
000257665300030 52,924
000257665300031 47,547
000257665300032 87,676
000257665300033 59,427
000171750200051 9,834
000257665300034 69,575
000171750200050 58,649
000172817200036 36,686
000242971100060 68,736
000242971100061 78,919
000172817200039 64,416
000172817200038 51,591
000242971100062 74,634
000172817200037 51,074
000257665300029 69,881
000242971100042 11,230
000242971100043 14,245
000242971100044 16,481
000242971100045 56,192
000242971100046 66,772
000242971100047 70,229
000242971100048 71,223
000242971100049 58,882
000224000500044 79,821
000224000500043 75,016
000224000500042 63,527
000224000500041 62,965
000224000500040 57,845
000224000500047 59,279
000224000500046 61,669
000224000500045 55,431
000242971100041 14,594
000088538000032 17,564
000088538000034 14,877
000088538000033 17,446
000088538000036 53,155
000088538000035 54,142
000088538000038 65,270
000088538000037 66,183
000224000500033 62,374
000224000500032 53,186
000224000500031 53,325
000224000500039 64,886
000224000500038 68,394
000224000500037 61,928
000224000500036 47,683
000224000500035 61,231
000224000500034 55,179
000088538000021 18,269
000242971100022 13,493
000242971100023 11,253
000088538000022 13,427
000242971100024 11,830
000308635900034 59,382
000308635900033 35,077
000308635900036 77,153
000308635900035 63,238
000308635900030 39,066
000308635900032 37,371
000308635900031 44,184
000308635900038 73,000
000308635900037 81,556
000308635900039 72,855
000172817200050 50,763
000088538000054 15,496
000088538000053 14,149
000172817200053 70,396
000172817200052 50,806
000172817200051 59,470
000088538000050 56,470
000088538000052 62,265
000088538000051 55,828
000308635900045 75,739
000308635900044 70,293
000308635900047 73,502
000308635900046 87,041
000308635900041 68,766
000308635900040 78,276
000308635900043 78,982
000308635900042 68,800
000172817200047 59,798
000172817200046 55,461
000172817200045 47,576
000172817200044 55,484
000308635900048 79,294
000172817200049 46,620
000172817200048 54,579
000088538000043 71,241
000088538000042 50,585
000088538000045 67,497
000088538000044 52,159
000088538000047 54,242
000323316100029 65,244
000088538000046 57,605
000088538000049 67,911
000323316100028 65,876
000088538000048 73,151
000323316100027 62,314
000323316100026 45,564
000088538000041 51,418
000088538000040 57,910
000088538000039 60,802
000220429800038 42,993
000220429800039 69,403
000220429800034 41,949
000220429800035 44,365
000220429800036 45,672
000220429800037 42,960
000220429800033 50,919
000220429800045 54,547
000220429800046 45,988
000220429800047 46,207
000220429800048 52,633
000220429800041 54,278
000220429800042 48,239
000220429800043 64,175
000220429800044 39,775
000220429800040 64,571
000088538000012 11,594
000317061100054 50,363
000317061100052 56,632
000317061100053 53,207
000317061100050 57,550
000317061100051 62,298
000317061100045 54,084
000317061100046 52,814
000317061100043 58,155
000317061100044 47,100
000317061100049 46,019
000317061100047 54,556
000317061100048 83,423
000319344100047 57,824
000319344100048 69,147
000319344100045 72,717
000319344100046 62,539
000317061100041 48,491
000317061100042 49,337
000319344100049 63,476
000317061100040 49,969
000319344100040 64,557
000319344100043 77,108
000319344100044 68,004
000319344100041 53,383
000319344100042 72,804
000317061100039 48,953
000319344100050 64,313
000290529900037 54,890
000319344100051 56,299
000290529900038 62,795
000290951300036 70,483
000290529900040 53,202
000290529900041 50,845
000290951300037 71,158
000290951300038 67,218
000290951300039 82,582
000290951300032 44,101
000290951300033 77,118
000290951300034 54,853
000290951300035 66,444
000290529900048 62,691
000290529900049 64,908
000290529900046 59,572
000290951300031 50,167
000290529900047 48,832
000290529900044 60,303
000290529900045 44,094
000290529900042 64,466
000290529900043 43,162
000290529900039 53,000
000290951300047 55,089
000319344100036 71,228
000290529900051 56,476
000319344100037 60,825
000290529900052 53,434
000290529900050 56,830
000290951300043 96,721
000290951300044 62,016
000319344100038 48,688
000290951300045 59,516
000290951300046 74,628
000319344100039 61,354
000290951300040 85,730
000290951300041 91,107
000290951300042 70,964
000171750200035 28,970
000171750200034 10,378
000171750200033 13,858
000171750200032 17,817
000171750200031 13,979
000171750200039 52,395
000171750200038 54,921
000171750200037 47,082
000171750200036 47,310
000184984200039 58,848
000184984200036 52,798
000184984200035 58,925
000184984200038 63,639
000184984200037 52,904
000184984200032 36,442
000184984200034 58,969
000184984200033 58,710
000182853100052 36,728
000225020200052 10,293
000182853100051 38,903
000225020200053 9,683
000182853100050 27,942
000225020200054 7,697
000225020200050 57,469
000225020200051 6,260
000182853100057 51,416
000182853100056 35,894
000182853100055 46,916
000182853100054 39,024
000182853100053 37,081
000269382300041 40,551
000269382300042 58,586
000269382300040 67,937
000269382300045 62,501
000184984200047 71,624
000184984200046 68,898
000269382300043 50,112
000184984200049 57,442
000269382300044 67,992
000184984200048 59,381
000184984200043 79,389
000184984200042 79,716
000184984200045 63,623
000184984200044 62,723
000184984200041 68,236
000184984200040 56,905
000225020200041 48,093
000182853100041 60,916
000182853100040 60,696
000225020200042 55,657
000225020200043 68,092
000225020200044 57,248
000225020200040 63,476
000225020200049 67,622
000182853100048 57,619
000182853100047 66,706
000182853100046 68,060
000225020200045 68,634
000182853100045 69,489
000225020200046 73,114
000182853100044 67,778
000182853100043 51,893
000225020200047 71,237
000182853100042 51,333
000225020200048 62,469
000269382300030 44,544
000269382300031 14,412
000269382300034 48,671
000269382300035 38,012
000269382300032 47,814
000182853100039 71,156
000269382300033 68,575
000269382300038 59,156
000269382300039 51,300
000269382300036 46,784
000269382300037 46,537
000184984200050 77,462
000225020200038 67,682
000338284400054 51,326
000257512900029 45,565
000225020200039 60,212
000338284400053 62,853
000338284400056 62,768
000338284400055 59,762
000225020200034 54,767
000338284400058 52,414
000225020200035 60,762
000338284400057 53,226
000225020200036 65,348
000338284400059 63,998
000225020200037 61,584
000325706300049 68,667
000325706300048 74,039
000325706300045 58,692
000325706300044 62,890
000325706300047 78,774
000325706300046 64,253
000325706300043 67,003
000325706300042 60,887
000325706300050 73,526
000338284400043 51,071
000338284400045 53,988
000338284400044 46,865
000338284400047 50,533
000338284400046 52,836
000338284400049 49,043
000338284400048 52,421
000257512900032 46,613
000257512900033 50,532
000257512900034 52,401
000257512900035 49,953
000338284400050 60,415
000257512900036 72,144
000257512900037 61,297
000257512900038 57,275
000338284400052 43,798
000338284400051 63,685
000257512900039 61,474
000325706300056 69,268
000325706300055 77,513
000325706300058 72,264
000325706300057 73,929
000325706300052 82,073
000325706300051 82,473
000325706300054 81,774
000257512900030 17,668
000325706300053 80,726
000257512900031 49,805
000312985800060 47,323
000289199400039 67,221
000312985800046 40,654
000312985800047 60,858
000312985800048 48,744
000312985800049 47,253
000257512900043 45,163
000257512900044 44,814
000289199400035 59,355
000289199400036 81,983
000289199400037 54,728
000289199400038 73,122
000257512900040 76,584
000257512900041 65,899
000257512900042 53,598
000312985800050 64,078
000312985800051 40,721
000312985800052 51,654
000312985800053 54,848
000312985800054 46,738
000312985800055 62,026
000312985800056 67,894
000312985800057 58,121
000312985800058 68,265
000312985800059 60,335
000289199400040 57,479
000289199400041 78,493
000289199400046 83,365
000289199400047 70,714
000289199400048 77,829
000289199400049 74,494
000289199400042 71,686
000289199400043 54,385
000289199400044 58,089
000289199400045 72,696
000316993400022 45,123
000181637300037 57,076
000181637300036 68,977
000181637300039 67,978
000181637300038 69,214
000182853100038 50,769
000316993400029 68,540
000182853100037 66,738
000265221600039 50,286
000316993400028 70,651
000182853100036 70,658
000316993400027 73,862
000182853100035 57,419
000316993400026 74,530
000182853100034 54,490
000182853100033 43,524
000316993400025 68,974
000316993400024 59,992
000182853100032 16,793
000316993400023 70,316
000182853100031 10,604
000265221600032 9,814
000265221600031 51,496
000265221600034 42,359
000265221600033 51,777
000265221600036 52,025
000265221600035 63,182
000265221600038 54,345
000265221600037 52,308
000181637300044 75,703
000181637300043 70,280
000181637300045 12,216
000181637300040 65,843
000181637300042 73,613
000181637300041 62,689
000181637300029 15,059
000181637300033 57,978
000181637300032 47,250
000181637300035 55,553
000181637300034 61,544
000181637300031 60,251
000181637300030 15,246
000316993400033 79,866
000316993400032 64,657
000316993400031 67,756
000316993400030 75,059
000316993400038 83,730
000316993400037 74,763
000316993400036 77,089
000316993400035 70,637
000316993400034 75,752
000265221600043 44,867
000265221600042 63,927
000265221600045 56,640
000265221600044 57,896
000265221600047 56,687
000265221600046 66,528
000265221600048 36,044
000265221600041 62,470
000265221600040 70,976
000178222000036 12,427
000178222000039 49,161
000178222000037 52,576
000178222000038 57,235
000084578400052 41,606
000186396300035 47,763
000084578400051 50,906
000186396300036 18,560
000084578400050 51,578
000186396300037 48,833
000186396300038 41,237
000296849600037 40,979
000186396300039 54,502
000084578400055 60,018
000296849600038 53,476
000084578400054 43,933
000296849600039 58,159
000084578400053 52,482
000245079500033 61,159
000245079500034 60,332
000245079500031 44,588
000245079500032 53,133
000245079500037 59,845
000245079500038 58,778
000245079500035 65,447
000245079500036 72,109
000175910300054 57,112
000084578400049 69,308
000175910300053 48,757
000084578400048 36,308
000084578400047 49,536
000084578400046 35,897
000296849600040 57,176
000175910300050 40,678
000296849600041 52,880
000296849600042 49,440
000175910300052 47,057
000296849600043 46,857
000175910300051 53,616
000296849600044 55,975
000084578400041 72,234
000084578400040 47,050
000296849600045 49,078
000245079500039 56,085
000296849600046 52,618
000296849600047 74,615
000084578400045 49,953
000296849600048 62,358
000296849600049 70,609
000084578400044 49,914
000084578400043 49,535
000084578400042 43,817
000175910300043 68,941
000084578400038 42,166
000175910300042 50,596
000084578400037 9,099
000175910300045 59,172
000175910300044 53,046
000235870400043 47,875
000235870400044 48,862
000175910300041 49,495
000235870400045 52,922
000235870400046 48,196
000175910300040 52,220
000084578400039 42,817
000235870400040 61,043
000235870400041 42,866
000235870400042 56,962
000175910300047 51,209
000175910300046 66,088
000175910300049 57,300
000175910300048 41,775
000235870400036 51,973
000175910300032 35,368
000235870400037 31,132
000235870400038 49,722
000235870400039 55,831
000235870400032 9,474
000235870400033 56,404
000235870400034 51,208
000235870400035 43,892
000175910300039 34,795
000235870400031 49,387
000175910300036 35,268
000175910300038 16,458
000175910300037 42,871
000366053300038 66,581
000366053300037 84,846
000366053300039 83,935
000366053300034 56,462
000366053300033 61,297
000366053300036 73,905
000366053300035 72,178
000241557800035 47,389
000366053300030 73,236
000241557800036 15,439
000165228200036 13,137
000366053300032 66,287
000165228200037 56,825
000366053300031 57,077
000165228200038 43,187
000241557800039 48,289
000165228200039 50,693
000175910300024 16,524
000241557800037 66,317
000241557800038 51,448
000241557800042 49,935
000241557800043 38,618
000241557800040 40,115
000241557800041 60,746
000165228200040 61,120
000165228200041 51,203
000165228200042 50,151
000165228200043 63,744
000165228200044 40,243
000165228200045 46,756
000165228200046 49,305
000241557800046 42,243
000165228200047 50,341
000241557800047 42,913
000165228200048 72,716
000241557800044 67,229
000241557800045 54,275
000165228200049 46,366
000241557800048 57,282
000241557800049 47,641
000245079500044 59,681
000241557800050 46,425
000245079500042 77,590
000295320900040 91,787
000295320900041 93,562
000245079500043 68,391
000241557800053 65,408
000241557800051 52,631
000241557800052 49,768
000245079500040 66,305
000295320900042 86,553
000295320900043 76,275
000245079500041 70,106
000295320900044 69,034
000295320900045 83,471
000165228200050 40,169
000165228200051 47,317
000296849600050 60,049
000296849600051 58,205
000296849600052 48,068
000296849600053 57,739
000178222000050 34,171
000178222000051 75,946
000178222000046 51,135
000178222000047 69,965
000178222000044 43,330
000178222000045 57,094
000178222000048 60,034
000178222000049 66,405
000295320900035 64,494
000295320900036 71,535
000295320900037 74,367
000295320900038 67,893
000295320900031 59,442
000295320900032 59,594
000295320900033 60,257
000295320900034 53,050
000295320900039 69,898
000178222000042 55,271
000178222000043 46,155
000178222000040 32,581
000178222000041 59,545
000259680200048 59,757
000259680200049 63,089
000259680200046 59,679
000259680200047 51,177
000259680200040 55,067
000259680200041 51,397
000259680200044 55,748
000259680200045 51,944
000259680200042 45,093
000259680200043 45,355
000366162400041 65,242
000366162400040 67,446
000366162400043 60,393
000366162400042 62,488
000366162400045 50,985
000366162400044 68,132
000366162400046 72,924
000259680200050 51,198
000339962800029 61,820
000339962800035 49,020
000339962800036 54,472
000366162400030 38,094
000339962800033 48,409
000339962800034 54,907
000339962800031 54,345
000366162400032 54,454
000339962800032 55,231
000366162400031 48,721
000366162400034 53,524
000339962800030 53,734
000366162400033 49,572
000366162400036 47,321
000366162400035 53,398
000366162400038 64,791
000366162400037 55,441
000339962800039 58,376
000165228200017 5,151
000366162400039 61,344
000339962800037 53,057
000339962800038 55,166
000339962800044 60,082
000339962800042 60,021
000339962800043 65,659
000339962800040 55,759
000339962800041 57,134
000165228200029 9,974
000362405600040 66,036
000362405600041 72,072
000189238600052 61,450
000189238600053 57,512
000189238600054 53,901
000189238600055 47,240
000189238600050 54,470
000189238600051 48,580
000337531700042 62,512
000236548400039 61,168
000337531700041 53,825
000236548400037 64,721
000337531700040 51,753
000236548400038 73,165
000362405600039 62,576
000236548400035 64,363
000236548400036 46,936
000362405600037 59,796
000236548400033 58,085
000236548400034 65,334
000337531700043 55,927
000362405600038 58,109
000362405600035 56,386
000362405600036 66,315
000362405600033 51,343
000362405600034 43,405
000362405600031 51,661
000362405600032 57,611
000362405600030 74,184
000189238600041 9,109
000236548400042 77,048
000236548400043 84,065
000189238600042 62,475
000189238600043 48,719
000236548400040 54,822
000236548400041 72,667
000189238600044 59,362
000337531700031 43,904
000189238600049 53,839
000337531700030 57,454
000236548400048 64,253
000236548400049 68,720
000189238600045 65,273
000362405600028 66,343
000337531700035 52,090
000236548400046 85,680
000236548400047 81,522
000189238600046 55,044
000337531700034 51,480
000362405600029 59,583
000337531700033 53,674
000189238600047 44,188
000236548400044 60,052
000189238600048 52,086
000337531700032 51,606
000236548400045 60,055
000337531700039 56,174
000337531700038 66,752
000337531700037 49,671
000337531700036 51,373
000186396300050 43,477
000186396300051 52,380
000186396300052 65,073
000186396300040 57,983
000186396300041 47,198
000186396300042 51,452
000186396300043 56,185
000186396300044 51,373
000186396300045 63,690
000259680200037 46,488
000259680200038 38,655
000259680200035 13,479
000259680200036 61,331
000339962800001 45,088
000259680200039 59,916
000186396300046 57,736
000186396300047 54,603
000186396300048 50,677
000186396300049 51,770
000259680200034 65,584
000232496100039 62,144
000232496100038 71,853
000232496100037 57,395
000232496100036 62,800
000232496100035 72,151
000232496100034 51,574
000172927700006 10,268
000180165500030 54,819
000172927700005 9,417
000172927700007 9,600
000180165500037 58,406
000180165500038 65,486
000180165500035 49,157
000180165500036 73,279
000180165500033 66,345
000180165500034 65,337
000180165500031 56,875
000180165500032 69,648
000180165500039 84,373
000232496100049 66,914
000232496100048 73,171
000232496100047 52,570
000232496100046 77,279
000232496100045 74,104
000180165500040 72,886
000180165500041 49,262
000180165500044 73,345
000180165500042 65,810
000180165500043 68,832
000232496100044 62,029
000232496100043 65,352
000232496100042 64,970
000232496100041 62,756
000232496100040 74,886
000172927700044 11,528
000172927700043 12,855
000172927700046 58,212
000172927700045 16,575
000172927700048 58,031
000172927700047 61,484
000172927700049 58,180
000172927700053 45,818
000172927700052 44,274
000172927700055 59,972
000172927700054 54,940
000172927700057 50,709
000172927700056 63,418
000172927700059 41,929
000172927700058 55,320
000172927700051 52,575
000172927700050 42,498
000294000400040 69,956
000294000400044 42,650
000294000400043 52,333
000294000400042 39,300
000294000400041 50,163
000172927700064 47,072
000294000400048 49,059
000294000400047 51,425
000172927700063 59,446
000294000400045 40,512
000172927700065 11,056
000294000400049 52,974
000172927700060 48,991
000172927700062 71,344
000172927700061 54,933
000294000400051 48,976
000294000400050 46,325
000294000400055 76,058
000294000400054 42,984
000294000400053 62,898
000294000400052 51,023
000294000400059 68,931
000294000400058 46,213
000294000400057 42,489
000294000400056 48,569
000294000400062 59,273
000294000400061 68,118
000294000400060 66,550
000180165500027 16,394
000180165500028 10,600
000180165500029 57,509
000245813400038 28,216
000245813400039 38,154
000245813400036 14,726
000245813400037 41,189
000245813400040 42,978
000245813400049 59,754
000245813400045 36,954
000245813400046 15,147
000245813400047 51,899
000245813400048 37,932
000245813400041 39,015
000245813400042 41,357
000245813400043 38,369
000245813400044 44,022
000173350700039 11,534
000245813400050 50,473
000245813400051 51,854
000245813400056 58,792
000245813400057 64,473
000245813400058 48,479
000245813400059 42,682
000245813400052 66,205
000245813400053 69,103
000245813400054 56,364
000245813400055 46,000
000173350700038 33,778
000366053300045 77,330
000366053300044 68,444
000173350700040 54,317
000366053300046 72,615
000173350700041 65,611
000366053300041 74,361
000173350700042 82,598
000173350700043 50,360
000366053300040 67,375
000366053300043 88,942
000173350700044 37,652
000366053300042 61,465
000173350700045 41,493
000173350700046 46,259
000173350700047 52,940
000173350700048 46,914
000173350700049 63,555
000173350700050 75,333
000173350700051 61,693
000173350700052 48,662
000173350700053 65,936
000173350700054 68,798
000173350700055 61,886
000173350700056 11,239
000249724800032 43,782
000249724800033 48,304
000249724800034 63,308
000249724800035 65,721
000249724800036 59,411
000249724800037 65,587
000172647700057 47,285
000249724800038 72,005
000172647700055 59,114
000172647700056 39,650
000172647700053 53,737
000172647700054 52,634
000172647700051 63,668
000172647700052 57,093
000172647700050 62,003
000249724800039 56,249
000249724800042 88,150
000249724800043 59,555
000249724800044 98,170
000249724800045 61,210
000172647700048 64,806
000249724800046 63,801
000253530600035 62,836
000253530600036 62,656
000249724800047 69,187
000172647700049 50,887
000172647700046 46,690
000249724800048 61,353
000172647700047 53,291
000253530600034 14,427
000172647700044 56,182
000172647700045 41,989
000172647700042 45,865
000172647700043 44,444
000172647700040 47,969
000172647700041 43,244
000249724800040 79,519
000249724800041 68,076
000184056200039 45,855
000184056200037 34,998
000253530600039 53,788
000184056200038 49,928
000184056200035 66,068
000253530600037 55,967
000253530600038 42,433
000184056200036 47,251
000184056200033 14,413
000184056200034 8,498
000184056200032 37,867
000184056200040 53,476
000253530600042 57,586
000253530600043 55,680
000184056200041 54,429
000172647700039 40,780
000253530600040 54,240
000253530600041 58,098
000253530600046 65,527
000253530600047 54,871
000253530600044 58,727
000253530600045 56,020
000184056200048 48,848
000184056200049 46,767
000253530600048 54,119
000184056200046 62,493
000253530600049 64,570
000184056200047 64,089
000184056200044 50,460
000184056200045 66,177
000184056200042 59,550
000184056200043 35,058
000175460200030 17,674
000175460200031 11,690
000175460200032 14,561
000175460200033 13,036
000175460200034 50,398
000175460200035 58,884
000175460200036 55,960
000175460200037 60,184
000175460200038 56,049
000175460200039 62,897
000349821400001 57,096
000349821400002 47,870
000175460200040 65,829
000175460200041 56,605
000175460200042 68,945
000175460200043 66,113
000175460200044 53,413
000175460200045 72,901
000175460200046 72,086
000175460200047 51,941
000175460200048 83,932
000175460200049 62,879
000278249000041 68,922
000278249000040 79,343
000278249000043 103,081
000278249000042 71,169
000278249000045 61,728
000278249000044 62,121
000278249000047 74,015
000278249000046 56,548
000278249000048 66,733
000260038300057 75,998
000260038300056 95,942
000260038300055 80,832
000260038300054 68,429
000260038300053 98,423
000260038300052 78,648
000260038300051 79,600
000260038300050 69,069
000278249000032 81,531
000278249000031 33,616
000278249000034 54,713
000278249000033 65,493
000278249000036 69,964
000278249000035 54,852
000278249000038 68,915
000278249000037 71,518
000278249000039 68,863
000166434300042 63,407
000166434300041 63,840
000166434300040 63,385
000260038300039 33,492
000260038300038 47,171
000260038300037 9,100
000260038300036 13,146
000166434300049 69,099
000166434300048 80,047
000166434300047 67,424
000166434300046 73,297
000166434300045 60,637
000166434300044 63,921
000259449600051 56,968
000166434300043 63,690
000259449600050 68,805
000166434300053 69,156
000166434300052 54,864
000166434300051 66,640
000166434300050 59,500
000259449600049 64,471
000259449600048 86,467
000259449600047 72,868
000260038300049 83,358
000260038300048 70,328
000260038300047 78,063
000260038300046 64,939
000259449600046 74,097
000260038300045 54,992
000259449600045 75,854
000260038300044 61,143
000168021900011 12,308
000259449600044 85,049
000260038300043 64,761
000259449600043 78,156
000260038300042 67,874
000259449600042 61,662
000260038300041 69,398
000259449600041 73,582
000260038300040 39,364
000166434300056 75,010
000259449600040 72,690
000166434300055 56,304
000168021900012 10,670
000166434300054 68,179
000259449600039 66,454
000259449600038 62,624
000259449600037 63,487
000259449600036 55,469
000166434300039 57,864
000166434300038 66,959
000166434300037 65,525
000166434300036 15,025
000166434300035 13,368
000166434300034 14,110
000166434300033 8,707
000166434300032 22,989
000312250800050 58,605
000312250800051 58,303
000182295900028 42,704
000242406100040 54,680
000182295900029 11,784
000242406100042 51,697
000242406100041 47,235
000242406100044 63,278
000242406100043 48,491
000242406100046 60,769
000242406100045 47,636
000312250800049 51,852
000230140500052 60,226
000327851700054 84,210
000312250800047 52,284
000230140500051 73,934
000312250800048 65,300
000230140500050 69,172
000327851700052 77,855
000312250800045 41,999
000327851700053 84,951
000312250800046 57,133
000327851700050 76,543
000312250800043 42,499
000327851700051 92,680
000312250800044 67,718
000312250800041 56,149
000312250800042 54,420
000312250800040 41,920
000182295900039 56,764
000230140500049 59,721
000230140500048 87,568
000230140500047 64,594
000182295900030 60,813
000230140500046 67,494
000230140500045 57,497
000230140500044 63,586
000230140500043 68,365
000230140500042 63,435
000182295900035 55,014
000182295900036 42,821
000312250800039 42,969
000230140500041 65,223
000230140500040 82,249
000182295900037 48,998
000182295900038 40,940
000182295900031 55,410
000182295900032 48,901
000182295900033 54,395
000182295900034 62,339
000224435500042 68,369
000166434300064 35,426
000224435500041 57,616
000166434300063 26,415
000224435500040 68,662
000166434300062 46,965
000166434300061 28,908
000224435500046 52,192
000166434300060 26,872
000224435500045 61,760
000224435500044 70,666
000224435500043 55,899
000230140500039 51,262
000230140500038 52,342
000230140500037 56,295
000230140500036 56,117
000230140500035 48,946
000230140500034 59,327
000327851700039 59,589
000230140500033 40,896
000230140500032 11,551
000224435500049 63,268
000224435500048 55,121
000224435500047 75,303
000166434300069 25,104
000166434300068 31,749
000166434300066 33,800
000166434300065 27,007
000224435500031 36,132
000224435500035 31,623
000224435500034 36,481
000166434300070 36,668
000224435500033 39,855
000242406100031 55,842
000224435500032 41,052
000242406100030 12,404
000242406100033 41,613
000242406100032 47,911
000242406100035 51,737
000242406100034 49,523
000242406100037 54,132
000242406100036 54,602
000242406100039 51,757
000242406100038 48,693
000327851700049 82,189
000327851700047 81,050
000327851700048 87,243
000327851700045 79,177
000224435500039 53,245
000224435500038 52,896
000327851700046 59,542
000327851700043 72,143
000224435500037 61,026
000224435500036 34,194
000327851700044 68,408
000327851700041 53,938
000327851700042 77,567
000327851700040 56,398
000179915900053 61,029
000179915900052 51,324
000179915900051 42,406
000179915900050 44,826
000179915900059 31,233
000179915900058 63,746
000179915900057 67,395
000179915900056 57,084
000179915900055 63,400
000179915900054 37,574
000224435500053 75,002
000224435500052 63,418
000224435500051 50,888
000224435500050 64,803
000179915900062 11,181
000179915900061 55,470
000179915900060 47,259
000167148800058 47,948
000167148800059 49,866
000167148800056 60,107
000167148800057 45,972
000167148800052 68,811
000167148800053 73,894
000167148800050 66,380
000167148800051 71,626
000175860300032 51,746
000175860300031 15,392
000175860300030 22,223
000167148800060 32,721
000175860300039 71,169
000179915900049 44,631
000175860300038 69,163
000179915900048 44,788
000175860300037 50,265
000179915900047 57,511
000175860300036 61,757
000179915900046 47,408
000175860300035 69,661
000179915900045 14,363
000175860300034 51,919
000179915900044 36,458
000175860300033 12,585
000167148800036 59,200
000167148800037 63,762
000167148800034 48,060
000167148800035 56,818
000167148800032 13,126
000167148800033 7,959
000167148800030 21,098
000167148800031 12,644
000257121200040 45,114
000257121200041 54,474
000257121200042 68,341
000167148800038 60,288
000167148800039 61,092
000167148800047 63,316
000167148800048 75,425
000167148800045 59,907
000167148800046 65,161
000167148800043 63,903
000167148800044 73,927
000167148800041 61,793
000167148800042 65,121
000225841000053 16,804
000167148800040 63,066
000225841000054 50,549
000225841000052 49,355
000225841000059 49,193
000225841000057 60,279
000225841000058 55,837
000225841000055 49,875
000225841000056 38,722
000167148800049 62,860
000257121200028 13,517
000167148800014 7,816
000257121200029 56,350
000299471800044 63,481
000299471800045 99,680
000299471800042 69,328
000299471800043 85,429
000299471800040 71,383
000299471800041 76,717
000254172300040 64,720
000254172300041 57,385
000254172300042 60,725
000254172300043 61,182
000254172300044 54,620
000254172300045 55,239
000254172300046 59,614
000254172300047 64,392
000257121200027 45,892
000337531700029 59,891
000299471800035 56,488
000257121200039 65,787
000299471800036 64,298
000299471800033 65,568
000167148800023 10,790
000299471800034 60,173
000299471800031 66,404
000167148800022 23,255
000299471800032 72,568
000299471800030 67,073
000299471800039 79,496
000299471800037 58,534
000299471800038 63,979
000254172300030 45,826
000254172300031 11,761
000254172300032 56,464
000257121200030 43,958
000254172300037 69,015
000257121200031 60,665
000254172300038 49,849
000257121200032 50,572
000254172300039 55,018
000257121200033 53,110
000257121200034 47,427
000257121200035 43,865
000254172300033 45,988
000254172300034 51,002
000257121200036 48,962
000254172300035 38,937
000257121200037 64,828
000257121200038 71,905
000254172300036 51,251
000089818100038 56,255
000089818100039 48,984
000089818100036 57,954
000089818100037 47,226
000089818100041 49,059
000089818100042 39,848
000089818100040 52,508
000089818100045 47,012
000089818100046 64,742
000089818100043 50,015
000089818100044 42,934
000089818100049 63,658
000089818100047 50,290
000089818100048 50,779
000170318000045 63,206
000170318000044 63,466
000283786900040 73,065
000283786900044 94,976
000283786900043 74,694
000283786900042 83,090
000283786900041 65,528
000225841000064 56,714
000170318000039 67,963
000225841000065 45,096
000170318000038 67,962
000225841000062 64,073
000170318000037 73,377
000225841000063 48,984
000225841000060 59,040
000170318000036 51,282
000170318000035 65,159
000225841000061 59,848
000170318000034 50,962
000170318000033 63,221
000283548600049 66,455
000170318000043 62,702
000286886400034 69,273
000170318000042 76,127
000283548600048 67,172
000286886400033 56,770
000283548600047 66,391
000286886400032 55,787
000170318000041 59,928
000283548600046 69,827
000170318000040 61,427
000225841000068 53,348
000286886400038 61,412
000286886400037 60,655
000225841000066 54,280
000286886400036 57,545
000286886400035 53,359
000225841000067 56,286
000283548600041 69,376
000283786900047 88,179
000283548600040 59,338
000283786900046 75,972
000286886400039 84,716
000283786900045 75,524
000283548600045 83,528
000283548600044 69,967
000283548600043 65,473
000283548600042 59,497
000089818100026 11,141
000283786900033 36,541
000170318000029 14,952
000251394900063 50,993
000170318000028 12,568
000170318000027 23,287
000286886400041 70,636
000251394900060 81,915
000286886400040 96,399
000251394900062 74,058
000251394900061 66,731
000170318000032 53,901
000286886400045 97,750
000286886400044 63,985
000286886400043 79,035
000170318000030 14,373
000286886400042 64,549
000286886400047 77,059
000286886400046 77,165
000283548600052 88,534
000283786900037 51,020
000283786900036 74,415
000283548600051 82,458
000283548600050 85,729
000283786900035 59,679
000283786900034 41,234
000089818100034 42,271
000089818100035 8,888
000283786900039 80,796
000283786900038 83,387
000259121800031 17,798
000259121800032 51,694
000259121800033 59,405
000259121800034 66,795
000259121800035 47,073
000259121800036 42,006
000259121800037 65,150
000259121800038 43,392
000259121800039 52,707
000259121800040 57,228
000259121800041 52,535
000283548600039 58,647
000259121800030 48,071
000311083600040 48,105
000311083600041 57,237
000311083600039 43,963
000311083600034 46,439
000311083600035 51,242
000311083600036 46,466
000311083600037 40,142
000311083600038 65,692
000259121800042 65,878
000259121800043 57,831
000259121800044 54,028
000259121800045 54,571
000259121800046 63,206
000311083600050 59,168
000311083600051 66,391
000311083600042 71,132
000311083600043 56,556
000311083600044 68,695
000311083600045 52,704
000311083600046 67,431
000311083600047 65,552
000311083600048 77,016
000311083600049 59,390
000241031200056 56,019
000241031200055 58,567
000241031200054 56,084
000241031200053 62,194
000241031200052 58,465
000306542600048 54,689
000241031200051 52,763
000241031200050 65,625
000306542600049 47,092
000177305600034 60,057
000306542600046 51,481
000319972800038 55,883
000366678600046 69,406
000366678600047 74,065
000177305600035 62,118
000306542600047 50,938
000319972800039 52,775
000366678600048 75,617
000319972800036 46,494
000306542600044 53,249
000366678600049 75,715
000177305600033 53,120
000319972800037 49,322
000306542600045 51,381
000177305600038 63,777
000177305600039 58,718
000306542600043 41,150
000319972800035 38,807
000177305600036 61,259
000177305600037 53,105
000319972800041 43,991
000306542600050 59,899
000319972800042 45,911
000319972800040 53,603
000366678600042 43,062
000177305600030 16,678
000366678600043 60,394
000177305600031 12,974
000366678600044 61,704
000366678600045 62,216
000254172300029 37,842
000267761000040 66,874
000267761000043 68,915
000267761000044 77,312
000267761000041 73,854
000267761000042 75,775
000306542600057 46,305
000177305600045 88,141
000177305600046 72,977
000306542600055 60,583
000177305600043 90,789
000177305600044 60,507
000306542600056 51,813
000306542600053 43,263
000306542600054 78,390
000177305600047 67,940
000306542600051 59,805
000177305600048 53,872
000306542600052 57,063
000177305600041 69,140
000177305600042 59,052
000177305600040 62,719
000267761000047 75,696
000267761000045 73,998
000267761000046 62,970
000267761000032 40,887
000267761000033 57,654
000267761000030 11,280
000267761000031 11,438
000177305600056 46,000
000177305600057 43,490
000177305600054 38,212
000177305600055 28,165
000177305600058 38,385
000177305600059 23,483
000177305600053 42,590
000267761000036 61,682
000267761000037 66,035
000267761000034 86,609
000267761000035 74,413
000241031200039 35,705
000267761000038 58,090
000267761000039 70,604
000241031200046 43,657
000241031200045 46,163
000241031200044 44,747
000241031200043 59,996
000241031200042 14,497
000241031200041 45,079
000241031200040 48,351
000319972800049 64,540
000319972800047 56,384
000319972800048 57,242
000319972800045 54,382
000319972800046 63,675
000319972800043 59,069
000319972800044 47,262
000319972800052 64,347
000319972800053 55,603
000319972800050 51,936
000319972800051 69,491
000267761000029 7,773
000241031200049 54,852
000241031200048 50,543
000241031200047 65,620
000267761000028 8,528
000303498800038 47,919
000303498800039 59,685
000303498800036 19,117
000303498800037 56,192
000359092900031 49,357
000359092900032 53,705
000359092900033 74,789
000359092900034 65,538
000359092900035 68,732
000359092900036 55,882
000359092900037 60,900
000359092900038 63,485
000359092900039 61,228
000256632000039 59,983
000288754500059 57,715
000288754500058 64,807
000288754500057 52,472
000288754500056 49,524
000256632000033 48,475
000256632000034 58,412
000256632000037 54,257
000256632000038 73,251
000256632000035 62,117
000256632000036 70,257
000288754500055 67,021
000222992100029 58,828
000288754500054 66,872
000288754500053 54,865
000288754500052 55,817
000288754500051 73,041
000288754500050 53,775
000245106900029 61,853
000288754500061 67,751
000288754500060 66,443
000303872300050 65,338
000303872300051 61,018
000303872300052 67,080
000303872300053 57,516
000303872300054 51,658
000303872300055 40,477
000303872300056 62,313
000349770700001 45,874
000349770700002 54,477
000359092900040 46,748
000359092900041 53,976
000359092900042 42,536
000359092900043 66,491
000277558500032 69,565
000359092900044 71,122
000277558500033 73,759
000277558500034 68,387
000277558500035 75,488
000277558500036 94,933
000277558500037 76,412
000277558500038 67,881
000277558500039 83,127
000303872300039 59,827
000277558500030 67,660
000277558500031 73,025
000241896000057 43,956
000241896000056 42,229
000241896000055 52,401
000241896000054 55,251
000241896000053 69,914
000241896000052 58,487
000241896000051 49,544
000241896000050 54,615
000277558500029 53,592
000303872300040 47,276
000303872300041 51,550
000303872300046 46,107
000303872300047 48,353
000303872300048 65,991
000303872300049 62,592
000303872300042 57,095
000303872300043 62,568
000277558500026 75,817
000277558500027 60,242
000303872300044 57,919
000277558500028 51,226
000303872300045 52,805
000251394900057 79,513
000251394900056 77,404
000251394900059 60,120
000251394900058 65,915
000251394900053 58,255
000251394900052 72,172
000251394900055 95,309
000251394900054 62,365
000251394900051 71,368
000251394900050 58,733
000241896000039 16,924
000251394900049 72,355
000251394900046 62,468
000251394900045 88,545
000251394900048 52,236
000251394900047 55,038
000251394900044 78,855
000251394900043 47,583
000241896000049 46,977
000241896000048 49,012
000277558500040 63,401
000277558500041 89,071
000241896000047 46,847
000241896000046 47,212
000277558500042 106,061
000241896000045 44,055
000241896000044 56,865
000241896000043 14,602
000241896000042 48,882
000241896000041 50,001
000241896000040 51,790
000295080500039 52,739
000295080500038 66,301
000295080500037 53,632
000295080500036 85,923
000295080500031 53,282
000295080500035 55,413
000295080500034 55,726
000295080500033 80,872
000295080500032 75,525
000089355800040 58,396
000089355800041 50,578
000089355800042 65,673
000089355800043 55,190
000089355800044 46,741
000089355800045 46,726
000089355800046 53,629
000089355800047 57,277
000089355800048 61,619
000089355800049 45,193
000089355800039 55,798
000295080500047 82,130
000295080500042 59,173
000295080500041 73,874
000295080500040 81,335
000295080500046 93,257
000295080500045 68,249
000295080500044 79,600
000295080500043 71,340
000089355800035 61,131
000089355800036 61,236
000089355800037 38,624
000089355800038 46,032
000222992100044 52,813
000222992100043 48,815
000222992100042 46,073
000222992100041 39,656
000222992100040 56,786
000256632000050 56,407
000222992100049 54,129
000222992100048 55,395
000222992100047 49,849
000222992100046 64,490
000222992100045 49,102
000307354500048 44,702
000307354500047 49,288
000307354500044 40,503
000307354500043 46,725
000307354500042 47,266
000307354500041 48,067
000256632000044 69,155
000256632000045 81,978
000256632000042 78,813
000256632000043 79,394
000256632000048 48,930
000256632000049 59,067
000256632000046 81,855
000256632000047 93,850
000307354500049 48,738
000256632000040 75,211
000256632000041 91,811
000307354500051 48,916
000307354500050 63,894
000222992100039 12,828
000303498800052 64,135
000166487500038 54,920
000307354500059 64,021
000166487500039 55,718
000307354500058 57,777
000166487500036 54,328
000303498800050 56,495
000307354500057 50,631
000307354500056 64,198
000303498800051 52,155
000166487500037 66,509
000307354500055 52,061
000307354500054 57,692
000307354500053 51,333
000307354500052 56,899
000166487500030 36,746
000166487500031 41,387
000307354500060 58,178
000166487500034 52,892
000166487500035 53,776
000166487500032 49,979
000166487500033 47,033
000303498800041 54,765
000181343100043 74,246
000303498800042 55,424
000181343100041 65,618
000222992100053 66,466
000166487500047 9,168
000181343100042 86,585
000303498800040 51,626
000222992100052 64,269
000222992100051 67,801
000303498800045 56,387
000303498800046 43,647
000181343100040 68,576
000222992100050 52,424
000303498800043 59,773
000303498800044 52,707
000303498800049 47,957
000303498800047 64,247
000303498800048 62,989
000166487500041 56,971
000166487500042 53,496
000166487500040 59,611
000166487500045 40,805
000166487500046 56,186
000166487500043 59,320
000166487500044 49,299
000181343100032 70,513
000181343100033 47,859
000181343100030 65,679
000181343100031 55,873
000175860300043 66,184
000175860300042 82,104
000181343100038 58,516
000175860300041 78,134
000175860300040 69,026
000181343100039 71,472
000181343100036 68,889
000181343100037 56,862
000181343100034 55,134
000181343100035 65,569
000175860300047 69,763
000175860300046 79,673
000261170500029 70,986
000175860300045 69,196
000175860300044 60,944
000181343100029 38,636
000181343100027 11,529
000181343100028 13,366
000281616300038 86,822
000281616300039 91,714
000281616300036 64,174
000281616300037 83,790
000261170500035 69,422
000261170500036 70,926
000261170500033 66,995
000261170500034 73,492
000261170500039 67,100
000261170500037 75,504
000261170500038 73,409
000281616300040 80,382
000261170500031 57,599
000261170500032 60,760
000261170500030 58,707
000310774300049 81,642
000181343100011 12,156
000310774300045 70,240
000310774300046 67,278
000310774300047 94,145
000310774300048 87,467
000281616300029 73,884
000281616300027 44,517
000281616300028 62,240
000181343100012 14,445
000281616300026 38,854
000281616300034 82,191
000281616300035 57,050
000281616300032 83,037
000261170500044 68,753
000281616300033 91,950
000261170500045 88,382
000281616300030 70,634
000281616300031 80,410
000310774300041 82,511
000310774300042 74,968
000310774300043 63,133
000310774300044 80,774
000261170500042 69,605
000261170500043 77,569
000261170500040 92,841
000310774300040 82,036
000261170500041 64,494
000310774300050 80,097
000177788600040 70,385
000177788600041 59,538
000177788600042 69,124
000177788600043 77,302
000310774300038 61,105
000310774300039 68,110
000310774300034 55,722
000310774300035 70,315
000177788600030 34,656
000177788600031 66,071
000310774300036 40,880
000310774300037 55,739
000177788600032 61,638
000327851700029 57,586
000327851700027 48,110
000327851700028 40,765
000327851700025 49,714
000327851700026 38,024
000327851700023 52,294
000177788600033 58,498
000327851700024 49,856
000177788600034 50,968
000177788600035 70,287
000177788600036 59,625
000177788600037 68,726
000177788600038 67,595
000177788600039 64,198
000182295900040 46,715
000182295900041 42,742
000182295900042 53,452
000182295900043 51,074
000182295900044 48,679
000177788600028 11,407
000182295900045 44,564
000177788600029 16,251
000277159800045 59,370
000277159800046 17,330
000277159800047 55,792
000277159800048 46,273
000277159800041 53,571
000277159800042 74,209
000277159800043 78,057
000277159800044 58,370
000277159800040 52,710
000247066400041 53,792
000247066400042 55,033
000247066400043 56,514
000247066400044 63,933
000247066400040 37,966
000247066400049 52,705
000247066400045 42,029
000247066400046 47,520
000247066400047 49,312
000247066400048 54,569
000277159800034 12,330
000277159800035 44,652
000277159800036 58,338
000277159800037 51,641
000277159800033 44,259
000277159800038 53,283
000277159800039 59,363
000245106900037 58,147
000245106900036 41,646
000245106900035 42,551
000245106900034 54,121
000245106900033 52,885
000245106900032 40,855
000245106900031 18,124
000245106900030 11,363
000177054200052 58,658
000177054200051 54,198
000177054200054 61,666
000177054200053 56,600
000177054200056 71,966
000177054200055 55,184
000245106900039 41,590
000177054200057 41,270
000245106900038 48,890
000177054200050 55,128
000245106900040 48,089
000288754500049 42,270
000288754500048 51,602
000288754500047 48,680
000288754500046 66,329
000288754500045 48,202
000177054200049 53,917
000177054200048 54,282
000245106900045 51,249
000245106900044 46,703
000245106900043 50,135
000245106900042 43,483
000245106900041 44,849
000229638700037 11,969
000177054200041 15,290
000167153400036 41,674
000167153400037 49,779
000229638700039 58,792
000177054200040 43,580
000167153400038 54,272
000177054200043 48,809
000167153400039 54,804
000177054200042 62,307
000177054200045 37,414
000177054200044 49,340
000177054200047 44,153
000177054200046 43,490
000167153400035 49,308
000288754500044 43,077
000288754500043 35,112
000177054200037 41,122
000177054200039 39,735
000177054200033 14,060
000177054200036 38,757
000247066400033 43,570
000247066400038 45,224
000247066400039 45,778
000247066400034 11,416
000247066400035 40,015
000247066400036 44,532
000247066400037 54,286
000087687000038 44,258
000087687000037 47,640
000087687000036 40,943
000087687000039 40,914
000087687000028 11,500
000087687000052 49,453
000087687000051 48,825
000087687000050 53,615
000087687000054 41,503
000229638700040 57,873
000087687000053 56,355
000229638700041 65,994
000229638700042 54,750
000229638700043 52,710
000229638700044 62,042
000229638700045 62,132
000229638700046 65,432
000229638700047 57,151
000229638700048 54,159
000229638700049 58,076
000167153400047 61,651
000167153400048 57,391
000167153400049 49,382
000167153400043 40,921
000167153400044 48,038
000167153400045 56,085
000167153400046 47,667
000167153400040 48,236
000167153400041 50,910
000167153400042 61,915
000087687000041 34,905
000087687000040 34,160
000087687000045 35,697
000087687000044 39,969
000229638700050 54,642
000087687000043 47,307
000229638700051 63,616
000087687000042 51,485
000087687000049 49,184
000229638700052 77,006
000087687000048 59,182
000229638700053 55,016
000229638700054 46,521
000087687000047 54,109
000087687000046 44,693
000229638700055 60,499
000229638700056 71,425
000362838700037 58,696
000362838700036 70,239
000362838700035 51,433
000233121800039 45,659
000362838700034 55,173
000233121800037 10,942
000233121800038 39,906
000233121800035 41,761
000362838700039 54,599
000233121800036 54,709
000362838700038 54,121
000233121800033 28,281
000233121800034 43,160
000362838700033 52,206
000362838700032 55,001
000362838700031 64,783
000362838700045 60,692
000272623600047 74,623
000362838700040 65,841
000272623600048 15,452
000272623600049 62,693
000362838700044 58,521
000362838700043 61,726
000362838700042 59,573
000362838700041 53,875
000272623600060 68,332
000272623600061 63,401
000272623600062 60,547
000272623600050 48,832
000272623600051 55,805
000272623600052 60,458
000272623600053 46,229
000272623600054 46,131
000272623600055 40,745
000272623600056 54,937
000272623600057 36,899
000272623600058 65,033
000272623600059 53,392
000088581500043 65,834
000088581500042 48,896
000088581500041 62,137
000088581500040 61,213
000358218600055 73,372
000358218600054 68,217
000358218600057 63,022
000358218600056 60,286
000358218600051 61,638
000358218600050 50,177
000358218600053 57,091
000358218600052 76,647
000231849100059 79,240
000231849100060 65,798
000231849100048 69,529
000231849100049 67,089
000231849100055 45,088
000231849100056 60,083
000231849100057 53,791
000231849100058 88,161
000231849100051 64,857
000231849100052 66,185
000231849100053 67,951
000231849100054 53,471
000231849100050 60,745
000231849100039 38,320
000231849100044 72,212
000231849100045 54,733
000231849100046 51,235
000231849100047 58,813
000231849100040 36,541
000231849100041 37,874
000231849100042 40,281
000231849100043 42,919
000358218600044 58,156
000358218600043 58,678
000358218600046 49,587
000358218600045 57,088
000358218600040 47,019
000358218600042 67,523
000358218600041 46,377
000358218600048 58,946
000358218600047 41,931
000358218600049 56,235
000261340000038 70,179
000168187300047 40,005
000261340000037 55,852
000168187300046 57,098
000232660500034 66,731
000261340000036 67,518
000168187300049 40,334
000261340000035 61,028
000168187300048 64,431
000168187300043 52,853
000232660500037 58,873
000261340000034 73,344
000232660500038 64,529
000261340000033 58,421
000168187300042 44,109
000232660500035 66,491
000168187300045 39,747
000261340000032 65,469
000232660500036 59,540
000261340000031 64,650
000168187300044 48,917
000254836700044 69,086
000254836700043 69,144
000168187300041 49,954
000254836700042 65,674
000254836700041 59,740
000168187300040 45,361
000223761900050 63,340
000254836700048 56,335
000254836700047 59,216
000254836700046 68,377
000223761900052 37,495
000346383500051 64,255
000087270900050 53,727
000254836700045 43,367
000087270900051 49,151
000261340000039 75,598
000223761900051 59,249
000087270900041 61,186
000087270900042 51,296
000087270900043 44,043
000087270900044 47,999
000254836700040 48,630
000087270900045 50,178
000087270900046 47,985
000087270900047 44,622
000087270900048 52,683
000087270900049 53,558
000232660500039 69,485
000168187300036 62,758
000168187300035 48,905
000254836700039 53,606
000168187300038 41,522
000254836700038 57,732
000168187300037 49,720
000168187300034 40,588
000254836700033 11,757
000254836700032 50,406
000254836700037 49,629
000254836700036 51,415
000254836700035 56,164
000254836700034 45,820
000087270900052 52,849
000087270900053 67,294
000087270900054 62,194
000087270900055 37,236
000168187300039 46,152
000291156700048 77,350
000291156700047 92,487
000291156700044 57,894
000291156700043 89,386
000291156700046 65,969
000291156700045 67,702
000232660500051 55,119
000232660500052 7,693
000232660500050 71,576
000291156700040 63,579
000291156700042 77,821
000291156700041 64,650
000232660500044 58,525
000232660500045 71,690
000232660500042 88,226
000232660500043 58,660
000232660500048 59,919
000232660500049 75,319
000232660500046 66,516
000232660500047 74,697
000168187300050 6,286
000232660500040 63,331
000232660500041 60,135
000087270900040 35,937
000087270900039 41,567
000088581500029 49,755
000267802000049 63,839
000088581500021 10,200
000267802000047 51,500
000267802000048 63,460
000267802000045 59,192
000267802000046 50,106
000267802000043 50,327
000267802000044 57,334
000267802000041 44,790
000267802000042 54,910
000088581500020 9,672
000267802000040 51,203
000271712300040 61,808
000291156700037 70,830
000291156700036 69,677
000271712300042 57,632
000291156700039 78,232
000291156700038 89,297
000271712300041 57,399
000291156700035 67,319
000291156700034 78,447
000271712300043 62,606
000088581500035 61,984
000088581500034 41,579
000088581500033 62,704
000088581500032 43,963
000088581500039 61,095
000088581500038 47,998
000088581500037 55,899
000088581500036 46,132
000267802000052 53,605
000088581500031 46,224
000267802000050 50,631
000267802000051 66,597
000088581500030 42,587
000290996700041 57,584
000290996700040 54,345
000223761900039 59,387
000290996700045 56,159
000346383500039 73,843
000290996700044 47,198
000346383500037 63,781
000290996700043 52,691
000223761900038 11,797
000346383500038 82,168
000290996700042 55,177
000223761900037 35,851
000290996700049 59,720
000346383500035 59,658
000290996700048 59,177
000346383500036 69,054
000346383500033 46,407
000290996700047 70,417
000290996700046 63,479
000346383500034 55,907
000261340000047 78,396
000261340000046 66,373
000223761900047 47,274
000261340000045 68,442
000261340000044 82,363
000223761900046 46,485
000261340000043 90,487
000346383500048 78,235
000223761900049 44,690
000346383500049 73,243
000223761900048 50,685
000261340000042 86,843
000346383500046 76,419
000223761900043 48,731
000290996700038 45,532
000346383500047 95,047
000223761900042 48,264
000290996700037 47,515
000290996700036 56,949
000223761900045 60,318
000346383500044 88,051
000346383500045 99,075
000223761900044 57,349
000290996700035 48,470
000346383500042 69,245
000346383500043 79,743
000346383500040 78,839
000223761900041 51,714
000223761900040 55,915
000290996700039 45,560
000346383500041 82,430
000346383500050 73,497
000267802000038 49,603
000267802000039 42,220
000267802000036 15,889
000267802000037 35,880
000267802000035 46,499
000261340000041 70,019
000261340000040 76,435
000301531600042 49,978
000301531600041 58,684
000301531600040 61,046
000301531600049 61,245
000301531600048 57,675
000301531600047 71,817
000301531600046 47,705
000301531600045 52,990
000301531600044 65,172
000301531600043 49,587
000301531600053 62,326
000301531600052 54,888
000301531600051 56,404
000301531600050 61,977
000301531600055 56,497
000301531600054 56,784
000241523400054 59,223
000241523400055 97,796
000241523400052 69,233
000241523400053 56,284
000241523400058 65,185
000241523400056 63,902
000241523400057 71,825
000241523400050 60,126
000241523400051 56,730
000241523400049 56,403
000241523400044 57,812
000241523400041 14,151
000241523400047 64,265
000241523400048 55,696
000241523400045 56,031
000241523400046 73,445
000233121800048 43,389
000277311900032 74,694
000277311900031 70,863
000233121800049 55,133
000277311900030 59,485
000233121800046 55,897
000233121800047 55,195
000233121800044 55,767
000277311900036 78,500
000277311900035 61,677
000233121800045 58,477
000277311900034 86,079
000233121800042 44,277
000233121800043 60,128
000277311900033 71,402
000233121800040 45,185
000277311900039 79,301
000233121800041 44,589
000277311900038 76,936
000277311900037 61,293
000277311900029 52,146
000277311900028 55,669
000233121800050 53,012
000181669700035 45,214
000181669700036 13,845
000181669700037 42,977
000181669700038 44,379
000181669700039 48,451
000277311900042 88,633
000277311900041 97,949
000277311900040 76,766
000301531600039 15,867
000301531600038 40,980
000285344600039 72,024
000285344600037 47,733
000285344600038 55,591
000182561600033 58,455
000182561600032 53,067
000182561600031 14,290
000182561600030 12,188
000181669700044 38,701
000181669700045 54,110
000182561600039 78,384
000181669700046 46,341
000182561600038 53,567
000181669700047 58,141
000181669700048 46,669
000182561600037 67,628
000181669700049 48,156
000182561600036 61,482
000182561600035 49,302
000182561600034 63,981
000181669700040 66,671
000181669700041 50,634
000181669700042 62,805
000181669700043 56,968
000346484800051 73,066
000346484800050 78,131
000346484800048 76,960
000346484800047 81,635
000346484800046 77,439
000346484800045 94,118
000346484800044 78,608
000346484800043 69,321
000285344600050 81,972
000346484800042 67,943
000285344600051 68,569
000346484800041 71,160
000285344600052 59,030
000346484800049 78,212
000285344600046 74,047
000285344600047 52,294
000285344600048 83,093
000285344600049 107,711
000285344600042 71,335
000285344600043 76,016
000285344600044 50,400
000346484800056 68,987
000285344600045 87,262
000346484800055 72,440
000346484800054 60,789
000285344600040 68,042
000346484800053 67,338
000285344600041 66,933
000346484800052 80,776
000347918900036 56,467
000347918900037 58,787
000347918900038 52,382
000347918900039 63,999
000347918900035 55,449
000347918900047 71,334
000346484800040 70,574
000347918900048 64,509
000347918900043 62,709
000347918900044 61,760
000347918900045 60,599
000347918900046 72,651
000346484800037 68,527
000346484800036 54,157
000347918900040 47,679
000347918900041 50,420
000347918900042 48,283
000346484800039 68,434
000346484800038 57,335
000265182500048 71,126
000265182500047 63,103
000265182500049 84,104
000182561600044 73,568
000265182500044 55,238
000182561600043 73,365
000265182500043 55,334
000265182500046 83,301
000182561600042 70,443
000265182500045 80,457
000182561600041 60,804
000182561600040 61,787
000265182500040 68,556
000265182500042 73,905
000265182500041 91,220
000182561600045 68,805
000265182500037 62,859
000265182500036 62,648
000265182500039 71,870
000265182500038 58,089
000265182500035 62,446
000265182500034 42,199
000362098300049 47,121
000362098300048 51,248
000362098300047 70,499
000362098300046 66,641
000362098300045 51,896
000362098300044 67,857
000362098300043 51,594
000289991100039 45,841
000362098300053 48,274
000362098300052 48,223
000362098300051 53,791
000362098300050 52,334
000362098300056 66,108
000362098300055 68,269
000362098300054 60,446
000289991100050 52,151
000289991100051 63,807
000271712300031 59,627
000289991100052 63,192
000271712300030 67,071
000289991100053 49,829
000289991100054 62,183
000267338200040 60,010
000271712300037 55,624
000271712300036 42,455
000271712300039 58,138
000271712300038 49,135
000271712300033 57,660
000271712300032 50,038
000271712300035 61,637
000271712300034 56,621
000270599500040 68,182
000268493000041 15,347
000270599500042 59,682
000270599500041 47,596
000270599500044 58,846
000271712300029 58,940
000270599500043 54,793
000270599500045 57,858
000268493000048 57,627
000267338200043 37,524
000267338200044 62,276
000268493000049 67,312
000267338200041 60,111
000268493000046 55,250
000268493000047 44,117
000267338200042 65,792
000267338200047 59,003
000268493000044 54,815
000268493000045 51,450
000267338200045 58,190
000268493000042 55,964
000268493000043 63,104
000267338200046 50,426
000289991100040 54,514
000289991100041 58,954
000289991100042 52,904
000289991100043 54,512
000289991100044 67,377
000289991100045 48,861
000289991100046 55,326
000271712300026 12,193
000271712300025 44,706
000271712300028 57,846
000271712300027 61,467
000268493000051 56,899
000268493000052 50,249
000267338200038 58,574
000267338200039 50,166
000268493000050 65,492
000270599500033 50,672
000270599500032 9,529
000270599500035 42,167
000270599500034 52,707
000270599500037 65,137
000289991100047 38,606
000267338200032 57,311
000289991100048 47,534
000270599500036 53,448
000267338200033 55,690
000270599500039 52,152
000267338200030 38,891
000289991100049 69,551
000270599500038 38,024
000267338200031 12,830
000267338200036 49,888
000267338200037 47,804
000267338200034 46,086
000268493000053 56,132
000268493000054 51,040
000267338200035 54,617
000267338200029 41,572
000267338200027 48,416
000267338200028 41,308
000256441100040 56,925
000258398600040 86,129
000256441100042 44,752
000256441100041 37,341
000256441100044 61,824
000258398600041 76,608
000256441100043 54,261
000256441100046 45,165
000256441100045 75,765
000256441100048 56,191
000256441100047 54,406
000256441100049 47,217
000258398600035 66,442
000258398600034 71,564
000258398600037 67,158
000258398600036 47,220
000258398600039 69,049
000258398600038 72,580
000258398600031 64,001
000258398600030 72,643
000230964500052 79,627
000258398600033 71,741
000256441100035 12,413
000258398600032 73,594
000256441100034 39,635
000230964500050 75,005
000256441100037 45,090
000256441100036 53,492
000230964500051 57,923
000256441100039 50,139
000256441100038 57,537
000258398600026 42,514
000258398600028 56,482
000258398600027 76,175
000230964500049 71,865
000258398600029 54,680
000230964500047 62,663
000230964500048 94,522
000230964500045 62,234
000230964500046 64,294
000230964500043 67,069
000230964500044 54,338
000230964500041 60,315
000230964500042 75,487
000230964500040 57,963
000230964500038 69,751
000230964500039 68,015
000230964500036 51,209
000230964500037 60,765
000230964500034 74,529
000230964500035 55,476
000230964500032 38,955
000230964500033 51,002
000230964500031 15,319
000335157700043 51,010
000254792500045 75,697
000254792500044 79,803
000335157700044 50,166
000254792500043 69,934
000335157700041 41,562
000254792500042 63,885
000335157700042 69,418
000254792500049 72,714
000335157700040 44,751
000254792500048 62,471
000254792500047 68,385
000254792500046 83,177
000335157700047 51,795
000254792500041 77,310
000254792500040 59,988
000335157700045 52,351
000335157700046 61,722
000254792500039 63,983
000335157700033 43,608
000254792500038 57,406
000254792500037 62,801
000335157700038 57,463
000335157700039 48,521
000335157700036 46,587
000335157700037 57,932
000335157700034 65,815
000335157700035 43,933
000256059800040 61,376
000256059800041 58,705
000256059800042 40,007
000256059800047 50,340
000256059800048 70,077
000256059800049 71,554
000256059800043 68,649
000256059800044 48,150
000256059800045 62,239
000256059800046 57,806
000256059800050 74,659
000254792500050 79,178
000256059800036 11,298
000256059800037 51,025
000256059800038 66,091
000256059800039 35,633
000256059800033 44,538
000256059800034 45,592
000256059800035 47,135
000263680100036 68,760
000263680100035 52,815
000263680100038 70,474
000263680100037 57,739
000263680100039 78,461
000263680100034 52,671
000263680100033 49,191
000263680100047 52,603
000263680100046 74,505
000263680100048 91,632
000263680100041 74,997
000263680100040 78,992
000263680100043 67,144
000263680100042 71,689
000263680100045 52,702
000263680100044 63,538
000309215400041 48,759
000309215400040 45,118
000309215400045 60,226
000309215400044 65,877
000309215400043 60,347
000309215400042 60,529
000309215400049 75,643
000309215400048 61,215
000309215400047 62,454
000309215400046 61,165
000233437300039 40,970
000233437300038 54,363
000168021900065 15,284
000168021900066 11,423
000233437300033 50,810
000233437300032 28,318
000233437300035 43,496
000233437300034 38,190
000233437300037 36,989
000233437300036 12,088
000309215400052 64,821
000309215400051 51,630
000309215400050 63,848
000168021900061 62,091
000168021900062 79,316
000168021900060 80,941
000309215400053 65,883
000298846200049 49,508
000298846200046 12,127
000298846200047 56,960
000298846200048 48,912
000168021900054 52,242
000168021900055 56,817
000168021900052 71,026
000168021900053 56,565
000168021900058 73,235
000168021900059 73,028
000168021900056 64,974
000168021900057 83,013
000168021900050 57,503
000168021900051 79,544
000168021900049 77,297
000168021900043 13,075
000168021900044 40,566
000168021900041 15,678
000168021900042 11,132
000168021900047 59,813
000168021900048 62,193
000168021900045 57,425
000168021900046 56,185
000168021900040 13,318
000233437300040 60,062
000233437300049 52,556
000168021900039 23,088
000233437300042 47,820
000233437300041 43,422
000233437300044 61,597
000168021900030 21,616
000233437300043 61,589
000168021900031 7,009
000233437300046 64,724
000233437300045 65,434
000233437300048 61,812
000233437300047 44,302
000226252200032 55,633
000226252200033 71,471
000226252200030 62,506
000226252200031 56,686
000166993400027 14,045
000166993400026 12,681
000226252200038 64,104
000166993400025 9,748
000226252200039 67,117
000166993400024 13,451
000226252200036 46,259
000226252200037 70,253
000226252200034 67,701
000166993400029 7,361
000226252200035 68,174
000166993400028 10,586
000166993400023 14,934
000166993400022 12,169
000226117100024 15,204
000226117100028 62,614
000226117100029 58,454
000226252200029 41,787
000226252200028 52,473
000226117100040 78,400
000166993400041 77,957
000323933100039 45,012
000166993400040 64,259
000323933100037 44,587
000323933100038 54,769
000298846200056 64,272
000298846200057 68,376
000298846200058 50,261
000298846200059 57,726
000166993400042 10,476
000298846200052 51,625
000298846200053 57,169
000298846200054 55,468
000298846200055 49,390
000323933100035 47,246
000323933100036 51,203
000298846200050 64,103
000323933100034 64,670
000298846200051 49,211
000226252200041 64,907
000226117100030 58,467
000226252200040 70,235
000226117100031 56,011
000226117100032 62,163
000309215400038 53,016
000166993400038 46,235
000309215400037 10,381
000166993400037 40,447
000166993400036 39,709
000309215400036 50,662
000309215400039 53,219
000166993400039 54,870
000166993400030 9,631
000323933100048 63,216
000166993400031 14,396
000323933100042 82,975
000226117100033 69,702
000323933100043 51,417
000226117100034 62,560
000226117100035 56,107
000323933100040 45,679
000226117100036 61,225
000323933100041 45,420
000323933100046 46,427
000226117100037 66,028
000298846200060 48,165
000226117100038 76,958
000323933100047 58,997
000226117100039 58,788
000323933100044 49,118
000298846200061 77,687
000298846200062 62,957
000323933100045 56,229
